start,end,klys,source,corroborate,corr_anomaly_list
2020-11-02 00:12:11.342445056+00:00,2020-11-02 00:12:17.642445056+00:00,KLYS:LI21:81,AMM,Reinforced,"[KLYS:LI21:81 (AMM, AMPL)]"
2020-11-02 00:22:42.343119104+00:00,2020-11-02 00:22:48.643119104+00:00,KLYS:LI21:81,AMM,Reinforced,"[KLYS:LI21:81 (AMM, AMPL)]"
2020-11-02 00:33:17.745093120+00:00,2020-11-02 00:33:24.045093120+00:00,KLYS:LI29:11,AMM,Reinforced,"[KLYS:LI29:11 (AMM, AMPL)]"
2020-11-02 00:50:05.576563200+00:00,2020-11-02 00:50:11.876563200+00:00,KLYS:LI28:11,AMM,Reinforced,"[KLYS:LI28:11 (AMM, AMPL)]"
2020-11-02 00:51:59.694109952+00:00,2020-11-02 00:52:05.994109952+00:00,KLYS:LI30:11,AMM,Reinforced,"[KLYS:LI30:11 (AMM, AMPL)]"
2020-11-02 01:37:35.577400064+00:00,2020-11-02 01:37:41.877400064+00:00,KLYS:LI28:51,AMM,Disagree,"[KLYS:LI20:81 (AMPL), KLYS:LI28:51 (AMM, AMPL), KLYS:LI29:11 (AMPL), KLYS:LI29:21 (AMPL), KLYS:LI29:31 (AMPL), KLYS:LI29:41 (AMPL), KLYS:LI29:51 (AMPL), KLYS:LI29:61 (AMPL), KLYS:LI29:71 (AMPL), KLYS:LI29:81 (AMPL)]"
2020-11-02 01:40:08.470637056+00:00,2020-11-02 01:40:14.770637056+00:00,KLYS:LI22:11,AMM,Disagree,"[KLYS:LI20:81 (AMPL), KLYS:LI22:11 (AMM, AMPL), KLYS:LI24:11 (AMPL)]"
2020-11-02 01:52:04.577764608+00:00,2020-11-02 01:52:10.877764608+00:00,KLYS:LI28:81,AMM,Reinforced,"[KLYS:LI28:81 (AMM, AMPL)]"
2020-11-02 01:56:30.342761216+00:00,2020-11-02 01:56:36.642761216+00:00,KLYS:LI21:81,AMM,Missing,
2020-11-02 01:57:24.071492608+00:00,2020-11-02 01:57:30.371492608+00:00,KLYS:LI24:51,AMM,Disagree,"[KLYS:LI21:11 (AMPL), KLYS:LI21:21 (AMPL), KLYS:LI24:11 (AMPL), KLYS:LI24:51 (AMM)]"
2020-11-02 04:13:04.342615040+00:00,2020-11-02 04:13:10.642615040+00:00,KLYS:LI21:81,AMM,Reinforced,"[KLYS:LI21:81 (AMM, AMPL)]"
2020-11-02 06:47:18.745316096+00:00,2020-11-02 06:47:25.045316096+00:00,KLYS:LI29:21,AMM,Reinforced,"[KLYS:LI29:21 (AMM, AMPL)]"
2020-11-02 07:09:38.342248448+00:00,2020-11-02 07:09:44.642248448+00:00,KLYS:LI21:61,AMM,Reinforced,"[KLYS:LI21:61 (AMM, AMPL)]"
2020-11-02 07:10:29.471632128+00:00,2020-11-02 07:10:35.771632128+00:00,KLYS:LI22:71,AMM,Missing,
2020-11-02 07:12:54.471543296+00:00,2020-11-02 07:13:00.771543296+00:00,KLYS:LI22:71,AMM,Missing,
2020-11-02 07:13:09.471549184+00:00,2020-11-02 07:13:15.771549184+00:00,KLYS:LI22:71,AMM,Missing,
2020-11-02 07:13:19.471967232+00:00,2020-11-02 07:13:25.771967232+00:00,KLYS:LI22:71,AMM,Missing,
2020-11-02 07:17:38.342622720+00:00,2020-11-02 07:17:44.642622720+00:00,KLYS:LI21:81,AMM,Reinforced,"[KLYS:LI21:81 (AMM, AMPL)]"
2020-11-02 07:27:30.694507264+00:00,2020-11-02 07:27:36.994507264+00:00,KLYS:LI30:31,AMM,Reinforced,"[KLYS:LI30:31 (AMM, AMPL)]"
2020-11-02 07:33:43.342859776+00:00,2020-11-02 07:33:49.642859776+00:00,KLYS:LI21:81,AMM,Reinforced,"[KLYS:LI21:81 (AMM, AMPL)]"
2020-11-02 07:53:33.471588096+00:00,2020-11-02 07:53:39.771588096+00:00,KLYS:LI22:71,AMM,Missing,
2020-11-02 07:54:03.471631872+00:00,2020-11-02 07:54:09.771631872+00:00,KLYS:LI22:71,AMM,Missing,
2020-11-02 07:56:31.576455168+00:00,2020-11-02 07:56:37.876455168+00:00,KLYS:LI28:11,AMM,Reinforced,"[KLYS:LI28:11 (AMM, AMPL)]"
2020-11-02 08:01:58.342471936+00:00,2020-11-02 08:02:04.642471936+00:00,KLYS:LI21:81,AMM,Reinforced,"[KLYS:LI21:81 (AMM, AMPL)]"
2020-11-02 08:28:18.342509056+00:00,2020-11-02 08:28:24.642509056+00:00,KLYS:LI21:81,AMM,Reinforced,"[KLYS:LI21:81 (AMM, AMPL)]"
2020-11-02 08:41:05.576946944+00:00,2020-11-02 08:41:11.876946944+00:00,KLYS:LI28:41,AMM,Reinforced,"[KLYS:LI28:41 (AMM, AMPL)]"
2020-11-02 08:44:08.343201280+00:00,2020-11-02 08:44:14.643201280+00:00,KLYS:LI21:81,AMM,Reinforced,"[KLYS:LI21:81 (AMM, AMPL)]"
2020-11-02 08:46:23.342565632+00:00,2020-11-02 08:46:29.642565632+00:00,KLYS:LI21:41,AMM,Disagree,"[KLYS:LI20:81 (AMPL), KLYS:LI21:21 (AMPL), KLYS:LI21:41 (AMM, AMPL), KLYS:LI24:11 (AMPL), KLYS:LI29:11 (AMPL), KLYS:LI29:21 (AMPL), KLYS:LI29:31 (AMPL), KLYS:LI29:41 (AMPL), KLYS:LI29:51 (AMPL), KLYS:LI29:61 (AMPL), KLYS:LI29:71 (AMPL), KLYS:LI29:81 (AMPL)]"
2020-11-02 09:14:07.471422208+00:00,2020-11-02 09:14:13.771422208+00:00,KLYS:LI22:71,AMM,Missing,
2020-11-02 09:33:00.576521728+00:00,2020-11-02 09:33:06.876521728+00:00,KLYS:LI28:11,AMM,Reinforced,"[KLYS:LI28:11 (AMM, AMPL)]"
2020-11-02 09:46:37.342591488+00:00,2020-11-02 09:46:43.642591488+00:00,KLYS:LI21:81,AMM,Reinforced,"[KLYS:LI21:81 (AMM, AMPL)]"
2020-11-02 09:52:12.471360512+00:00,2020-11-02 09:52:18.771360512+00:00,KLYS:LI22:71,AMM,Missing,
2020-11-02 09:59:22.471553024+00:00,2020-11-02 09:59:28.771553024+00:00,KLYS:LI22:71,AMM,Missing,
2020-11-02 10:00:49.576487168+00:00,2020-11-02 10:00:55.876487168+00:00,KLYS:LI28:11,AMM,Reinforced,"[KLYS:LI28:11 (AMM, AMPL)]"
2020-11-02 10:11:54.576420352+00:00,2020-11-02 10:12:00.876420352+00:00,KLYS:LI28:11,AMM,Reinforced,"[KLYS:LI28:11 (AMM, AMPL)]"
2020-11-02 23:46:55.870802944+00:00,2020-11-02 23:47:02.170802944+00:00,KLYS:LI23:61,AMM,Reinforced,"[KLYS:LI23:61 (AMM, AMPL)]"
2020-11-03 00:23:22.471682304+00:00,2020-11-03 00:23:28.771682304+00:00,KLYS:LI22:71,AMM,Reinforced,"[KLYS:LI22:71 (AMM, AMPL)]"
2020-11-03 01:30:02.341918720+00:00,2020-11-03 01:30:08.641918720+00:00,KLYS:LI21:41,AMM,Disagree,"[KLYS:LI21:41 (AMM, AMPL), KLYS:LI24:11 (AMPL)]"
2020-11-03 02:27:40.745548800+00:00,2020-11-03 02:27:47.045548800+00:00,KLYS:LI29:51,AMM,Reinforced,"[KLYS:LI29:51 (AMM, AMPL)]"
2020-11-03 03:54:04.745520384+00:00,2020-11-03 03:54:11.045520384+00:00,KLYS:LI29:31,AMM,Reinforced,"[KLYS:LI29:31 (AMM, AMPL)]"
2020-11-03 03:56:14.745298688+00:00,2020-11-03 03:56:21.045298688+00:00,KLYS:LI29:31,AMM,Missing,
2020-11-03 04:07:02.869959168+00:00,2020-11-03 04:07:09.169959168+00:00,KLYS:LI23:11,AMM,Disagree,"[KLYS:LI23:11 (AMM, AMPL), KLYS:LI24:11 (AMPL), KLYS:LI24:31 (AMPL)]"
2020-11-03 04:17:29.745802240+00:00,2020-11-03 04:17:36.045802240+00:00,KLYS:LI29:41,AMM,Disagree,"[KLYS:LI20:81 (AMPL), KLYS:LI21:11 (AMPL), KLYS:LI21:21 (AMPL), KLYS:LI24:11 (AMPL), KLYS:LI29:11 (AMPL), KLYS:LI29:21 (AMPL), KLYS:LI29:31 (AMPL), KLYS:LI29:41 (AMM, AMPL), KLYS:LI29:51 (AMPL), KLYS:LI29:61 (AMPL), KLYS:LI29:71 (AMPL), KLYS:LI29:81 (AMPL)]"
2020-11-03 04:50:01.870279936+00:00,2020-11-03 04:50:08.170279936+00:00,KLYS:LI23:21,AMM,Missing,
2020-11-03 04:50:37.870280192+00:00,2020-11-03 04:50:44.170280192+00:00,KLYS:LI23:21,AMM,Missing,
2020-11-03 04:50:46.870232832+00:00,2020-11-03 04:50:53.170232832+00:00,KLYS:LI23:21,AMM,Missing,
2020-11-03 04:50:56.870334976+00:00,2020-11-03 04:51:03.170334976+00:00,KLYS:LI23:21,AMM,Missing,
2020-11-03 04:51:41.870191616+00:00,2020-11-03 04:51:48.170191616+00:00,KLYS:LI23:21,AMM,Missing,
2020-11-03 04:53:01.870036992+00:00,2020-11-03 04:53:08.170036992+00:00,KLYS:LI23:21,AMM,Missing,
2020-11-03 04:57:32.870064384+00:00,2020-11-03 04:57:39.170064384+00:00,KLYS:LI23:21,AMM,Missing,
2020-11-03 04:57:52.870026240+00:00,2020-11-03 04:57:59.170026240+00:00,KLYS:LI23:21,AMM,Missing,
2020-11-03 04:58:22.870061568+00:00,2020-11-03 04:58:29.170061568+00:00,KLYS:LI23:21,AMM,Missing,
2020-11-03 06:56:27.576599296+00:00,2020-11-03 06:56:33.876599296+00:00,KLYS:LI28:11,AMM,Reinforced,"[KLYS:LI28:11 (AMM, AMPL)]"
2020-11-03 07:05:52.576573696+00:00,2020-11-03 07:05:58.876573696+00:00,KLYS:LI28:11,AMM,Reinforced,"[KLYS:LI28:11 (AMM, AMPL)]"
2020-11-03 07:22:07.745020160+00:00,2020-11-03 07:22:14.045020160+00:00,KLYS:LI29:11,AMM,Reinforced,"[KLYS:LI29:11 (AMM, AMPL)]"
2020-11-03 07:31:12.576480256+00:00,2020-11-03 07:31:18.876480256+00:00,KLYS:LI28:11,AMM,Reinforced,"[KLYS:LI28:11 (AMM, AMPL)]"
2020-11-03 07:35:05.955684096+00:00,2020-11-03 07:35:12.255684096+00:00,KLYS:LI27:71,AMM,Reinforced,"[KLYS:LI27:71 (AMM, AMPL)]"
2020-11-03 07:38:57.576563456+00:00,2020-11-03 07:39:03.876563456+00:00,KLYS:LI28:11,AMM,Reinforced,"[KLYS:LI28:11 (AMM, AMPL)]"
2020-11-03 07:39:07.576538880+00:00,2020-11-03 07:39:13.876538880+00:00,KLYS:LI28:11,AMM,Reinforced,"[KLYS:LI28:11 (AMM, AMPL)]"
2020-11-03 08:25:17.576594176+00:00,2020-11-03 08:25:23.876594176+00:00,KLYS:LI28:11,AMM,Missing,
2020-11-03 08:31:34.342692608+00:00,2020-11-03 08:31:40.642692608+00:00,KLYS:LI21:61,AMM,Reinforced,"[KLYS:LI21:61 (AMM, AMPL)]"
2020-11-03 08:36:13.342425856+00:00,2020-11-03 08:36:19.642425856+00:00,KLYS:LI21:61,AMM,Disagree,"[KLYS:LI20:81 (AMPL), KLYS:LI21:11 (AMPL), KLYS:LI21:61 (AMM, AMPL), KLYS:LI28:31 (AMPL)]"
2020-11-03 08:44:51.745496576+00:00,2020-11-03 08:44:58.045496576+00:00,KLYS:LI29:41,AMM,Disagree,"[KLYS:LI21:21 (AMPL), KLYS:LI29:11 (AMPL), KLYS:LI29:21 (AMPL), KLYS:LI29:31 (AMPL), KLYS:LI29:41 (AMM, AMPL), KLYS:LI29:51 (AMPL), KLYS:LI29:71 (AMPL)]"
2020-11-03 09:00:36.745375232+00:00,2020-11-03 09:00:43.045375232+00:00,KLYS:LI29:31,AMM,Reinforced,"[KLYS:LI29:31 (AMM, AMPL)]"
2020-11-03 09:36:35.745498368+00:00,2020-11-03 09:36:42.045498368+00:00,KLYS:LI29:41,AMM,Missing,
2020-11-03 10:16:10.576552448+00:00,2020-11-03 10:16:16.876552448+00:00,KLYS:LI28:11,AMM,Reinforced,"[KLYS:LI28:11 (AMM, AMPL)]"
2020-11-03 11:01:11.471526912+00:00,2020-11-03 11:01:17.771526912+00:00,KLYS:LI22:81,AMM,Reinforced,"[KLYS:LI22:81 (AMM, AMPL)]"
2020-11-03 11:38:07.071664384+00:00,2020-11-03 11:38:13.371664384+00:00,KLYS:LI24:51,AMM,Reinforced,"[KLYS:LI24:51 (AMM, AMPL)]"
2020-11-03 12:30:21.071418112+00:00,2020-11-03 12:30:27.371418112+00:00,KLYS:LI24:51,AMM,Reinforced,"[KLYS:LI24:51 (AMM, AMPL)]"
2020-11-03 13:33:29.744905216+00:00,2020-11-03 13:33:36.044905216+00:00,KLYS:LI29:11,AMM,Reinforced,"[KLYS:LI29:11 (AMM, AMPL)]"
2020-11-03 13:55:14.471361024+00:00,2020-11-03 13:55:20.771361024+00:00,KLYS:LI22:71,AMM,Missing,
2020-11-03 13:55:58.471362048+00:00,2020-11-03 13:56:04.771362048+00:00,KLYS:LI22:71,AMM,Missing,
2020-11-03 13:56:14.471622144+00:00,2020-11-03 13:56:20.771622144+00:00,KLYS:LI22:71,AMM,Missing,
2020-11-03 13:56:43.471309824+00:00,2020-11-03 13:56:49.771309824+00:00,KLYS:LI22:71,AMM,Missing,
2020-11-03 13:57:13.471688192+00:00,2020-11-03 13:57:19.771688192+00:00,KLYS:LI22:71,AMM,Missing,
2020-11-03 13:58:43.471486464+00:00,2020-11-03 13:58:49.771486464+00:00,KLYS:LI22:71,AMM,Missing,
2020-11-03 14:02:03.471591424+00:00,2020-11-03 14:02:09.771591424+00:00,KLYS:LI22:71,AMM,Missing,
2020-11-03 14:02:28.471414784+00:00,2020-11-03 14:02:34.771414784+00:00,KLYS:LI22:71,AMM,Missing,
2020-11-03 14:02:38.471256832+00:00,2020-11-03 14:02:44.771256832+00:00,KLYS:LI22:71,AMM,Missing,
2020-11-03 14:03:38.471162880+00:00,2020-11-03 14:03:44.771162880+00:00,KLYS:LI22:71,AMM,Missing,
2020-11-03 14:28:48.694332416+00:00,2020-11-03 14:28:54.994332416+00:00,KLYS:LI30:31,AMM,Reinforced,"[KLYS:LI30:31 (AMM, AMPL)]"
2020-11-03 14:54:47.576510976+00:00,2020-11-03 14:54:53.876510976+00:00,KLYS:LI28:11,AMM,Reinforced,"[KLYS:LI28:11 (AMM, AMPL)]"
2020-11-03 15:14:44.745113344+00:00,2020-11-03 15:14:51.045113344+00:00,KLYS:LI29:21,AMM,Reinforced,"[KLYS:LI29:21 (AMM, AMPL)]"
2020-11-03 15:36:52.342584320+00:00,2020-11-03 15:36:58.642584320+00:00,KLYS:LI21:81,AMM,Reinforced,"[KLYS:LI21:81 (AMM, AMPL)]"
2020-11-03 15:52:52.342899456+00:00,2020-11-03 15:52:58.642899456+00:00,KLYS:LI21:81,AMM,Reinforced,"[KLYS:LI21:81 (AMM, AMPL)]"
2020-11-03 16:01:26.576523264+00:00,2020-11-03 16:01:32.876523264+00:00,KLYS:LI28:11,AMM,Reinforced,"[KLYS:LI28:11 (AMM, AMPL)]"
2020-11-03 16:06:27.342749184+00:00,2020-11-03 16:06:33.642749184+00:00,KLYS:LI21:81,AMM,Missing,
2020-11-03 16:09:31.576478720+00:00,2020-11-03 16:09:37.876478720+00:00,KLYS:LI28:11,AMM,Reinforced,"[KLYS:LI28:11 (AMM, AMPL)]"
2020-11-03 16:15:48.955037440+00:00,2020-11-03 16:15:55.255037440+00:00,KLYS:LI27:41,AMM,Missing,
2020-11-03 16:27:56.695280384+00:00,2020-11-03 16:28:02.995280384+00:00,KLYS:LI30:81,AMM,Reinforced,"[KLYS:LI30:81 (AMM, AMPL)]"
2020-11-03 16:32:22.343547648+00:00,2020-11-03 16:32:28.643547648+00:00,KLYS:LI21:81,AMM,Reinforced,"[KLYS:LI21:81 (AMM, AMPL)]"
2020-11-03 16:44:24.745566464+00:00,2020-11-03 16:44:31.045566464+00:00,KLYS:LI29:41,AMM,Disagree,"[KLYS:LI21:11 (AMPL), KLYS:LI21:21 (AMPL), KLYS:LI29:41 (AMM)]"
2020-11-03 16:52:42.342504704+00:00,2020-11-03 16:52:48.642504704+00:00,KLYS:LI21:81,AMM,Reinforced,"[KLYS:LI21:81 (AMM, AMPL)]"
2020-11-03 21:52:29.342716672+00:00,2020-11-03 21:52:35.642716672+00:00,KLYS:LI21:81,AMM,Reinforced,"[KLYS:LI21:81 (AMM, AMPL)]"
2020-11-03 21:59:27.576420864+00:00,2020-11-03 21:59:33.876420864+00:00,KLYS:LI28:11,AMM,Reinforced,"[KLYS:LI28:11 (AMM, AMPL)]"
2020-11-03 22:00:02.576465920+00:00,2020-11-03 22:00:08.876465920+00:00,KLYS:LI28:11,AMM,Missing,
2020-11-03 22:01:30.342732544+00:00,2020-11-03 22:01:36.642732544+00:00,KLYS:LI21:81,AMM,Reinforced,"[KLYS:LI21:81 (AMM, AMPL)]"
2020-11-03 22:08:31.745502976+00:00,2020-11-03 22:08:38.045502976+00:00,KLYS:LI29:51,AMM,Disagree,"[KLYS:LI21:11 (AMPL), KLYS:LI29:51 (AMM)]"
2020-11-03 22:09:54.342643456+00:00,2020-11-03 22:10:00.642643456+00:00,KLYS:LI21:81,AMM,Reinforced,"[KLYS:LI21:81 (AMM, AMPL)]"
2020-11-04 00:03:49.745710592+00:00,2020-11-04 00:03:56.045710592+00:00,KLYS:LI29:51,AMM,Reinforced,"[KLYS:LI29:51 (AMM, AMPL)]"
2020-11-04 00:05:14.745563648+00:00,2020-11-04 00:05:21.045563648+00:00,KLYS:LI29:51,AMM,Missing,
2020-11-04 00:56:33.745669632+00:00,2020-11-04 00:56:40.045669632+00:00,KLYS:LI29:51,AMM,Reinforced,"[KLYS:LI29:51 (AMM, AMPL)]"
2020-11-04 01:11:18.745960448+00:00,2020-11-04 01:11:25.045960448+00:00,KLYS:LI29:51,AMM,Reinforced,"[KLYS:LI29:51 (AMM, AMPL)]"
2020-11-04 01:57:58.745927936+00:00,2020-11-04 01:58:05.045927936+00:00,KLYS:LI29:51,AMM,Reinforced,"[KLYS:LI29:51 (AMM, AMPL)]"
2020-11-04 02:26:22.745809408+00:00,2020-11-04 02:26:29.045809408+00:00,KLYS:LI29:51,AMM,Reinforced,"[KLYS:LI29:51 (AMM, AMPL)]"
2020-11-04 03:22:13.955244544+00:00,2020-11-04 03:22:20.255244544+00:00,KLYS:LI27:51,AMM,Missing,
2020-11-04 03:57:39.694284032+00:00,2020-11-04 03:57:45.994284032+00:00,KLYS:LI30:31,AMM,Reinforced,"[KLYS:LI30:31 (AMM, AMPL)]"
2020-11-04 04:05:06.745720832+00:00,2020-11-04 04:05:13.045720832+00:00,KLYS:LI29:41,AMM,Disagree,"[KLYS:LI21:21 (AMPL), KLYS:LI24:11 (AMPL), KLYS:LI29:11 (AMPL), KLYS:LI29:21 (AMPL), KLYS:LI29:31 (AMPL), KLYS:LI29:41 (AMM, AMPL), KLYS:LI29:61 (AMPL), KLYS:LI29:71 (AMPL)]"
2020-11-04 04:44:41.745201920+00:00,2020-11-04 04:44:48.045201920+00:00,KLYS:LI29:11,AMM,Reinforced,"[KLYS:LI29:11 (AMM, AMPL)]"
2020-11-04 05:03:24.694456064+00:00,2020-11-04 05:03:30.994456064+00:00,KLYS:LI30:31,AMM,Reinforced,"[KLYS:LI30:31 (AMM, AMPL)]"
2020-11-04 07:21:21.576925184+00:00,2020-11-04 07:21:27.876925184+00:00,KLYS:LI28:41,AMM,Disagree,"[KLYS:LI20:81 (AMPL), KLYS:LI21:21 (AMPL), KLYS:LI24:11 (AMPL), KLYS:LI24:31 (AMPL), KLYS:LI28:41 (AMM, AMPL)]"
2020-11-04 07:35:36.576885760+00:00,2020-11-04 07:35:42.876885760+00:00,KLYS:LI28:31,AMM,Reinforced,"[KLYS:LI28:31 (AMM, AMPL)]"
2020-11-04 08:34:43.342700544+00:00,2020-11-04 08:34:49.642700544+00:00,KLYS:LI21:61,AMM,Reinforced,"[KLYS:LI21:61 (AMM, AMPL)]"
2020-11-04 08:45:18.343029760+00:00,2020-11-04 08:45:24.643029760+00:00,KLYS:LI21:71,AMM,Disagree,"[KLYS:LI20:81 (AMPL), KLYS:LI21:21 (AMPL), KLYS:LI21:71 (AMM, AMPL), KLYS:LI23:21 (AMPL), KLYS:LI24:11 (AMPL), KLYS:LI29:11 (AMPL), KLYS:LI29:21 (AMPL), KLYS:LI29:31 (AMPL), KLYS:LI29:41 (AMPL), KLYS:LI29:61 (AMPL), KLYS:LI29:71 (AMPL), KLYS:LI30:51 (AMPL)]"
2020-11-04 09:04:31.471600640+00:00,2020-11-04 09:04:37.771600640+00:00,KLYS:LI22:71,AMM,Reinforced,"[KLYS:LI22:71 (AMM, AMPL)]"
2020-11-04 09:22:55.577467904+00:00,2020-11-04 09:23:01.877467904+00:00,KLYS:LI28:81,AMM,Reinforced,"[KLYS:LI28:81 (AMM, AMPL)]"
2020-11-04 09:51:49.955083520+00:00,2020-11-04 09:51:56.255083520+00:00,KLYS:LI27:41,AMM,Missing,
2020-11-04 10:25:40.694066432+00:00,2020-11-04 10:25:46.994066432+00:00,KLYS:LI30:11,AMM,Reinforced,"[KLYS:LI30:11 (AMM, AMPL)]"
2020-11-04 10:48:22.342127872+00:00,2020-11-04 10:48:28.642127872+00:00,KLYS:LI21:61,AMM,Reinforced,"[KLYS:LI21:61 (AMM, AMPL)]"
2020-11-04 10:53:40.694024448+00:00,2020-11-04 10:53:46.994024448+00:00,KLYS:LI30:11,AMM,Reinforced,"[KLYS:LI30:11 (AMM, AMPL)]"
2020-11-04 10:54:40.870057216+00:00,2020-11-04 10:54:47.170057216+00:00,KLYS:LI23:11,AMM,Disagree,"[KLYS:LI20:81 (AMPL), KLYS:LI21:21 (AMPL), KLYS:LI23:11 (AMM, AMPL), KLYS:LI24:11 (AMPL), KLYS:LI27:41 (AMPL), KLYS:LI29:11 (AMPL), KLYS:LI29:21 (AMPL), KLYS:LI29:31 (AMPL), KLYS:LI29:41 (AMPL), KLYS:LI29:61 (AMPL), KLYS:LI29:71 (AMPL), KLYS:LI30:41 (AMPL)]"
2020-11-04 11:25:27.071597056+00:00,2020-11-04 11:25:33.371597056+00:00,KLYS:LI24:51,AMM,Reinforced,"[KLYS:LI24:51 (AMM, AMPL)]"
2020-11-04 11:55:13.955282432+00:00,2020-11-04 11:55:20.255282432+00:00,KLYS:LI27:51,AMM,Disagree,"[KLYS:LI20:81 (AMPL), KLYS:LI21:21 (AMPL), KLYS:LI24:11 (AMPL), KLYS:LI27:51 (AMM, AMPL), KLYS:LI29:11 (AMPL), KLYS:LI29:21 (AMPL), KLYS:LI29:31 (AMPL), KLYS:LI29:41 (AMPL), KLYS:LI29:61 (AMPL), KLYS:LI29:71 (AMPL)]"
2020-11-04 12:18:36.745070592+00:00,2020-11-04 12:18:43.045070592+00:00,KLYS:LI29:11,AMM,Reinforced,"[KLYS:LI29:11 (AMM, AMPL)]"
2020-11-04 12:21:11.745005568+00:00,2020-11-04 12:21:18.045005568+00:00,KLYS:LI29:11,AMM,Reinforced,"[KLYS:LI29:11 (AMM, AMPL)]"
2020-11-05 00:48:33.693979136+00:00,2020-11-05 00:48:39.993979136+00:00,KLYS:LI30:11,AMM,Reinforced,"[KLYS:LI30:11 (AMM, AMPL)]"
2020-11-05 01:49:14.694006272+00:00,2020-11-05 01:49:20.994006272+00:00,KLYS:LI30:11,AMM,Reinforced,"[KLYS:LI30:11 (AMM, AMPL)]"
2020-11-05 02:36:40.470854912+00:00,2020-11-05 02:36:46.770854912+00:00,KLYS:LI22:31,AMM,Disagree,"[KLYS:LI21:21 (AMPL), KLYS:LI22:31 (AMM, AMPL), KLYS:LI24:11 (AMPL)]"
2020-11-05 06:30:47.576619520+00:00,2020-11-05 06:30:53.876619520+00:00,KLYS:LI28:21,AMM,Disagree,"[KLYS:LI20:81 (AMPL), KLYS:LI21:21 (AMPL), KLYS:LI24:11 (AMPL), KLYS:LI28:21 (AMM, AMPL), KLYS:LI29:41 (AMPL)]"
2020-11-05 07:05:51.745691904+00:00,2020-11-05 07:05:58.045691904+00:00,KLYS:LI29:41,AMM,Disagree,"[KLYS:LI20:81 (AMPL), KLYS:LI21:21 (AMPL), KLYS:LI24:11 (AMPL), KLYS:LI29:11 (AMPL), KLYS:LI29:21 (AMPL), KLYS:LI29:31 (AMPL), KLYS:LI29:41 (AMM, AMPL), KLYS:LI29:61 (AMPL), KLYS:LI29:71 (AMPL)]"
2020-11-05 07:06:36.745321216+00:00,2020-11-05 07:06:43.045321216+00:00,KLYS:LI29:31,AMM,Missing,
2020-11-05 07:07:11.745437184+00:00,2020-11-05 07:07:18.045437184+00:00,KLYS:LI29:41,AMM,Disagree,"[KLYS:LI20:81 (AMPL), KLYS:LI21:21 (AMPL), KLYS:LI24:11 (AMPL), KLYS:LI28:41 (AMPL), KLYS:LI29:11 (AMPL), KLYS:LI29:21 (AMPL), KLYS:LI29:31 (AMPL), KLYS:LI29:41 (AMM, AMPL), KLYS:LI29:61 (AMPL), KLYS:LI29:71 (AMPL)]"
2020-11-05 07:15:38.745588736+00:00,2020-11-05 07:15:45.045588736+00:00,KLYS:LI29:41,AMM,Disagree,"[KLYS:LI20:81 (AMPL), KLYS:LI21:21 (AMPL), KLYS:LI24:11 (AMPL), KLYS:LI29:11 (AMPL), KLYS:LI29:21 (AMPL), KLYS:LI29:31 (AMPL), KLYS:LI29:41 (AMM, AMPL), KLYS:LI29:61 (AMPL), KLYS:LI29:71 (AMPL)]"
2020-11-05 07:16:21.745731840+00:00,2020-11-05 07:16:28.045731840+00:00,KLYS:LI29:41,AMM,Disagree,"[KLYS:LI20:81 (AMPL), KLYS:LI21:21 (AMPL), KLYS:LI24:11 (AMPL), KLYS:LI29:11 (AMPL), KLYS:LI29:21 (AMPL), KLYS:LI29:31 (AMM, AMPL), KLYS:LI29:41 (AMM, AMPL), KLYS:LI29:61 (AMPL), KLYS:LI29:71 (AMPL)]"
2020-11-05 07:16:31.745229056+00:00,2020-11-05 07:16:38.045229056+00:00,KLYS:LI29:31,AMM,Disagree,"[KLYS:LI20:81 (AMPL), KLYS:LI21:21 (AMPL), KLYS:LI24:11 (AMPL), KLYS:LI29:11 (AMPL), KLYS:LI29:21 (AMPL), KLYS:LI29:31 (AMM, AMPL), KLYS:LI29:41 (AMM, AMPL), KLYS:LI29:61 (AMPL), KLYS:LI29:71 (AMPL)]"
2020-11-05 07:50:09.694495744+00:00,2020-11-05 07:50:15.994495744+00:00,KLYS:LI30:41,AMM,Disagree,"[KLYS:LI28:31 (AMPL), KLYS:LI30:41 (AMM, AMPL)]"
2020-11-05 08:18:55.745400320+00:00,2020-11-05 08:19:02.045400320+00:00,KLYS:LI29:41,AMM,Disagree,"[KLYS:LI20:81 (AMPL), KLYS:LI21:21 (AMPL), KLYS:LI24:11 (AMPL), KLYS:LI29:11 (AMPL), KLYS:LI29:21 (AMPL), KLYS:LI29:31 (AMPL), KLYS:LI29:41 (AMM, AMPL), KLYS:LI29:61 (AMPL), KLYS:LI29:71 (AMPL)]"
2020-11-05 08:24:50.745304576+00:00,2020-11-05 08:24:57.045304576+00:00,KLYS:LI29:31,AMM,Missing,
2020-11-05 08:25:05.745323520+00:00,2020-11-05 08:25:12.045323520+00:00,KLYS:LI29:31,AMM,Disagree,"[KLYS:LI28:41 (AMPL), KLYS:LI29:31 (AMM)]"
2020-11-05 08:30:52.576837632+00:00,2020-11-05 08:30:58.876837632+00:00,KLYS:LI28:51,AMM,Reinforced,"[KLYS:LI28:51 (AMM, AMPL)]"
2020-11-05 11:47:15.732183040+00:00,2020-11-05 11:47:22.032183040+00:00,KLYS:LI25:11,AMM,Reinforced,"[KLYS:LI25:11 (AMM, AMPL)]"
2020-11-05 12:02:45.733478656+00:00,2020-11-05 12:02:52.033478656+00:00,KLYS:LI25:71,AMM,Reinforced,"[KLYS:LI25:71 (AMM, AMPL)]"
2020-11-05 23:27:39.954860288+00:00,2020-11-05 23:27:46.254860288+00:00,KLYS:LI27:41,AMM,Disagree,"[KLYS:LI27:41 (AMM), KLYS:LI29:11 (AMPL)]"
2020-11-05 23:30:46.470759680+00:00,2020-11-05 23:30:52.770759680+00:00,KLYS:LI22:21,AMM,Reinforced,"[KLYS:LI22:21 (AMM, AMPL)]"
2020-11-06 02:32:12.954996224+00:00,2020-11-06 02:32:19.254996224+00:00,KLYS:LI27:41,AMM,Reinforced,"[KLYS:LI27:41 (AMM, AMPL)]"
2020-11-06 05:32:40.745437696+00:00,2020-11-06 05:32:47.045437696+00:00,KLYS:LI29:41,AMM,Disagree,"[KLYS:LI21:11 (AMPL), KLYS:LI21:21 (AMPL), KLYS:LI29:11 (AMPL), KLYS:LI29:21 (AMPL), KLYS:LI29:31 (AMPL), KLYS:LI29:41 (AMM, AMPL), KLYS:LI29:61 (AMPL), KLYS:LI29:71 (AMPL)]"
2020-11-06 05:43:18.870957056+00:00,2020-11-06 05:43:25.170957056+00:00,KLYS:LI23:61,AMM,Reinforced,"[KLYS:LI23:61 (AMM, AMPL)]"
2020-11-06 06:09:09.694054400+00:00,2020-11-06 06:09:15.994054400+00:00,KLYS:LI30:11,AMM,Reinforced,"[KLYS:LI30:11 (AMM, AMPL)]"
2020-11-06 06:12:39.745529088+00:00,2020-11-06 06:12:46.045529088+00:00,KLYS:LI29:61,AMM,Reinforced,"[KLYS:LI29:61 (AMM, AMPL)]"
2020-11-06 06:27:10.955349504+00:00,2020-11-06 06:27:17.255349504+00:00,KLYS:LI27:51,AMM,Disagree,"[KLYS:LI20:81 (AMPL), KLYS:LI24:11 (AMPL), KLYS:LI27:51 (AMM)]"
2020-11-06 06:51:57.577083392+00:00,2020-11-06 06:52:03.877083392+00:00,KLYS:LI28:71,AMM,Reinforced,"[KLYS:LI28:71 (AMM, AMPL)]"
2020-11-06 07:52:21.870737152+00:00,2020-11-06 07:52:28.170737152+00:00,KLYS:LI23:61,AMM,Reinforced,"[KLYS:LI23:61 (AMM, AMPL)]"
2020-11-06 09:10:31.870545408+00:00,2020-11-06 09:10:38.170545408+00:00,KLYS:LI23:61,AMM,Reinforced,"[KLYS:LI23:61 (AMM, AMPL)]"
2020-11-06 11:50:03.471392512+00:00,2020-11-06 11:50:09.771392512+00:00,KLYS:LI22:71,AMM,Reinforced,"[KLYS:LI22:71 (AMM, AMPL)]"
2020-11-06 14:15:03.071322112+00:00,2020-11-06 14:15:09.371322112+00:00,KLYS:LI24:41,AMM,Disagree,"[KLYS:LI20:81 (AMPL), KLYS:LI21:21 (AMPL), KLYS:LI24:11 (AMPL), KLYS:LI24:41 (AMM, AMPL), KLYS:LI25:11 (AMPL), KLYS:LI29:11 (AMPL), KLYS:LI29:21 (AMPL), KLYS:LI29:31 (AMPL), KLYS:LI29:41 (AMPL), KLYS:LI29:61 (AMPL), KLYS:LI29:71 (AMPL)]"
2020-11-06 16:26:24.342451200+00:00,2020-11-06 16:26:30.642451200+00:00,KLYS:LI21:61,AMM,Reinforced,"[KLYS:LI21:61 (AMM, AMPL)]"
2020-11-06 16:26:34.342354432+00:00,2020-11-06 16:26:40.642354432+00:00,KLYS:LI21:61,AMM,Reinforced,"[KLYS:LI21:61 (AMM, AMPL)]"
2020-11-06 16:27:04.342358272+00:00,2020-11-06 16:27:10.642358272+00:00,KLYS:LI21:61,AMM,Reinforced,"[KLYS:LI21:61 (AMM, AMPL)]"
2020-11-06 16:27:24.342547200+00:00,2020-11-06 16:27:30.642547200+00:00,KLYS:LI21:61,AMM,Missing,
2020-11-06 16:27:34.342448640+00:00,2020-11-06 16:27:40.642448640+00:00,KLYS:LI21:61,AMM,Missing,
2020-11-06 16:37:14.342812416+00:00,2020-11-06 16:37:20.642812416+00:00,KLYS:LI21:61,AMM,Missing,
2020-11-06 16:42:51.732638720+00:00,2020-11-06 16:42:58.032638720+00:00,KLYS:LI25:41,AMM,Reinforced,"[KLYS:LI25:41 (AMM, AMPL)]"
2020-11-06 22:29:51.342105344+00:00,2020-11-06 22:29:57.642105344+00:00,KLYS:LI21:41,AMM,Disagree,"[KLYS:LI21:41 (AMM), KLYS:LI21:61 (AMPL), KLYS:LI21:71 (AMPL)]"
2020-11-06 22:50:08.071353600+00:00,2020-11-06 22:50:14.371353600+00:00,KLYS:LI24:31,AMM,Disagree,"[KLYS:LI24:11 (AMPL), KLYS:LI24:31 (AMM, AMPL)]"
2020-11-06 23:25:53.678017280+00:00,2020-11-06 23:25:59.978017280+00:00,KLYS:LI23:21,AMM,Missing,
2020-11-06 23:37:20.342551296+00:00,2020-11-06 23:37:26.642551296+00:00,KLYS:LI21:61,AMM,Reinforced,"[KLYS:LI21:61 (AMM, AMPL)]"
2020-11-07 01:01:32.745337856+00:00,2020-11-07 01:01:39.045337856+00:00,KLYS:LI29:31,AMM,Disagree,"[KLYS:LI20:81 (AMPL), KLYS:LI21:21 (AMPL), KLYS:LI23:61 (AMM), KLYS:LI23:81 (AMM), KLYS:LI24:11 (AMPL), KLYS:LI24:31 (AMM, AMPL), KLYS:LI25:11 (AMM, AMPL), KLYS:LI25:31 (AMM, AMPL), KLYS:LI27:41 (AMM, AMPL), KLYS:LI27:51 (AMM, AMPL), KLYS:LI29:11 (AMPL), KLYS:LI29:21 (AMM, AMPL), KLYS:LI29:31 (AMM, AMPL), KLYS:LI29:41 (AMPL), KLYS:LI29:61 (AMM, AMPL), KLYS:LI29:71 (AMM, AMPL), KLYS:LI30:21 (AMPL), KLYS:LI30:31 (AMM, AMPL)]"
2020-11-07 02:05:13.694567424+00:00,2020-11-07 02:05:19.994567424+00:00,KLYS:LI30:41,AMM,Missing,
2020-11-08 06:22:47.693956352+00:00,2020-11-08 06:22:53.993956352+00:00,KLYS:LI30:11,AMM,Reinforced,"[KLYS:LI30:11 (AMM, AMPL)]"
2020-11-08 06:35:12.694595584+00:00,2020-11-08 06:35:18.994595584+00:00,KLYS:LI30:61,AMM,Reinforced,"[KLYS:LI30:61 (AMM, AMPL)]"
2020-11-08 06:48:07.694622976+00:00,2020-11-08 06:48:13.994622976+00:00,KLYS:LI30:61,AMM,Missing,
2020-11-08 09:42:45.745825024+00:00,2020-11-08 09:42:52.045825024+00:00,KLYS:LI29:61,AMM,Reinforced,"[KLYS:LI29:61 (AMM, AMPL)]"
2020-11-08 10:21:39.745076736+00:00,2020-11-08 10:21:46.045076736+00:00,KLYS:LI29:11,AMM,Missing,
2020-11-08 10:49:44.870714624+00:00,2020-11-08 10:49:51.170714624+00:00,KLYS:LI23:61,AMM,Reinforced,"[KLYS:LI23:61 (AMM, AMPL)]"
2020-11-08 11:14:57.471558656+00:00,2020-11-08 11:15:03.771558656+00:00,KLYS:LI22:71,AMM,Reinforced,"[KLYS:LI22:71 (AMM, AMPL)]"
2020-11-08 12:38:06.694237952+00:00,2020-11-08 12:38:12.994237952+00:00,KLYS:LI30:41,AMM,Reinforced,"[KLYS:LI30:41 (AMM, AMPL)]"
2020-11-08 13:26:53.342480896+00:00,2020-11-08 13:26:59.642480896+00:00,KLYS:LI21:61,AMM,Reinforced,"[KLYS:LI21:61 (AMM, AMPL)]"
2020-11-08 13:46:35.071509248+00:00,2020-11-08 13:46:41.371509248+00:00,KLYS:LI24:51,AMM,Reinforced,"[KLYS:LI24:51 (AMM, AMPL)]"
2020-11-08 16:24:42.870924032+00:00,2020-11-08 16:24:49.170924032+00:00,KLYS:LI23:61,AMM,Reinforced,"[KLYS:LI23:61 (AMM, AMPL)]"
2020-11-08 17:01:18.071024128+00:00,2020-11-08 17:01:24.371024128+00:00,KLYS:LI24:11,AMM,Disagree,"[KLYS:LI20:81 (AMPL), KLYS:LI21:21 (AMPL), KLYS:LI24:11 (AMM), KLYS:LI29:11 (AMPL), KLYS:LI29:21 (AMPL), KLYS:LI29:31 (AMPL), KLYS:LI29:41 (AMPL), KLYS:LI29:61 (AMPL), KLYS:LI29:71 (AMPL)]"
2020-11-09 07:21:14.471631360+00:00,2020-11-09 07:21:20.771631360+00:00,KLYS:LI22:71,AMM,Reinforced,"[KLYS:LI22:71 (AMM, AMPL)]"
2020-11-09 08:39:25.732490496+00:00,2020-11-09 08:39:32.032490496+00:00,KLYS:LI25:21,AMM,Reinforced,"[KLYS:LI25:21 (AMM, AMPL)]"
2020-11-09 08:41:29.694287104+00:00,2020-11-09 08:41:35.994287104+00:00,KLYS:LI30:41,AMM,Missing,
2020-11-09 09:01:34.070876160+00:00,2020-11-09 09:01:40.370876160+00:00,KLYS:LI24:11,AMM,Reinforced,"[KLYS:LI24:11 (AMM, AMPL)]"
2020-11-09 09:05:32.342613504+00:00,2020-11-09 09:05:38.642613504+00:00,KLYS:LI21:61,AMM,Reinforced,"[KLYS:LI21:61 (AMM, AMPL)]"
2020-11-09 09:11:36.732556032+00:00,2020-11-09 09:11:43.032556032+00:00,KLYS:LI25:31,AMM,Reinforced,"[KLYS:LI25:31 (AMM, AMPL)]"
2020-11-09 09:12:01.732574464+00:00,2020-11-09 09:12:08.032574464+00:00,KLYS:LI25:31,AMM,Reinforced,"[KLYS:LI25:31 (AMM, AMPL)]"
2020-11-09 09:12:31.732521472+00:00,2020-11-09 09:12:38.032521472+00:00,KLYS:LI25:31,AMM,Reinforced,"[KLYS:LI25:31 (AMM, AMPL)]"
2020-11-09 09:17:56.732707328+00:00,2020-11-09 09:18:03.032707328+00:00,KLYS:LI25:31,AMM,Reinforced,"[KLYS:LI25:31 (AMM, AMPL)]"
2020-11-09 09:18:11.732610816+00:00,2020-11-09 09:18:18.032610816+00:00,KLYS:LI25:31,AMM,Reinforced,"[KLYS:LI25:31 (AMM, AMPL)]"
2020-11-09 09:19:01.732598528+00:00,2020-11-09 09:19:08.032598528+00:00,KLYS:LI25:31,AMM,Reinforced,"[KLYS:LI25:31 (AMM, AMPL)]"
2020-11-09 09:20:26.732764928+00:00,2020-11-09 09:20:33.032764928+00:00,KLYS:LI25:31,AMM,Reinforced,"[KLYS:LI25:31 (AMM, AMPL)]"
2020-11-09 09:20:56.732757248+00:00,2020-11-09 09:21:03.032757248+00:00,KLYS:LI25:31,AMM,Reinforced,"[KLYS:LI25:31 (AMM, AMPL)]"
2020-11-09 09:21:51.732401152+00:00,2020-11-09 09:21:58.032401152+00:00,KLYS:LI25:31,AMM,Reinforced,"[KLYS:LI25:31 (AMM, AMPL)]"
2020-11-09 09:22:56.732479232+00:00,2020-11-09 09:23:03.032479232+00:00,KLYS:LI25:31,AMM,Missing,
2020-11-09 09:23:50.694363904+00:00,2020-11-09 09:23:56.994363904+00:00,KLYS:LI30:31,AMM,Reinforced,"[KLYS:LI30:31 (AMM, AMPL)]"
2020-11-09 09:30:37.745442560+00:00,2020-11-09 09:30:44.045442560+00:00,KLYS:LI29:31,AMM,Reinforced,"[KLYS:LI29:31 (AMM, AMPL)]"
2020-11-09 10:40:38.342158592+00:00,2020-11-09 10:40:44.642158592+00:00,KLYS:LI21:61,AMM,Reinforced,"[KLYS:LI21:61 (AMM, AMPL)]"
2020-11-09 11:46:46.471657728+00:00,2020-11-09 11:46:52.771657728+00:00,KLYS:LI22:71,AMM,Reinforced,"[KLYS:LI22:71 (AMM, AMPL)]"
2020-11-09 11:56:53.745476352+00:00,2020-11-09 11:57:00.045476352+00:00,KLYS:LI29:41,AMM,Reinforced,"[KLYS:LI29:41 (AMM, AMPL)]"
2020-11-09 12:00:38.342574592+00:00,2020-11-09 12:00:44.642574592+00:00,KLYS:LI21:71,AMM,Missing,
2020-11-09 12:02:18.342685184+00:00,2020-11-09 12:02:24.642685184+00:00,KLYS:LI21:71,AMM,Missing,
2020-11-09 12:59:28.869989120+00:00,2020-11-09 12:59:35.169989120+00:00,KLYS:LI23:11,AMM,Reinforced,"[KLYS:LI23:11 (AMM, AMPL)]"
2020-11-09 13:40:58.744936192+00:00,2020-11-09 13:41:05.044936192+00:00,KLYS:LI29:11,AMM,Reinforced,"[KLYS:LI29:11 (AMM, AMPL)]"
2020-11-09 14:22:51.733373184+00:00,2020-11-09 14:22:58.033373184+00:00,KLYS:LI25:81,AMM,Missing,
2020-11-09 14:42:17.733413632+00:00,2020-11-09 14:42:24.033413632+00:00,KLYS:LI25:81,AMM,Missing,
2020-11-09 14:42:32.733807616+00:00,2020-11-09 14:42:39.033807616+00:00,KLYS:LI25:81,AMM,Missing,
2020-11-09 14:46:13.745164032+00:00,2020-11-09 14:46:20.045164032+00:00,KLYS:LI29:21,AMM,Reinforced,"[KLYS:LI29:21 (AMM, AMPL)]"
2020-11-09 14:54:46.733270528+00:00,2020-11-09 14:54:53.033270528+00:00,KLYS:LI25:81,AMM,Missing,
2020-11-09 14:55:37.733501952+00:00,2020-11-09 14:55:44.033501952+00:00,KLYS:LI25:81,AMM,Missing,
2020-11-09 14:55:59.470690560+00:00,2020-11-09 14:56:05.770690560+00:00,KLYS:LI22:21,AMM,Reinforced,"[KLYS:LI22:21 (AMM, AMPL)]"
2020-11-09 14:56:56.733493504+00:00,2020-11-09 14:57:03.033493504+00:00,KLYS:LI25:81,AMM,Missing,
2020-11-09 14:57:16.733432576+00:00,2020-11-09 14:57:23.033432576+00:00,KLYS:LI25:81,AMM,Missing,
2020-11-09 14:57:32.733665536+00:00,2020-11-09 14:57:39.033665536+00:00,KLYS:LI25:81,AMM,Missing,
2020-11-09 14:59:18.694533120+00:00,2020-11-09 14:59:24.994533120+00:00,KLYS:LI30:41,AMM,Missing,
2020-11-09 15:00:26.733087744+00:00,2020-11-09 15:00:33.033087744+00:00,KLYS:LI25:81,AMM,Missing,
2020-11-09 15:01:31.733265152+00:00,2020-11-09 15:01:38.033265152+00:00,KLYS:LI25:81,AMM,Missing,
2020-11-09 15:02:02.733206016+00:00,2020-11-09 15:02:09.033206016+00:00,KLYS:LI25:81,AMM,Missing,
2020-11-09 15:03:28.694630400+00:00,2020-11-09 15:03:34.994630400+00:00,KLYS:LI30:41,AMM,Missing,
2020-11-09 15:12:54.694366976+00:00,2020-11-09 15:13:00.994366976+00:00,KLYS:LI30:41,AMM,Missing,
2020-11-09 15:28:39.471690752+00:00,2020-11-09 15:28:45.771690752+00:00,KLYS:LI22:71,AMM,Reinforced,"[KLYS:LI22:71 (AMM, AMPL)]"
2020-11-09 16:09:47.745401088+00:00,2020-11-09 16:09:54.045401088+00:00,KLYS:LI29:31,AMM,Reinforced,"[KLYS:LI29:31 (AMM, AMPL)]"
2020-11-09 16:21:57.869975808+00:00,2020-11-09 16:22:04.169975808+00:00,KLYS:LI23:11,AMM,Reinforced,"[KLYS:LI23:11 (AMM, AMPL)]"
2020-11-12 05:30:05.342295808+00:00,2020-11-12 05:30:11.642295808+00:00,KLYS:LI21:61,AMM,Missing,
2020-11-12 08:01:13.745054464+00:00,2020-11-12 08:01:20.045054464+00:00,KLYS:LI29:11,AMM,Missing,
2020-11-12 08:13:23.732403712+00:00,2020-11-12 08:13:30.032403712+00:00,KLYS:LI25:21,AMM,Reinforced,"[KLYS:LI25:21 (AMM, AMPL)]"
2020-11-12 08:27:53.745108224+00:00,2020-11-12 08:28:00.045108224+00:00,KLYS:LI29:21,AMM,Reinforced,"[KLYS:LI29:21 (AMM, AMPL)]"
2020-11-12 09:05:18.870777856+00:00,2020-11-12 09:05:25.170777856+00:00,KLYS:LI23:61,AMM,Reinforced,"[KLYS:LI23:61 (AMM, AMPL)]"
2020-11-12 09:59:08.694359552+00:00,2020-11-12 09:59:14.994359552+00:00,KLYS:LI30:31,AMM,Reinforced,"[KLYS:LI30:31 (AMM, AMPL)]"
2020-11-12 10:02:17.871263744+00:00,2020-11-12 10:02:24.171263744+00:00,KLYS:LI23:71,AMM,Disagree,"[KLYS:LI23:71 (AMM, AMPL), KLYS:LI24:11 (AMPL), KLYS:LI24:31 (AMPL)]"
2020-11-12 10:40:28.342529024+00:00,2020-11-12 10:40:34.642529024+00:00,KLYS:LI21:51,AMM,Reinforced,"[KLYS:LI21:51 (AMM, AMPL)]"
2020-11-12 10:46:07.871193088+00:00,2020-11-12 10:46:14.171193088+00:00,KLYS:LI23:81,AMM,Reinforced,"[KLYS:LI23:81 (AMM, AMPL)]"
2020-11-12 11:08:30.577479168+00:00,2020-11-12 11:08:36.877479168+00:00,KLYS:LI28:51,AMM,Disagree,"[KLYS:LI27:41 (AMPL), KLYS:LI28:41 (AMPL), KLYS:LI28:51 (AMM, AMPL)]"
2020-11-12 11:13:57.744963840+00:00,2020-11-12 11:14:04.044963840+00:00,KLYS:LI29:11,AMM,Reinforced,"[KLYS:LI29:11 (AMM, AMPL)]"
2020-11-12 13:12:48.576698368+00:00,2020-11-12 13:12:54.876698368+00:00,KLYS:LI28:41,AMM,Reinforced,"[KLYS:LI28:41 (AMM, AMPL)]"
2020-11-12 14:49:31.342682112+00:00,2020-11-12 14:49:37.642682112+00:00,KLYS:LI21:61,AMM,Reinforced,"[KLYS:LI21:61 (AMM, AMPL)]"
2020-11-12 14:58:12.471033344+00:00,2020-11-12 14:58:18.771033344+00:00,KLYS:LI22:31,AMM,Reinforced,"[KLYS:LI22:31 (AMM, AMPL)]"
2020-11-12 23:37:34.070912512+00:00,2020-11-12 23:37:40.370912512+00:00,KLYS:LI24:11,AMM,Reinforced,"[KLYS:LI24:11 (AMM, AMPL)]"
2020-11-12 23:40:25.745568512+00:00,2020-11-12 23:40:32.045568512+00:00,KLYS:LI29:41,AMM,Disagree,"[KLYS:LI20:81 (AMPL), KLYS:LI24:31 (AMPL), KLYS:LI29:11 (AMPL), KLYS:LI29:21 (AMPL), KLYS:LI29:41 (AMM, AMPL), KLYS:LI29:61 (AMPL), KLYS:LI29:71 (AMPL)]"
2020-11-13 02:21:17.341653504+00:00,2020-11-13 02:21:23.641653504+00:00,KLYS:LI21:11,AMM,Reinforced,"[KLYS:LI21:11 (AMM, AMPL)]"
2020-11-13 02:51:23.493269760+00:00,2020-11-13 02:51:29.793269760+00:00,KLYS:LI20:61,AMM,Reinforced,"[KLYS:LI20:61 (AMM, AMPL)]"
2020-11-13 03:01:23.745365504+00:00,2020-11-13 03:01:30.045365504+00:00,KLYS:LI29:21,AMM,Reinforced,"[KLYS:LI29:21 (AMM, AMPL)]"
2020-11-13 03:02:18.493354752+00:00,2020-11-13 03:02:24.793354752+00:00,KLYS:LI20:61,AMM,Reinforced,"[KLYS:LI20:61 (AMM, AMPL)]"
2020-11-13 03:05:29.493220608+00:00,2020-11-13 03:05:35.793220608+00:00,KLYS:LI20:61,AMM,Reinforced,"[KLYS:LI20:61 (AMM, AMPL)]"
2020-11-13 03:07:59.070870528+00:00,2020-11-13 03:08:05.370870528+00:00,KLYS:LI24:11,AMM,Disagree,"[KLYS:LI24:11 (AMM, AMPL), KLYS:LI24:31 (AMPL)]"
2020-11-13 03:08:08.493309440+00:00,2020-11-13 03:08:14.793309440+00:00,KLYS:LI20:61,AMM,Reinforced,"[KLYS:LI20:61 (AMM, AMPL)]"
2020-11-13 03:29:53.493191680+00:00,2020-11-13 03:29:59.793191680+00:00,KLYS:LI20:61,AMM,Reinforced,"[KLYS:LI20:61 (AMM, AMPL)]"
2020-11-13 03:34:37.070937856+00:00,2020-11-13 03:34:43.370937856+00:00,KLYS:LI24:11,AMM,Reinforced,"[KLYS:LI24:11 (AMM, AMPL)]"
2020-11-13 05:58:26.071402240+00:00,2020-11-13 05:58:32.371402240+00:00,KLYS:LI24:31,AMM,Disagree,"[KLYS:LI24:11 (AMPL), KLYS:LI24:31 (AMM, AMPL)]"
2020-11-13 06:03:35.342187776+00:00,2020-11-13 06:03:41.642187776+00:00,KLYS:LI21:61,AMM,Missing,
2020-11-13 06:58:46.745305600+00:00,2020-11-13 06:58:53.045305600+00:00,KLYS:LI29:21,AMM,Reinforced,"[KLYS:LI29:21 (AMM, AMPL)]"
2020-11-13 07:02:20.745220864+00:00,2020-11-13 07:02:27.045220864+00:00,KLYS:LI29:21,AMM,Reinforced,"[KLYS:LI29:21 (AMM, AMPL)]"
2020-11-13 07:19:14.342021120+00:00,2020-11-13 07:19:20.642021120+00:00,KLYS:LI21:51,AMM,Disagree,"[KLYS:LI21:51 (AMM, AMPL), KLYS:LI24:31 (AMPL)]"
2020-11-13 07:25:32.694398720+00:00,2020-11-13 07:25:38.994398720+00:00,KLYS:LI30:31,AMM,Reinforced,"[KLYS:LI30:31 (AMM, AMPL)]"
2020-11-13 08:05:00.071654400+00:00,2020-11-13 08:05:06.371654400+00:00,KLYS:LI24:31,AMM,Reinforced,"[KLYS:LI24:31 (AMM, AMPL)]"
2020-11-13 08:07:05.745310464+00:00,2020-11-13 08:07:12.045310464+00:00,KLYS:LI29:21,AMM,Reinforced,"[KLYS:LI29:21 (AMM, AMPL)]"
2020-11-13 09:42:06.694865664+00:00,2020-11-13 09:42:12.994865664+00:00,KLYS:LI30:51,AMM,Disagree,"[KLYS:LI20:81 (AMPL), KLYS:LI21:11 (AMPL), KLYS:LI21:21 (AMPL), KLYS:LI22:11 (AMPL), KLYS:LI22:21 (AMPL), KLYS:LI22:31 (AMPL), KLYS:LI22:41 (AMPL), KLYS:LI22:81 (AMPL), KLYS:LI23:21 (AMPL), KLYS:LI24:11 (AMM, AMPL), KLYS:LI29:11 (AMPL), KLYS:LI29:21 (AMPL), KLYS:LI29:31 (AMPL), KLYS:LI29:41 (AMPL), KLYS:LI29:61 (AMM, AMPL), KLYS:LI29:71 (AMPL), KLYS:LI30:51 (AMM, AMPL, AMPL), KLYS:LI30:71 (AMPL), KLYS:LI30:81 (AMPL)]"
2020-11-13 09:42:59.070970624+00:00,2020-11-13 09:43:05.370970624+00:00,KLYS:LI24:11,AMM,Disagree,"[KLYS:LI21:11 (AMPL), KLYS:LI24:11 (AMM)]"
2020-11-13 09:55:21.694482688+00:00,2020-11-13 09:55:27.994482688+00:00,KLYS:LI30:41,AMM,Missing,
2020-11-13 09:57:01.694809856+00:00,2020-11-13 09:57:07.994809856+00:00,KLYS:LI30:41,AMM,Missing,
2020-11-13 09:59:14.745356544+00:00,2020-11-13 09:59:21.045356544+00:00,KLYS:LI29:21,AMM,Reinforced,"[KLYS:LI29:21 (AMM, AMPL)]"
2020-11-13 10:08:49.070883840+00:00,2020-11-13 10:08:55.370883840+00:00,KLYS:LI24:11,AMM,Disagree,"[KLYS:LI20:81 (AMPL), KLYS:LI21:11 (AMPL), KLYS:LI21:21 (AMPL), KLYS:LI24:11 (AMM, AMPL), KLYS:LI29:11 (AMPL), KLYS:LI29:21 (AMPL), KLYS:LI29:31 (AMPL), KLYS:LI29:61 (AMPL), KLYS:LI29:71 (AMPL)]"
2020-11-13 10:19:38.493580032+00:00,2020-11-13 10:19:44.793580032+00:00,KLYS:LI20:71,AMM,Disagree,"[KLYS:LI20:71 (AMM, AMPL), KLYS:LI20:81 (AMPL), KLYS:LI21:11 (AMPL), KLYS:LI21:21 (AMPL), KLYS:LI24:11 (AMPL), KLYS:LI25:31 (AMPL), KLYS:LI29:11 (AMPL), KLYS:LI29:21 (AMPL), KLYS:LI29:31 (AMPL), KLYS:LI29:41 (AMPL), KLYS:LI29:61 (AMPL), KLYS:LI29:71 (AMPL)]"
2020-11-13 10:21:59.071543296+00:00,2020-11-13 10:22:05.371543296+00:00,KLYS:LI24:41,AMM,Reinforced,"[KLYS:LI24:41 (AMM, AMPL)]"
2020-11-13 10:33:05.870010880+00:00,2020-11-13 10:33:12.170010880+00:00,KLYS:LI23:11,AMM,Missing,
2020-11-13 10:47:49.070947584+00:00,2020-11-13 10:47:55.370947584+00:00,KLYS:LI24:11,AMM,Disagree,"[KLYS:LI20:81 (AMPL), KLYS:LI21:21 (AMPL), KLYS:LI24:11 (AMM, AMPL), KLYS:LI29:11 (AMPL), KLYS:LI29:21 (AMPL), KLYS:LI29:31 (AMPL), KLYS:LI29:41 (AMPL), KLYS:LI29:61 (AMPL), KLYS:LI29:71 (AMPL)]"
2020-11-13 10:55:44.071055872+00:00,2020-11-13 10:55:50.371055872+00:00,KLYS:LI24:11,AMM,Disagree,"[KLYS:LI21:11 (AMPL), KLYS:LI24:11 (AMM, AMPL), KLYS:LI25:41 (AMPL), KLYS:LI29:11 (AMPL), KLYS:LI29:21 (AMPL), KLYS:LI29:31 (AMPL), KLYS:LI29:41 (AMPL), KLYS:LI29:61 (AMPL), KLYS:LI29:71 (AMPL)]"
2020-11-13 12:04:02.493238784+00:00,2020-11-13 12:04:08.793238784+00:00,KLYS:LI20:61,AMM,Reinforced,"[KLYS:LI20:61 (AMM, AMPL)]"
2020-11-13 12:04:09.070841344+00:00,2020-11-13 12:04:15.370841344+00:00,KLYS:LI24:11,AMM,Disagree,"[KLYS:LI20:81 (AMPL), KLYS:LI21:11 (AMPL), KLYS:LI21:21 (AMPL), KLYS:LI24:11 (AMM), KLYS:LI24:21 (AMPL), KLYS:LI28:41 (AMPL), KLYS:LI29:11 (AMPL), KLYS:LI29:21 (AMPL), KLYS:LI29:31 (AMPL), KLYS:LI29:41 (AMPL), KLYS:LI29:61 (AMPL), KLYS:LI29:71 (AMPL)]"
2020-11-13 13:54:33.071675136+00:00,2020-11-13 13:54:39.371675136+00:00,KLYS:LI24:51,AMM,Reinforced,"[KLYS:LI24:51 (AMM, AMPL)]"
2020-11-13 16:54:03.870219264+00:00,2020-11-13 16:54:10.170219264+00:00,KLYS:LI23:21,AMM,Missing,
2020-11-13 17:48:29.790548992+00:00,2020-11-13 17:48:36.090548992+00:00,KLYS:LI27:41,AMM,Missing,
2020-11-13 20:20:35.745214720+00:00,2020-11-13 20:20:42.045214720+00:00,KLYS:LI29:21,AMM,Reinforced,"[KLYS:LI29:21 (AMM, AMPL)]"
2020-11-13 21:34:57.955114240+00:00,2020-11-13 21:35:04.255114240+00:00,KLYS:LI27:41,AMM,Missing,
2020-11-13 21:40:05.070878720+00:00,2020-11-13 21:40:11.370878720+00:00,KLYS:LI24:11,AMM,Disagree,"[KLYS:LI20:61 (AMM, AMPL), KLYS:LI20:81 (AMPL), KLYS:LI21:11 (AMPL), KLYS:LI21:21 (AMPL), KLYS:LI23:71 (AMPL), KLYS:LI24:11 (AMM, AMPL), KLYS:LI28:41 (AMPL), KLYS:LI29:11 (AMPL), KLYS:LI29:21 (AMPL), KLYS:LI29:31 (AMPL), KLYS:LI29:41 (AMPL), KLYS:LI29:61 (AMPL), KLYS:LI29:71 (AMPL)]"
2020-11-13 21:40:15.493214208+00:00,2020-11-13 21:40:21.793214208+00:00,KLYS:LI20:61,AMM,Disagree,"[KLYS:LI20:61 (AMM, AMPL), KLYS:LI20:81 (AMPL), KLYS:LI21:11 (AMPL), KLYS:LI21:21 (AMPL), KLYS:LI23:71 (AMPL), KLYS:LI24:11 (AMM, AMPL), KLYS:LI28:41 (AMPL), KLYS:LI29:11 (AMPL), KLYS:LI29:21 (AMPL), KLYS:LI29:31 (AMPL), KLYS:LI29:41 (AMPL), KLYS:LI29:61 (AMPL), KLYS:LI29:71 (AMPL)]"
2020-11-13 21:41:01.342515968+00:00,2020-11-13 21:41:07.642515968+00:00,KLYS:LI21:61,AMM,Reinforced,"[KLYS:LI21:61 (AMM, AMPL)]"
2020-11-13 21:54:39.070879488+00:00,2020-11-13 21:54:45.370879488+00:00,KLYS:LI24:11,AMM,Disagree,"[KLYS:LI20:81 (AMPL), KLYS:LI21:21 (AMPL), KLYS:LI24:11 (AMM, AMPL), KLYS:LI29:11 (AMPL), KLYS:LI29:21 (AMPL), KLYS:LI29:31 (AMPL), KLYS:LI29:41 (AMPL), KLYS:LI29:61 (AMPL), KLYS:LI29:71 (AMPL)]"
2020-11-13 23:54:59.694573056+00:00,2020-11-13 23:55:05.994573056+00:00,KLYS:LI30:41,AMM,Missing,
2020-11-13 23:55:44.694639616+00:00,2020-11-13 23:55:50.994639616+00:00,KLYS:LI30:41,AMM,Missing,
2020-11-13 23:56:54.694448128+00:00,2020-11-13 23:57:00.994448128+00:00,KLYS:LI30:41,AMM,Missing,
2020-11-13 23:58:44.694348544+00:00,2020-11-13 23:58:50.994348544+00:00,KLYS:LI30:41,AMM,Missing,
2020-11-13 23:59:39.694333696+00:00,2020-11-13 23:59:45.994333696+00:00,KLYS:LI30:41,AMM,Missing,
2020-11-14 00:00:39.694370816+00:00,2020-11-14 00:00:45.994370816+00:00,KLYS:LI30:41,AMM,Missing,
2020-11-14 00:01:54.694487552+00:00,2020-11-14 00:02:00.994487552+00:00,KLYS:LI30:41,AMM,Missing,
2020-11-14 00:02:34.694343936+00:00,2020-11-14 00:02:40.994343936+00:00,KLYS:LI30:41,AMM,Missing,
2020-11-14 00:04:10.694356992+00:00,2020-11-14 00:04:16.994356992+00:00,KLYS:LI30:41,AMM,Missing,
2020-11-14 01:06:38.694323456+00:00,2020-11-14 01:06:44.994323456+00:00,KLYS:LI30:41,AMM,Missing,
2020-11-14 01:07:28.694391296+00:00,2020-11-14 01:07:34.994391296+00:00,KLYS:LI30:41,AMM,Missing,
2020-11-14 01:10:23.694356224+00:00,2020-11-14 01:10:29.994356224+00:00,KLYS:LI30:41,AMM,Missing,
2020-11-14 01:10:38.694505984+00:00,2020-11-14 01:10:44.994505984+00:00,KLYS:LI30:41,AMM,Missing,
2020-11-14 01:10:53.694446336+00:00,2020-11-14 01:10:59.994446336+00:00,KLYS:LI30:41,AMM,Missing,
2020-11-14 01:11:18.694389504+00:00,2020-11-14 01:11:24.994389504+00:00,KLYS:LI30:41,AMM,Missing,
2020-11-14 01:12:13.694427136+00:00,2020-11-14 01:12:19.994427136+00:00,KLYS:LI30:41,AMM,Missing,
2020-11-14 01:18:18.694461184+00:00,2020-11-14 01:18:24.994461184+00:00,KLYS:LI30:41,AMM,Missing,
2020-11-14 01:19:04.694492672+00:00,2020-11-14 01:19:10.994492672+00:00,KLYS:LI30:41,AMM,Reinforced,"[KLYS:LI30:41 (AMM, AMPL)]"
2020-11-14 01:22:24.694558208+00:00,2020-11-14 01:22:30.994558208+00:00,KLYS:LI30:41,AMM,Missing,
2020-11-14 10:04:02.577256192+00:00,2020-11-14 10:04:08.877256192+00:00,KLYS:LI28:81,AMM,Reinforced,"[KLYS:LI28:81 (AMM, AMPL)]"
2020-11-14 10:05:46.745331456+00:00,2020-11-14 10:05:53.045331456+00:00,KLYS:LI29:21,AMM,Reinforced,"[KLYS:LI29:21 (AMM, AMPL)]"
2020-11-14 11:45:15.471504384+00:00,2020-11-14 11:45:21.771504384+00:00,KLYS:LI22:71,AMM,Reinforced,"[KLYS:LI22:71 (AMM, AMPL)]"
2020-11-14 11:45:25.471330304+00:00,2020-11-14 11:45:31.771330304+00:00,KLYS:LI22:71,AMM,Reinforced,"[KLYS:LI22:71 (AMM, AMPL)]"
2020-11-14 12:06:21.342445056+00:00,2020-11-14 12:06:27.642445056+00:00,KLYS:LI21:61,AMM,Reinforced,"[KLYS:LI21:61 (AMM, AMPL)]"
2020-11-14 12:23:05.577278720+00:00,2020-11-14 12:23:11.877278720+00:00,KLYS:LI28:81,AMM,Reinforced,"[KLYS:LI28:81 (AMM, AMPL)]"
2020-11-14 12:40:36.745221120+00:00,2020-11-14 12:40:43.045221120+00:00,KLYS:LI29:21,AMM,Reinforced,"[KLYS:LI29:21 (AMM, AMPL)]"
2020-11-15 05:10:46.732166400+00:00,2020-11-15 05:10:53.032166400+00:00,KLYS:LI25:11,AMM,Reinforced,"[KLYS:LI25:11 (AMM, AMPL)]"
2020-11-15 05:42:59.576723712+00:00,2020-11-15 05:43:05.876723712+00:00,KLYS:LI28:21,AMM,Reinforced,"[KLYS:LI28:21 (AMM, AMPL)]"
2020-11-15 06:16:38.342335744+00:00,2020-11-15 06:16:44.642335744+00:00,KLYS:LI21:61,AMM,Missing,
2020-11-15 06:22:34.577960704+00:00,2020-11-15 06:22:40.877960704+00:00,KLYS:LI28:81,AMM,Reinforced,"[KLYS:LI28:81 (AMM, AMPL)]"
2020-11-15 07:19:28.342316800+00:00,2020-11-15 07:19:34.642316800+00:00,KLYS:LI21:61,AMM,Reinforced,"[KLYS:LI21:61 (AMM, AMPL)]"
2020-11-15 07:46:01.732844032+00:00,2020-11-15 07:46:08.032844032+00:00,KLYS:LI25:41,AMM,Reinforced,"[KLYS:LI25:41 (AMM, AMPL)]"
2020-11-15 08:12:21.745328384+00:00,2020-11-15 08:12:28.045328384+00:00,KLYS:LI29:31,AMM,Reinforced,"[KLYS:LI29:31 (AMM, AMPL)]"
2020-11-15 09:10:23.955376128+00:00,2020-11-15 09:10:30.255376128+00:00,KLYS:LI27:71,AMM,Reinforced,"[KLYS:LI27:71 (AMM, AMPL)]"
2020-11-15 12:19:41.955942656+00:00,2020-11-15 12:19:48.255942656+00:00,KLYS:LI27:81,AMM,Missing,
2020-11-15 12:20:06.956103936+00:00,2020-11-15 12:20:13.256103936+00:00,KLYS:LI27:81,AMM,Missing,
2020-11-15 12:21:40.694475008+00:00,2020-11-15 12:21:46.994475008+00:00,KLYS:LI30:31,AMM,Disagree,"[KLYS:LI20:81 (AMPL, AMPL), KLYS:LI21:11 (AMPL), KLYS:LI21:21 (AMPL, AMPL), KLYS:LI23:21 (AMM), KLYS:LI24:11 (AMM, AMPL), KLYS:LI29:11 (AMPL, AMPL), KLYS:LI29:21 (AMPL, AMPL), KLYS:LI29:31 (AMPL, AMPL), KLYS:LI29:41 (AMPL, AMPL), KLYS:LI29:61 (AMPL, AMPL), KLYS:LI29:71 (AMPL, AMPL), KLYS:LI30:21 (AMPL), KLYS:LI30:31 (AMM, AMPL)]"
2020-11-15 12:24:32.955868928+00:00,2020-11-15 12:24:39.255868928+00:00,KLYS:LI27:81,AMM,Missing,
2020-11-15 12:24:51.956067328+00:00,2020-11-15 12:24:58.256067328+00:00,KLYS:LI27:81,AMM,Missing,
2020-11-15 12:25:06.955819008+00:00,2020-11-15 12:25:13.255819008+00:00,KLYS:LI27:81,AMM,Missing,
2020-11-15 12:25:16.956130304+00:00,2020-11-15 12:25:23.256130304+00:00,KLYS:LI27:81,AMM,Missing,
2020-11-15 12:27:01.956098304+00:00,2020-11-15 12:27:08.256098304+00:00,KLYS:LI27:81,AMM,Missing,
2020-11-15 12:27:51.956231168+00:00,2020-11-15 12:27:58.256231168+00:00,KLYS:LI27:81,AMM,Missing,
2020-11-15 12:28:36.956052224+00:00,2020-11-15 12:28:43.256052224+00:00,KLYS:LI27:81,AMM,Missing,
2020-11-15 12:29:36.955979264+00:00,2020-11-15 12:29:43.255979264+00:00,KLYS:LI27:81,AMM,Missing,
2020-11-15 13:01:45.870616064+00:00,2020-11-15 13:01:52.170616064+00:00,KLYS:LI23:41,AMM,Disagree,"[KLYS:LI23:41 (AMM, AMPL), KLYS:LI27:41 (AMPL), KLYS:LI29:41 (AMPL), KLYS:LI29:61 (AMPL)]"
2020-11-15 13:03:42.955215360+00:00,2020-11-15 13:03:49.255215360+00:00,KLYS:LI27:41,AMM,Reinforced,"[KLYS:LI27:41 (AMM, AMPL)]"
2020-11-15 16:04:54.955117056+00:00,2020-11-15 16:05:01.255117056+00:00,KLYS:LI27:41,AMM,Missing,
2020-11-15 16:09:14.955054080+00:00,2020-11-15 16:09:21.255054080+00:00,KLYS:LI27:41,AMM,Missing,
2020-11-15 16:23:23.870127872+00:00,2020-11-15 16:23:30.170127872+00:00,KLYS:LI23:21,AMM,Missing,
2020-11-15 18:47:48.070864128+00:00,2020-11-15 18:47:54.370864128+00:00,KLYS:LI24:11,AMM,Disagree,"[KLYS:LI20:81 (AMPL, AMPL), KLYS:LI21:11 (AMPL), KLYS:LI21:21 (AMPL), KLYS:LI24:11 (AMM, AMPL), KLYS:LI28:41 (AMPL), KLYS:LI29:11 (AMPL), KLYS:LI29:21 (AMPL), KLYS:LI29:31 (AMPL), KLYS:LI29:41 (AMPL), KLYS:LI29:61 (AMPL), KLYS:LI29:71 (AMPL)]"
2020-11-15 19:10:41.694216704+00:00,2020-11-15 19:10:47.994216704+00:00,KLYS:LI30:21,AMM,Reinforced,"[KLYS:LI30:21 (AMM, AMPL)]"
2020-11-15 19:13:27.955995392+00:00,2020-11-15 19:13:34.255995392+00:00,KLYS:LI27:61,AMM,Disagree,"[KLYS:LI21:11 (AMPL), KLYS:LI23:21 (AMPL), KLYS:LI27:61 (AMM, AMPL), KLYS:LI29:11 (AMPL), KLYS:LI29:21 (AMPL), KLYS:LI29:31 (AMPL), KLYS:LI29:41 (AMPL), KLYS:LI29:61 (AMPL), KLYS:LI29:71 (AMPL)]"
2020-11-16 05:59:59.577037312+00:00,2020-11-16 06:00:05.877037312+00:00,KLYS:LI28:41,AMM,Reinforced,"[KLYS:LI28:41 (AMM, AMPL)]"
2020-11-16 07:41:09.342193152+00:00,2020-11-16 07:41:15.642193152+00:00,KLYS:LI21:61,AMM,Reinforced,"[KLYS:LI21:61 (AMM, AMPL)]"
2020-11-16 09:40:06.745089536+00:00,2020-11-16 09:40:13.045089536+00:00,KLYS:LI29:11,AMM,Reinforced,"[KLYS:LI29:11 (AMM, AMPL)]"
2020-11-16 10:42:55.342486016+00:00,2020-11-16 10:43:01.642486016+00:00,KLYS:LI21:61,AMM,Missing,
2020-11-16 12:01:01.745286400+00:00,2020-11-16 12:01:08.045286400+00:00,KLYS:LI29:31,AMM,Reinforced,"[KLYS:LI29:31 (AMM, AMPL)]"
2020-11-16 13:21:08.471358976+00:00,2020-11-16 13:21:14.771358976+00:00,KLYS:LI22:71,AMM,Reinforced,"[KLYS:LI22:71 (AMM, AMPL)]"
2020-11-16 14:37:35.071585792+00:00,2020-11-16 14:37:41.371585792+00:00,KLYS:LI24:51,AMM,Reinforced,"[KLYS:LI24:51 (AMM, AMPL)]"
2020-11-16 14:44:19.870843648+00:00,2020-11-16 14:44:26.170843648+00:00,KLYS:LI23:61,AMM,Reinforced,"[KLYS:LI23:61 (AMM, AMPL)]"
2020-11-16 15:02:24.071268352+00:00,2020-11-16 15:02:30.371268352+00:00,KLYS:LI24:31,AMM,Reinforced,"[KLYS:LI24:31 (AMM, AMPL)]"
2020-11-16 15:49:09.071534592+00:00,2020-11-16 15:49:15.371534592+00:00,KLYS:LI24:51,AMM,Reinforced,"[KLYS:LI24:51 (AMM, AMPL)]"
2020-11-16 16:11:18.955118592+00:00,2020-11-16 16:11:25.255118592+00:00,KLYS:LI27:41,AMM,Missing,
2020-11-16 16:12:43.955165440+00:00,2020-11-16 16:12:50.255165440+00:00,KLYS:LI27:41,AMM,Missing,
2020-11-16 16:13:38.955254528+00:00,2020-11-16 16:13:45.255254528+00:00,KLYS:LI27:41,AMM,Missing,
2020-11-16 16:14:53.955003904+00:00,2020-11-16 16:15:00.255003904+00:00,KLYS:LI27:41,AMM,Missing,
2020-11-16 16:15:13.954879744+00:00,2020-11-16 16:15:20.254879744+00:00,KLYS:LI27:41,AMM,Missing,
2020-11-16 16:15:43.955156736+00:00,2020-11-16 16:15:50.255156736+00:00,KLYS:LI27:41,AMM,Missing,
2020-11-16 16:15:53.955105792+00:00,2020-11-16 16:16:00.255105792+00:00,KLYS:LI27:41,AMM,Missing,
2020-11-16 16:16:08.954918144+00:00,2020-11-16 16:16:15.254918144+00:00,KLYS:LI27:41,AMM,Missing,
2020-11-16 16:16:43.954876160+00:00,2020-11-16 16:16:50.254876160+00:00,KLYS:LI27:41,AMM,Missing,
2020-11-16 16:16:58.955013120+00:00,2020-11-16 16:17:05.255013120+00:00,KLYS:LI27:41,AMM,Missing,
2020-11-16 16:17:18.955244800+00:00,2020-11-16 16:17:25.255244800+00:00,KLYS:LI27:41,AMM,Missing,
2020-11-16 16:17:39.954946304+00:00,2020-11-16 16:17:46.254946304+00:00,KLYS:LI27:41,AMM,Missing,
2020-11-16 16:17:58.954992640+00:00,2020-11-16 16:18:05.254992640+00:00,KLYS:LI27:41,AMM,Missing,
2020-11-16 16:18:33.954883328+00:00,2020-11-16 16:18:40.254883328+00:00,KLYS:LI27:41,AMM,Missing,
2020-11-16 16:19:48.955005952+00:00,2020-11-16 16:19:55.255005952+00:00,KLYS:LI27:41,AMM,Missing,
2020-11-16 16:20:38.955165696+00:00,2020-11-16 16:20:45.255165696+00:00,KLYS:LI27:41,AMM,Missing,
2020-11-16 16:21:23.954914304+00:00,2020-11-16 16:21:30.254914304+00:00,KLYS:LI27:41,AMM,Missing,
2020-11-16 16:22:18.954897408+00:00,2020-11-16 16:22:25.254897408+00:00,KLYS:LI27:41,AMM,Missing,
2020-11-16 16:31:18.955037952+00:00,2020-11-16 16:31:25.255037952+00:00,KLYS:LI27:41,AMM,Missing,
2020-11-16 16:31:38.954900480+00:00,2020-11-16 16:31:45.254900480+00:00,KLYS:LI27:41,AMM,Missing,
2020-11-16 16:32:33.955027968+00:00,2020-11-16 16:32:40.255027968+00:00,KLYS:LI27:41,AMM,Missing,
2020-11-16 16:32:58.954936320+00:00,2020-11-16 16:33:05.254936320+00:00,KLYS:LI27:41,AMM,Missing,
2020-11-16 16:35:58.955116032+00:00,2020-11-16 16:36:05.255116032+00:00,KLYS:LI27:41,AMM,Missing,
2020-11-16 16:36:53.955221248+00:00,2020-11-16 16:37:00.255221248+00:00,KLYS:LI27:41,AMM,Missing,
2020-11-16 16:37:28.955196928+00:00,2020-11-16 16:37:35.255196928+00:00,KLYS:LI27:41,AMM,Missing,
2020-11-16 16:37:43.955171840+00:00,2020-11-16 16:37:50.255171840+00:00,KLYS:LI27:41,AMM,Missing,
2020-11-16 16:38:23.955044608+00:00,2020-11-16 16:38:30.255044608+00:00,KLYS:LI27:41,AMM,Missing,
2020-11-16 16:39:58.955181824+00:00,2020-11-16 16:40:05.255181824+00:00,KLYS:LI27:41,AMM,Missing,
2020-11-16 16:41:18.955016960+00:00,2020-11-16 16:41:25.255016960+00:00,KLYS:LI27:41,AMM,Missing,
2020-11-16 16:41:33.954868736+00:00,2020-11-16 16:41:40.254868736+00:00,KLYS:LI27:41,AMM,Missing,
2020-11-16 16:42:18.954808576+00:00,2020-11-16 16:42:25.254808576+00:00,KLYS:LI27:41,AMM,Missing,
2020-11-16 16:42:28.955069184+00:00,2020-11-16 16:42:35.255069184+00:00,KLYS:LI27:41,AMM,Missing,
2020-11-16 16:42:53.954969600+00:00,2020-11-16 16:43:00.254969600+00:00,KLYS:LI27:41,AMM,Missing,
2020-11-16 16:43:49.955086336+00:00,2020-11-16 16:43:56.255086336+00:00,KLYS:LI27:41,AMM,Missing,
2020-11-16 16:44:58.954971392+00:00,2020-11-16 16:45:05.254971392+00:00,KLYS:LI27:41,AMM,Missing,
2020-11-16 16:45:14.954918656+00:00,2020-11-16 16:45:21.254918656+00:00,KLYS:LI27:41,AMM,Missing,
2020-11-16 16:45:33.954989056+00:00,2020-11-16 16:45:40.254989056+00:00,KLYS:LI27:41,AMM,Missing,
2020-11-16 16:45:53.954998784+00:00,2020-11-16 16:46:00.254998784+00:00,KLYS:LI27:41,AMM,Missing,
2020-11-16 16:46:18.955040256+00:00,2020-11-16 16:46:25.255040256+00:00,KLYS:LI27:41,AMM,Missing,
2020-11-16 16:46:39.954933504+00:00,2020-11-16 16:46:46.254933504+00:00,KLYS:LI27:41,AMM,Missing,
2020-11-16 16:50:08.954937600+00:00,2020-11-16 16:50:15.254937600+00:00,KLYS:LI27:41,AMM,Missing,
2020-11-16 16:52:43.954917376+00:00,2020-11-16 16:52:50.254917376+00:00,KLYS:LI27:41,AMM,Missing,
2020-11-16 16:53:28.955050496+00:00,2020-11-16 16:53:35.255050496+00:00,KLYS:LI27:41,AMM,Missing,
2020-11-16 16:55:38.955098368+00:00,2020-11-16 16:55:45.255098368+00:00,KLYS:LI27:41,AMM,Missing,
2020-11-16 16:56:33.955129344+00:00,2020-11-16 16:56:40.255129344+00:00,KLYS:LI27:41,AMM,Missing,
2020-11-16 16:56:54.955116800+00:00,2020-11-16 16:57:01.255116800+00:00,KLYS:LI27:41,AMM,Missing,
2020-11-16 16:57:03.955096832+00:00,2020-11-16 16:57:10.255096832+00:00,KLYS:LI27:41,AMM,Missing,
2020-11-16 16:58:08.955132416+00:00,2020-11-16 16:58:15.255132416+00:00,KLYS:LI27:41,AMM,Missing,
2020-11-16 16:58:53.955066112+00:00,2020-11-16 16:59:00.255066112+00:00,KLYS:LI27:41,AMM,Missing,
2020-11-16 17:00:28.955070720+00:00,2020-11-16 17:00:35.255070720+00:00,KLYS:LI27:41,AMM,Missing,
2020-11-16 17:00:48.955114752+00:00,2020-11-16 17:00:55.255114752+00:00,KLYS:LI27:41,AMM,Missing,
2020-11-16 17:00:58.955120128+00:00,2020-11-16 17:01:05.255120128+00:00,KLYS:LI27:41,AMM,Missing,
2020-11-17 05:31:14.576797440+00:00,2020-11-17 05:31:20.876797440+00:00,KLYS:LI28:21,AMM,Reinforced,"[KLYS:LI28:21 (AMM, AMPL)]"
2020-11-17 06:28:17.342262272+00:00,2020-11-17 06:28:23.642262272+00:00,KLYS:LI21:61,AMM,Reinforced,"[KLYS:LI21:61 (AMM, AMPL)]"
2020-11-17 06:58:33.745078528+00:00,2020-11-17 06:58:40.045078528+00:00,KLYS:LI29:11,AMM,Reinforced,"[KLYS:LI29:11 (AMM, AMPL)]"
2020-11-17 07:39:42.576678400+00:00,2020-11-17 07:39:48.876678400+00:00,KLYS:LI28:21,AMM,Reinforced,"[KLYS:LI28:21 (AMM, AMPL)]"
2020-11-17 07:47:23.745473792+00:00,2020-11-17 07:47:30.045473792+00:00,KLYS:LI29:31,AMM,Reinforced,"[KLYS:LI29:31 (AMM, AMPL)]"
2020-11-17 10:37:00.342349312+00:00,2020-11-17 10:37:06.642349312+00:00,KLYS:LI21:61,AMM,Reinforced,"[KLYS:LI21:61 (AMM, AMPL)]"
2020-11-17 11:53:28.471361024+00:00,2020-11-17 11:53:34.771361024+00:00,KLYS:LI22:71,AMM,Disagree,"[KLYS:LI22:71 (AMM, AMPL), KLYS:LI24:11 (AMPL), KLYS:LI24:31 (AMPL)]"
2020-11-17 12:51:08.870746624+00:00,2020-11-17 12:51:15.170746624+00:00,KLYS:LI23:61,AMM,Reinforced,"[KLYS:LI23:61 (AMM, AMPL)]"
2020-11-17 14:10:52.694419456+00:00,2020-11-17 14:10:58.994419456+00:00,KLYS:LI30:41,AMM,Missing,
2020-11-17 16:14:41.694673152+00:00,2020-11-17 16:14:47.994673152+00:00,KLYS:LI30:41,AMM,Missing,
2020-11-17 16:16:25.694481408+00:00,2020-11-17 16:16:31.994481408+00:00,KLYS:LI30:41,AMM,Missing,
2020-11-17 16:34:25.694324224+00:00,2020-11-17 16:34:31.994324224+00:00,KLYS:LI30:41,AMM,Missing,
2020-11-17 16:35:36.694738944+00:00,2020-11-17 16:35:42.994738944+00:00,KLYS:LI30:41,AMM,Missing,
2020-11-17 16:51:10.694408960+00:00,2020-11-17 16:51:16.994408960+00:00,KLYS:LI30:41,AMM,Missing,
2020-11-17 16:52:05.694474240+00:00,2020-11-17 16:52:11.994474240+00:00,KLYS:LI30:41,AMM,Missing,
2020-11-17 16:52:15.694443520+00:00,2020-11-17 16:52:21.994443520+00:00,KLYS:LI30:41,AMM,Missing,
2020-11-17 16:52:50.694375168+00:00,2020-11-17 16:52:56.994375168+00:00,KLYS:LI30:41,AMM,Missing,
2020-11-17 16:53:00.694260480+00:00,2020-11-17 16:53:06.994260480+00:00,KLYS:LI30:41,AMM,Missing,
2020-11-17 16:53:25.694462976+00:00,2020-11-17 16:53:31.994462976+00:00,KLYS:LI30:41,AMM,Missing,
2020-11-20 03:07:54.471533312+00:00,2020-11-20 03:08:00.771533312+00:00,KLYS:LI22:71,AMM,Reinforced,"[KLYS:LI22:71 (AMM, AMPL)]"
2020-11-20 04:18:13.471564544+00:00,2020-11-20 04:18:19.771564544+00:00,KLYS:LI22:71,AMM,Reinforced,"[KLYS:LI22:71 (AMM, AMPL)]"
2020-11-20 04:18:23.471316992+00:00,2020-11-20 04:18:29.771316992+00:00,KLYS:LI22:71,AMM,Reinforced,"[KLYS:LI22:71 (AMM, AMPL)]"
2020-11-20 04:51:12.870790656+00:00,2020-11-20 04:51:19.170790656+00:00,KLYS:LI23:51,AMM,Disagree,"[KLYS:LI20:81 (AMPL), KLYS:LI21:21 (AMPL), KLYS:LI23:51 (AMM)]"
2020-11-20 06:19:39.071342592+00:00,2020-11-20 06:19:45.371342592+00:00,KLYS:LI24:51,AMM,Reinforced,"[KLYS:LI24:51 (AMM, AMPL)]"
2020-11-20 07:33:45.342681856+00:00,2020-11-20 07:33:51.642681856+00:00,KLYS:LI21:61,AMM,Reinforced,"[KLYS:LI21:61 (AMM, AMPL)]"
2020-11-20 09:08:43.070909696+00:00,2020-11-20 09:08:49.370909696+00:00,KLYS:LI24:11,AMM,Reinforced,"[KLYS:LI24:11 (AMM, AMPL)]"
2020-11-20 09:19:50.745260800+00:00,2020-11-20 09:19:57.045260800+00:00,KLYS:LI29:21,AMM,Reinforced,"[KLYS:LI29:21 (AMM, AMPL)]"
2020-11-20 09:43:44.342725888+00:00,2020-11-20 09:43:50.642725888+00:00,KLYS:LI21:61,AMM,Reinforced,"[KLYS:LI21:61 (AMM, AMPL)]"
2020-11-20 10:21:45.226861824+00:00,2020-11-20 10:21:51.526861824+00:00,KLYS:LI26:41,AMM,Reinforced,"[KLYS:LI26:41 (AMM, AMPL)]"
2020-11-21 04:03:50.493260544+00:00,2020-11-21 04:03:56.793260544+00:00,KLYS:LI20:61,AMM,Reinforced,"[KLYS:LI20:61 (AMM, AMPL)]"
2020-11-21 04:04:05.493281280+00:00,2020-11-21 04:04:11.793281280+00:00,KLYS:LI20:61,AMM,Reinforced,"[KLYS:LI20:61 (AMM, AMPL)]"
2020-11-21 04:04:46.493289216+00:00,2020-11-21 04:04:52.793289216+00:00,KLYS:LI20:61,AMM,Reinforced,"[KLYS:LI20:61 (AMM, AMPL)]"
2020-11-21 04:39:43.733097984+00:00,2020-11-21 04:39:50.033097984+00:00,KLYS:LI25:81,AMM,Disagree,"[KLYS:LI22:21 (AMPL), KLYS:LI22:31 (AMPL), KLYS:LI22:41 (AMPL), KLYS:LI22:51 (AMPL), KLYS:LI22:61 (AMPL), KLYS:LI22:71 (AMPL), KLYS:LI25:81 (AMM)]"
2020-11-21 05:31:28.732477696+00:00,2020-11-21 05:31:35.032477696+00:00,KLYS:LI25:31,AMM,Reinforced,"[KLYS:LI25:31 (AMM, AMPL)]"
2020-11-21 05:40:32.732332544+00:00,2020-11-21 05:40:39.032332544+00:00,KLYS:LI25:31,AMM,Reinforced,"[KLYS:LI25:31 (AMM, AMPL)]"
2020-11-21 05:42:12.732410112+00:00,2020-11-21 05:42:19.032410112+00:00,KLYS:LI25:31,AMM,Reinforced,"[KLYS:LI25:31 (AMM, AMPL)]"
2020-11-21 05:46:37.732532992+00:00,2020-11-21 05:46:44.032532992+00:00,KLYS:LI25:31,AMM,Missing,
2020-11-21 05:57:20.744959744+00:00,2020-11-21 05:57:27.044959744+00:00,KLYS:LI29:11,AMM,Reinforced,"[KLYS:LI29:11 (AMM, AMPL)]"
2020-11-21 06:15:01.070927616+00:00,2020-11-21 06:15:07.370927616+00:00,KLYS:LI24:11,AMM,Disagree,"[KLYS:LI24:11 (AMM, AMPL), KLYS:LI24:31 (AMPL)]"
2020-11-21 06:15:16.070935552+00:00,2020-11-21 06:15:22.370935552+00:00,KLYS:LI24:11,AMM,Disagree,"[KLYS:LI24:11 (AMM, AMPL), KLYS:LI24:31 (AMPL)]"
2020-11-21 06:16:17.071470080+00:00,2020-11-21 06:16:23.371470080+00:00,KLYS:LI24:31,AMM,Disagree,"[KLYS:LI24:11 (AMPL), KLYS:LI24:31 (AMM, AMPL)]"
2020-11-21 06:28:51.071307008+00:00,2020-11-21 06:28:57.371307008+00:00,KLYS:LI24:31,AMM,Disagree,"[KLYS:LI24:11 (AMPL), KLYS:LI24:31 (AMM, AMPL)]"
2020-11-21 06:29:06.071123456+00:00,2020-11-21 06:29:12.371123456+00:00,KLYS:LI24:31,AMM,Missing,
2020-11-21 07:07:15.745378560+00:00,2020-11-21 07:07:22.045378560+00:00,KLYS:LI29:31,AMM,Reinforced,"[KLYS:LI29:31 (AMM, AMPL)]"
2020-11-21 07:07:25.745462016+00:00,2020-11-21 07:07:32.045462016+00:00,KLYS:LI29:31,AMM,Reinforced,"[KLYS:LI29:31 (AMM, AMPL)]"
2020-11-21 08:31:04.694504960+00:00,2020-11-21 08:31:10.994504960+00:00,KLYS:LI30:41,AMM,Missing,
2020-11-21 08:31:14.745162496+00:00,2020-11-21 08:31:21.045162496+00:00,KLYS:LI29:21,AMM,Reinforced,"[KLYS:LI29:21 (AMM, AMPL)]"
2020-11-21 08:38:14.694370816+00:00,2020-11-21 08:38:20.994370816+00:00,KLYS:LI30:41,AMM,Missing,
2020-11-21 08:48:28.870430208+00:00,2020-11-21 08:48:35.170430208+00:00,KLYS:LI23:41,AMM,Disagree,"[KLYS:LI23:41 (AMM, AMPL), KLYS:LI24:31 (AMPL)]"
2020-11-21 09:44:33.342600960+00:00,2020-11-21 09:44:39.642600960+00:00,KLYS:LI21:61,AMM,Reinforced,"[KLYS:LI21:61 (AMM, AMPL)]"
2020-11-21 10:38:13.745262336+00:00,2020-11-21 10:38:20.045262336+00:00,KLYS:LI29:31,AMM,Missing,
2020-11-21 10:38:43.745285888+00:00,2020-11-21 10:38:50.045285888+00:00,KLYS:LI29:31,AMM,Missing,
2020-11-21 10:39:33.745255680+00:00,2020-11-21 10:39:40.045255680+00:00,KLYS:LI29:31,AMM,Missing,
2020-11-21 10:40:48.745210368+00:00,2020-11-21 10:40:55.045210368+00:00,KLYS:LI29:31,AMM,Missing,
2020-11-21 10:41:13.745325568+00:00,2020-11-21 10:41:20.045325568+00:00,KLYS:LI29:31,AMM,Missing,
2020-11-21 10:41:38.745267968+00:00,2020-11-21 10:41:45.045267968+00:00,KLYS:LI29:31,AMM,Missing,
2020-11-21 10:42:33.745245184+00:00,2020-11-21 10:42:40.045245184+00:00,KLYS:LI29:31,AMM,Missing,
2020-11-21 10:44:14.745289472+00:00,2020-11-21 10:44:21.045289472+00:00,KLYS:LI29:31,AMM,Missing,
2020-11-21 10:46:48.745251328+00:00,2020-11-21 10:46:55.045251328+00:00,KLYS:LI29:31,AMM,Reinforced,"[KLYS:LI29:31 (AMM, AMPL)]"
2020-11-21 10:49:53.745303808+00:00,2020-11-21 10:50:00.045303808+00:00,KLYS:LI29:31,AMM,Missing,
2020-11-21 10:50:28.745273600+00:00,2020-11-21 10:50:35.045273600+00:00,KLYS:LI29:31,AMM,Missing,
2020-11-21 10:50:48.745364992+00:00,2020-11-21 10:50:55.045364992+00:00,KLYS:LI29:31,AMM,Missing,
2020-11-21 11:37:03.745501952+00:00,2020-11-21 11:37:10.045501952+00:00,KLYS:LI29:41,AMM,Reinforced,"[KLYS:LI29:41 (AMM, AMPL)]"
2020-11-21 12:00:43.342502400+00:00,2020-11-21 12:00:49.642502400+00:00,KLYS:LI21:61,AMM,Reinforced,"[KLYS:LI21:61 (AMM, AMPL)]"
2020-11-21 13:43:29.745116672+00:00,2020-11-21 13:43:36.045116672+00:00,KLYS:LI29:31,AMM,Reinforced,"[KLYS:LI29:31 (AMM, AMPL)]"
2020-11-21 13:43:39.745200128+00:00,2020-11-21 13:43:46.045200128+00:00,KLYS:LI29:31,AMM,Reinforced,"[KLYS:LI29:31 (AMM, AMPL)]"
2020-11-21 16:00:19.745260288+00:00,2020-11-21 16:00:26.045260288+00:00,KLYS:LI29:31,AMM,Reinforced,"[KLYS:LI29:31 (AMM, AMPL)]"
2020-11-21 16:41:48.342496768+00:00,2020-11-21 16:41:54.642496768+00:00,KLYS:LI21:71,AMM,Reinforced,"[KLYS:LI21:71 (AMM, AMPL)]"
2020-11-21 16:46:53.745019648+00:00,2020-11-21 16:47:00.045019648+00:00,KLYS:LI29:11,AMM,Reinforced,"[KLYS:LI29:11 (AMM, AMPL)]"
2020-11-22 10:33:05.919420160+00:00,2020-11-22 10:33:12.219420160+00:00,KLYS:LI24:11,AMM,Reinforced,"[KLYS:LI24:11 (AMM, AMPL)]"
2020-11-22 11:29:58.493361152+00:00,2020-11-22 11:30:04.793361152+00:00,KLYS:LI20:61,AMM,Reinforced,"[KLYS:LI20:61 (AMM, AMPL)]"
2020-11-22 11:51:11.870932480+00:00,2020-11-22 11:51:18.170932480+00:00,KLYS:LI23:51,AMM,Disagree,"[KLYS:LI21:21 (AMPL), KLYS:LI23:51 (AMM), KLYS:LI24:11 (AMPL), KLYS:LI24:41 (AMPL), KLYS:LI28:41 (AMPL)]"
2020-11-22 12:11:22.471313920+00:00,2020-11-22 12:11:28.771313920+00:00,KLYS:LI22:71,AMM,Disagree,"[KLYS:LI22:71 (AMM, AMPL), KLYS:LI24:31 (AMPL)]"
2020-11-22 13:21:32.342166272+00:00,2020-11-22 13:21:38.642166272+00:00,KLYS:LI21:61,AMM,Missing,
2020-11-22 14:13:07.493201408+00:00,2020-11-22 14:13:13.793201408+00:00,KLYS:LI20:61,AMM,Disagree,"[KLYS:LI20:61 (AMM, AMPL), KLYS:LI21:11 (AMPL)]"
2020-11-22 14:29:34.071122432+00:00,2020-11-22 14:29:40.371122432+00:00,KLYS:LI24:31,AMM,Reinforced,"[KLYS:LI24:31 (AMM, AMPL)]"
2020-11-22 14:49:25.694768640+00:00,2020-11-22 14:49:31.994768640+00:00,KLYS:LI30:51,AMM,Reinforced,"[KLYS:LI30:51 (AMM, AMPL)]"
2020-11-22 14:58:50.694618880+00:00,2020-11-22 14:58:56.994618880+00:00,KLYS:LI30:51,AMM,Reinforced,"[KLYS:LI30:51 (AMM, AMPL)]"
2020-11-22 15:10:22.342650624+00:00,2020-11-22 15:10:28.642650624+00:00,KLYS:LI21:61,AMM,Reinforced,"[KLYS:LI21:61 (AMM, AMPL)]"
2020-11-22 15:28:22.342387456+00:00,2020-11-22 15:28:28.642387456+00:00,KLYS:LI21:61,AMM,Reinforced,"[KLYS:LI21:61 (AMM, AMPL)]"
2020-11-23 10:02:03.341602816+00:00,2020-11-23 10:02:09.641602816+00:00,KLYS:LI21:11,AMM,Missing,
2020-11-23 10:19:55.226779904+00:00,2020-11-23 10:20:01.526779904+00:00,KLYS:LI26:41,AMM,Reinforced,"[KLYS:LI26:41 (AMM, AMPL)]"
2020-11-23 10:31:09.745329920+00:00,2020-11-23 10:31:16.045329920+00:00,KLYS:LI29:31,AMM,Reinforced,"[KLYS:LI29:31 (AMM, AMPL)]"
2020-11-23 10:32:49.745521408+00:00,2020-11-23 10:32:56.045521408+00:00,KLYS:LI29:31,AMM,Missing,
2020-11-23 10:34:19.745469184+00:00,2020-11-23 10:34:26.045469184+00:00,KLYS:LI29:31,AMM,Missing,
2020-11-23 10:34:34.745422592+00:00,2020-11-23 10:34:41.045422592+00:00,KLYS:LI29:31,AMM,Missing,
2020-11-23 10:46:38.878263040+00:00,2020-11-23 10:46:45.178263040+00:00,KLYS:LI27:41,AMM,Reinforced,"[KLYS:LI27:41 (AMM, AMPL)]"
2020-11-23 10:47:50.227005440+00:00,2020-11-23 10:47:56.527005440+00:00,KLYS:LI26:51,AMM,Missing,
2020-11-23 10:52:58.207384320+00:00,2020-11-23 10:53:04.507384320+00:00,KLYS:LI27:41,AMM,Missing,
2020-11-23 10:58:18.877779712+00:00,2020-11-23 10:58:25.177779712+00:00,KLYS:LI27:41,AMM,Missing,
2020-11-23 10:59:19.877762048+00:00,2020-11-23 10:59:26.177762048+00:00,KLYS:LI27:41,AMM,Missing,
2020-11-23 11:00:29.877832704+00:00,2020-11-23 11:00:36.177832704+00:00,KLYS:LI27:41,AMM,Missing,
2020-11-23 11:01:08.877686272+00:00,2020-11-23 11:01:15.177686272+00:00,KLYS:LI27:41,AMM,Missing,
2020-11-23 11:01:18.877801472+00:00,2020-11-23 11:01:25.177801472+00:00,KLYS:LI27:41,AMM,Missing,
2020-11-23 11:02:13.878009600+00:00,2020-11-23 11:02:20.178009600+00:00,KLYS:LI27:41,AMM,Missing,
2020-11-23 11:02:39.877737728+00:00,2020-11-23 11:02:46.177737728+00:00,KLYS:LI27:41,AMM,Missing,
2020-11-23 11:03:38.877836800+00:00,2020-11-23 11:03:45.177836800+00:00,KLYS:LI27:41,AMM,Missing,
2020-11-23 11:03:58.877849088+00:00,2020-11-23 11:04:05.177849088+00:00,KLYS:LI27:41,AMM,Missing,
2020-11-23 11:04:38.877695488+00:00,2020-11-23 11:04:45.177695488+00:00,KLYS:LI27:41,AMM,Missing,
2020-11-23 11:05:23.877673472+00:00,2020-11-23 11:05:30.177673472+00:00,KLYS:LI27:41,AMM,Missing,
2020-11-23 11:06:58.877771264+00:00,2020-11-23 11:07:05.177771264+00:00,KLYS:LI27:41,AMM,Missing,
2020-11-23 11:08:53.877687296+00:00,2020-11-23 11:09:00.177687296+00:00,KLYS:LI27:41,AMM,Missing,
2020-11-23 11:09:44.877802496+00:00,2020-11-23 11:09:51.177802496+00:00,KLYS:LI27:41,AMM,Missing,
2020-11-23 11:10:38.877664256+00:00,2020-11-23 11:10:45.177664256+00:00,KLYS:LI27:41,AMM,Missing,
2020-11-23 11:11:39.877777152+00:00,2020-11-23 11:11:46.177777152+00:00,KLYS:LI27:41,AMM,Missing,
2020-11-23 11:13:28.878311936+00:00,2020-11-23 11:13:35.178311936+00:00,KLYS:LI27:41,AMM,Missing,
2020-11-23 11:13:53.877699328+00:00,2020-11-23 11:14:00.177699328+00:00,KLYS:LI27:41,AMM,Missing,
2020-11-23 11:14:28.877741824+00:00,2020-11-23 11:14:35.177741824+00:00,KLYS:LI27:41,AMM,Missing,
2020-11-23 11:15:48.877735424+00:00,2020-11-23 11:15:55.177735424+00:00,KLYS:LI27:41,AMM,Missing,
2020-11-23 11:16:53.877637888+00:00,2020-11-23 11:17:00.177637888+00:00,KLYS:LI27:41,AMM,Missing,
2020-11-23 11:17:38.877728768+00:00,2020-11-23 11:17:45.177728768+00:00,KLYS:LI27:41,AMM,Missing,
2020-11-23 11:18:23.877803008+00:00,2020-11-23 11:18:30.177803008+00:00,KLYS:LI27:41,AMM,Missing,
2020-11-23 11:18:40.226739968+00:00,2020-11-23 11:18:46.526739968+00:00,KLYS:LI26:41,AMM,Reinforced,"[KLYS:LI26:41 (AMM, AMPL)]"
2020-11-23 11:18:58.877977600+00:00,2020-11-23 11:19:05.177977600+00:00,KLYS:LI27:41,AMM,Missing,
2020-11-23 11:20:23.877846272+00:00,2020-11-23 11:20:30.177846272+00:00,KLYS:LI27:41,AMM,Missing,
2020-11-23 11:21:13.877676032+00:00,2020-11-23 11:21:20.177676032+00:00,KLYS:LI27:41,AMM,Missing,
2020-11-23 11:21:23.877765120+00:00,2020-11-23 11:21:30.177765120+00:00,KLYS:LI27:41,AMM,Missing,
2020-11-23 11:21:53.877881600+00:00,2020-11-23 11:22:00.177881600+00:00,KLYS:LI27:41,AMM,Missing,
2020-11-23 11:22:33.877804800+00:00,2020-11-23 11:22:40.177804800+00:00,KLYS:LI27:41,AMM,Missing,
2020-11-23 11:22:53.877869824+00:00,2020-11-23 11:23:00.177869824+00:00,KLYS:LI27:41,AMM,Missing,
2020-11-23 11:23:38.877755904+00:00,2020-11-23 11:23:45.177755904+00:00,KLYS:LI27:41,AMM,Missing,
2020-11-23 11:24:24.877775616+00:00,2020-11-23 11:24:31.177775616+00:00,KLYS:LI27:41,AMM,Missing,
2020-11-23 11:25:23.877791744+00:00,2020-11-23 11:25:30.177791744+00:00,KLYS:LI27:41,AMM,Missing,
2020-11-23 11:25:58.877778944+00:00,2020-11-23 11:26:05.177778944+00:00,KLYS:LI27:41,AMM,Missing,
2020-11-23 11:26:18.877709568+00:00,2020-11-23 11:26:25.177709568+00:00,KLYS:LI27:41,AMM,Missing,
2020-11-23 11:27:23.877766912+00:00,2020-11-23 11:27:30.177766912+00:00,KLYS:LI27:41,AMM,Missing,
2020-11-23 11:27:53.877762304+00:00,2020-11-23 11:28:00.177762304+00:00,KLYS:LI27:41,AMM,Missing,
2020-11-23 11:28:08.877812736+00:00,2020-11-23 11:28:15.177812736+00:00,KLYS:LI27:41,AMM,Missing,
2020-11-23 11:28:48.877974272+00:00,2020-11-23 11:28:55.177974272+00:00,KLYS:LI27:41,AMM,Missing,
2020-11-23 11:29:53.877696256+00:00,2020-11-23 11:30:00.177696256+00:00,KLYS:LI27:41,AMM,Missing,
2020-11-23 11:31:33.877723648+00:00,2020-11-23 11:31:40.177723648+00:00,KLYS:LI27:41,AMM,Missing,
2020-11-23 11:31:53.877744640+00:00,2020-11-23 11:32:00.177744640+00:00,KLYS:LI27:41,AMM,Missing,
2020-11-23 11:32:13.877692672+00:00,2020-11-23 11:32:20.177692672+00:00,KLYS:LI27:41,AMM,Missing,
2020-11-23 11:32:23.877707264+00:00,2020-11-23 11:32:30.177707264+00:00,KLYS:LI27:41,AMM,Missing,
2020-11-23 11:33:03.877691904+00:00,2020-11-23 11:33:10.177691904+00:00,KLYS:LI27:41,AMM,Missing,
2020-11-23 11:33:33.877840384+00:00,2020-11-23 11:33:40.177840384+00:00,KLYS:LI27:41,AMM,Missing,
2020-11-23 11:34:03.877666048+00:00,2020-11-23 11:34:10.177666048+00:00,KLYS:LI27:41,AMM,Missing,
2020-11-23 11:34:48.877671936+00:00,2020-11-23 11:34:55.177671936+00:00,KLYS:LI27:41,AMM,Missing,
2020-11-23 11:35:28.878064128+00:00,2020-11-23 11:35:35.178064128+00:00,KLYS:LI27:41,AMM,Missing,
2020-11-23 11:35:43.877725952+00:00,2020-11-23 11:35:50.177725952+00:00,KLYS:LI27:41,AMM,Missing,
2020-11-23 11:36:03.877780224+00:00,2020-11-23 11:36:10.177780224+00:00,KLYS:LI27:41,AMM,Missing,
2020-11-23 11:36:43.877746944+00:00,2020-11-23 11:36:50.177746944+00:00,KLYS:LI27:41,AMM,Missing,
2020-11-23 11:36:58.877715456+00:00,2020-11-23 11:37:05.177715456+00:00,KLYS:LI27:41,AMM,Missing,
2020-11-23 11:37:18.877751296+00:00,2020-11-23 11:37:25.177751296+00:00,KLYS:LI27:41,AMM,Missing,
2020-11-23 11:37:58.877843456+00:00,2020-11-23 11:38:05.177843456+00:00,KLYS:LI27:41,AMM,Missing,
2020-11-23 11:38:08.877738240+00:00,2020-11-23 11:38:15.177738240+00:00,KLYS:LI27:41,AMM,Missing,
2020-11-23 11:38:48.877719552+00:00,2020-11-23 11:38:55.177719552+00:00,KLYS:LI27:41,AMM,Missing,
2020-11-23 11:39:08.877789952+00:00,2020-11-23 11:39:15.177789952+00:00,KLYS:LI27:41,AMM,Missing,
2020-11-23 11:41:18.877735424+00:00,2020-11-23 11:41:25.177735424+00:00,KLYS:LI27:41,AMM,Missing,
2020-11-23 11:42:33.877923584+00:00,2020-11-23 11:42:40.177923584+00:00,KLYS:LI27:41,AMM,Missing,
2020-11-23 11:42:59.877854464+00:00,2020-11-23 11:43:06.177854464+00:00,KLYS:LI27:41,AMM,Missing,
2020-11-23 11:44:08.877908992+00:00,2020-11-23 11:44:15.177908992+00:00,KLYS:LI27:41,AMM,Missing,
2020-11-23 11:45:38.877767680+00:00,2020-11-23 11:45:45.177767680+00:00,KLYS:LI27:41,AMM,Missing,
2020-11-23 11:46:58.877960960+00:00,2020-11-23 11:47:05.177960960+00:00,KLYS:LI27:41,AMM,Missing,
2020-11-23 11:48:08.877801472+00:00,2020-11-23 11:48:15.177801472+00:00,KLYS:LI27:41,AMM,Missing,
2020-11-23 11:51:18.878048256+00:00,2020-11-23 11:51:25.178048256+00:00,KLYS:LI27:41,AMM,Missing,
2020-11-23 11:51:58.877862144+00:00,2020-11-23 11:52:05.177862144+00:00,KLYS:LI27:41,AMM,Missing,
2020-11-23 11:53:13.877870848+00:00,2020-11-23 11:53:20.177870848+00:00,KLYS:LI27:41,AMM,Missing,
2020-11-23 11:53:59.877905920+00:00,2020-11-23 11:54:06.177905920+00:00,KLYS:LI27:41,AMM,Missing,
2020-11-23 11:54:08.877976576+00:00,2020-11-23 11:54:15.177976576+00:00,KLYS:LI27:41,AMM,Missing,
2020-11-23 11:54:29.878030592+00:00,2020-11-23 11:54:36.178030592+00:00,KLYS:LI27:41,AMM,Missing,
2020-11-23 11:55:33.877892864+00:00,2020-11-23 11:55:40.177892864+00:00,KLYS:LI27:41,AMM,Missing,
2020-11-23 11:56:18.877908736+00:00,2020-11-23 11:56:25.177908736+00:00,KLYS:LI27:41,AMM,Missing,
2020-11-23 11:57:18.878131968+00:00,2020-11-23 11:57:25.178131968+00:00,KLYS:LI27:41,AMM,Missing,
2020-11-23 11:57:28.877789440+00:00,2020-11-23 11:57:35.177789440+00:00,KLYS:LI27:41,AMM,Missing,
2020-11-23 11:59:23.878173184+00:00,2020-11-23 11:59:30.178173184+00:00,KLYS:LI27:41,AMM,Missing,
2020-11-23 11:59:58.877797632+00:00,2020-11-23 12:00:05.177797632+00:00,KLYS:LI27:41,AMM,Missing,
2020-11-23 12:00:58.877725952+00:00,2020-11-23 12:01:05.177725952+00:00,KLYS:LI27:41,AMM,Missing,
2020-11-23 12:01:23.877934592+00:00,2020-11-23 12:01:30.177934592+00:00,KLYS:LI27:41,AMM,Missing,
2020-11-23 12:02:18.877718528+00:00,2020-11-23 12:02:25.177718528+00:00,KLYS:LI27:41,AMM,Missing,
2020-11-23 12:03:43.877929984+00:00,2020-11-23 12:03:50.177929984+00:00,KLYS:LI27:41,AMM,Missing,
2020-11-23 12:39:39.226942976+00:00,2020-11-23 12:39:45.526942976+00:00,KLYS:LI26:51,AMM,Reinforced,"[KLYS:LI26:51 (AMM, AMPL)]"
2020-11-23 12:50:39.227147264+00:00,2020-11-23 12:50:45.527147264+00:00,KLYS:LI26:51,AMM,Missing,
2020-11-23 12:58:20.576569088+00:00,2020-11-23 12:58:26.876569088+00:00,KLYS:LI28:21,AMM,Disagree,"[KLYS:LI26:51 (AMPL), KLYS:LI28:21 (AMM, AMPL)]"
2020-11-23 13:26:20.870635008+00:00,2020-11-23 13:26:27.170635008+00:00,KLYS:LI23:41,AMM,Reinforced,"[KLYS:LI23:41 (AMM, AMPL)]"
2020-11-23 13:37:03.342202112+00:00,2020-11-23 13:37:09.642202112+00:00,KLYS:LI21:61,AMM,Reinforced,"[KLYS:LI21:61 (AMM, AMPL)]"
2020-11-23 13:47:18.745662720+00:00,2020-11-23 13:47:25.045662720+00:00,KLYS:LI29:61,AMM,Reinforced,"[KLYS:LI29:61 (AMM, AMPL)]"
2020-11-23 14:29:39.877749760+00:00,2020-11-23 14:29:46.177749760+00:00,KLYS:LI27:41,AMM,Missing,
2020-11-23 14:34:14.877938944+00:00,2020-11-23 14:34:21.177938944+00:00,KLYS:LI27:41,AMM,Missing,
2020-11-23 14:34:24.877584384+00:00,2020-11-23 14:34:31.177584384+00:00,KLYS:LI27:41,AMM,Missing,
2020-11-23 14:34:44.877791232+00:00,2020-11-23 14:34:51.177791232+00:00,KLYS:LI27:41,AMM,Missing,
2020-11-23 14:35:35.877815808+00:00,2020-11-23 14:35:42.177815808+00:00,KLYS:LI27:41,AMM,Missing,
2020-11-23 14:42:43.226612224+00:00,2020-11-23 14:42:49.526612224+00:00,KLYS:LI26:51,AMM,Missing,
2020-11-23 14:42:53.226767872+00:00,2020-11-23 14:42:59.526767872+00:00,KLYS:LI26:51,AMM,Missing,
2020-11-23 15:45:12.226861056+00:00,2020-11-23 15:45:18.526861056+00:00,KLYS:LI26:51,AMM,Reinforced,"[KLYS:LI26:51 (AMM, AMPL)]"
2020-11-23 17:38:04.342112768+00:00,2020-11-23 17:38:10.642112768+00:00,KLYS:LI21:41,AMM,Disagree,"[KLYS:LI20:61 (AMPL), KLYS:LI21:41 (AMM, AMPL)]"
2020-11-23 17:59:23.746012672+00:00,2020-11-23 17:59:30.046012672+00:00,KLYS:LI30:31,AMM,Disagree,"[KLYS:LI30:21 (AMPL), KLYS:LI30:31 (AMM, AMPL), KLYS:LI30:41 (AMPL), KLYS:LI30:61 (AMPL), KLYS:LI30:71 (AMPL), KLYS:LI30:81 (AMPL)]"
2020-11-23 20:31:24.226844928+00:00,2020-11-23 20:31:30.526844928+00:00,KLYS:LI26:51,AMM,Missing,
2020-11-23 20:38:14.226711552+00:00,2020-11-23 20:38:20.526711552+00:00,KLYS:LI26:51,AMM,Missing,
2020-11-23 20:41:59.226764032+00:00,2020-11-23 20:42:05.526764032+00:00,KLYS:LI26:51,AMM,Missing,
2020-11-23 20:43:09.226748928+00:00,2020-11-23 20:43:15.526748928+00:00,KLYS:LI26:51,AMM,Missing,
2020-11-23 20:46:20.227041792+00:00,2020-11-23 20:46:26.527041792+00:00,KLYS:LI26:51,AMM,Missing,
2020-11-23 20:55:39.226818048+00:00,2020-11-23 20:55:45.526818048+00:00,KLYS:LI26:51,AMM,Missing,
2020-11-23 20:57:24.226902528+00:00,2020-11-23 20:57:30.526902528+00:00,KLYS:LI26:51,AMM,Missing,
2020-11-23 21:00:49.226881280+00:00,2020-11-23 21:00:55.526881280+00:00,KLYS:LI26:51,AMM,Missing,
2020-11-23 21:01:58.226868224+00:00,2020-11-23 21:02:04.526868224+00:00,KLYS:LI26:51,AMM,Missing,
2020-11-23 21:06:10.576569856+00:00,2020-11-23 21:06:16.876569856+00:00,KLYS:LI28:21,AMM,Reinforced,"[KLYS:LI28:21 (AMM, AMPL)]"
2020-11-23 21:06:28.226895360+00:00,2020-11-23 21:06:34.526895360+00:00,KLYS:LI26:51,AMM,Missing,
2020-11-23 21:07:48.227152128+00:00,2020-11-23 21:07:54.527152128+00:00,KLYS:LI26:51,AMM,Missing,
2020-11-23 21:13:03.227047680+00:00,2020-11-23 21:13:09.527047680+00:00,KLYS:LI26:51,AMM,Missing,
2020-11-23 21:14:38.226834432+00:00,2020-11-23 21:14:44.526834432+00:00,KLYS:LI26:51,AMM,Missing,
2020-11-23 21:19:58.226939648+00:00,2020-11-23 21:20:04.526939648+00:00,KLYS:LI26:51,AMM,Missing,
2020-11-23 21:21:18.226934528+00:00,2020-11-23 21:21:24.526934528+00:00,KLYS:LI26:51,AMM,Missing,
2020-11-23 21:23:18.226853888+00:00,2020-11-23 21:23:24.526853888+00:00,KLYS:LI26:51,AMM,Missing,
2020-11-23 21:26:38.226899456+00:00,2020-11-23 21:26:44.526899456+00:00,KLYS:LI26:51,AMM,Missing,
2020-11-23 21:28:09.226832896+00:00,2020-11-23 21:28:15.526832896+00:00,KLYS:LI26:51,AMM,Missing,
2020-11-23 21:33:38.226955520+00:00,2020-11-23 21:33:44.526955520+00:00,KLYS:LI26:51,AMM,Missing,
2020-11-23 21:34:58.227021056+00:00,2020-11-23 21:35:04.527021056+00:00,KLYS:LI26:51,AMM,Missing,
2020-11-23 21:35:13.226965504+00:00,2020-11-23 21:35:19.526965504+00:00,KLYS:LI26:51,AMM,Missing,
2020-11-23 21:40:54.226784512+00:00,2020-11-23 21:41:00.526784512+00:00,KLYS:LI26:51,AMM,Missing,
2020-11-23 21:42:28.226701568+00:00,2020-11-23 21:42:34.526701568+00:00,KLYS:LI26:51,AMM,Missing,
2020-11-23 21:42:43.226661632+00:00,2020-11-23 21:42:49.526661632+00:00,KLYS:LI26:51,AMM,Disagree,"[KLYS:LI20:61 (AMPL), KLYS:LI26:51 (AMM)]"
2020-11-23 21:50:08.226635776+00:00,2020-11-23 21:50:14.526635776+00:00,KLYS:LI26:51,AMM,Missing,
2020-11-23 21:50:18.226768128+00:00,2020-11-23 21:50:24.526768128+00:00,KLYS:LI26:51,AMM,Missing,
2020-11-23 21:50:43.226640384+00:00,2020-11-23 21:50:49.526640384+00:00,KLYS:LI26:51,AMM,Missing,
2020-11-23 21:50:54.226954496+00:00,2020-11-23 21:51:00.526954496+00:00,KLYS:LI26:51,AMM,Missing,
2020-11-23 21:51:13.226615296+00:00,2020-11-23 21:51:19.526615296+00:00,KLYS:LI26:51,AMM,Missing,
2020-11-23 21:53:22.870859776+00:00,2020-11-23 21:53:29.170859776+00:00,KLYS:LI23:61,AMM,Reinforced,"[KLYS:LI23:61 (AMM, AMPL)]"
2020-11-23 21:56:48.226773760+00:00,2020-11-23 21:56:54.526773760+00:00,KLYS:LI26:51,AMM,Missing,
2020-11-23 21:57:28.226698752+00:00,2020-11-23 21:57:34.526698752+00:00,KLYS:LI26:51,AMM,Missing,
2020-11-23 21:57:53.226790144+00:00,2020-11-23 21:57:59.526790144+00:00,KLYS:LI26:51,AMM,Missing,
2020-11-23 22:03:03.226874624+00:00,2020-11-23 22:03:09.526874624+00:00,KLYS:LI26:51,AMM,Missing,
2020-11-23 22:03:53.226762496+00:00,2020-11-23 22:03:59.526762496+00:00,KLYS:LI26:51,AMM,Missing,
2020-11-23 22:04:08.226698240+00:00,2020-11-23 22:04:14.526698240+00:00,KLYS:LI26:51,AMM,Missing,
2020-11-23 22:10:43.226711296+00:00,2020-11-23 22:10:49.526711296+00:00,KLYS:LI26:51,AMM,Missing,
2020-11-23 22:11:29.226722816+00:00,2020-11-23 22:11:35.526722816+00:00,KLYS:LI26:51,AMM,Missing,
2020-11-23 22:17:03.226735872+00:00,2020-11-23 22:17:09.526735872+00:00,KLYS:LI26:51,AMM,Missing,
2020-11-23 22:17:38.226781184+00:00,2020-11-23 22:17:44.526781184+00:00,KLYS:LI26:51,AMM,Missing,
2020-11-23 22:18:23.226863104+00:00,2020-11-23 22:18:29.526863104+00:00,KLYS:LI26:51,AMM,Missing,
2020-11-23 22:23:28.226876928+00:00,2020-11-23 22:23:34.526876928+00:00,KLYS:LI26:51,AMM,Reinforced,"[KLYS:LI26:51 (AMM, AMPL)]"
2020-11-23 22:24:03.226969344+00:00,2020-11-23 22:24:09.526969344+00:00,KLYS:LI26:51,AMM,Missing,
2020-11-23 22:31:38.226706432+00:00,2020-11-23 22:31:44.526706432+00:00,KLYS:LI26:51,AMM,Missing,
2020-11-23 22:32:13.226744320+00:00,2020-11-23 22:32:19.526744320+00:00,KLYS:LI26:51,AMM,Missing,
2020-11-23 22:32:38.226936320+00:00,2020-11-23 22:32:44.526936320+00:00,KLYS:LI26:51,AMM,Missing,
2020-11-23 22:42:47.226779648+00:00,2020-11-23 22:42:53.526779648+00:00,KLYS:LI26:51,AMM,Missing,
2020-11-23 22:47:47.226961664+00:00,2020-11-23 22:47:53.526961664+00:00,KLYS:LI26:51,AMM,Missing,
2020-11-23 22:58:47.227014400+00:00,2020-11-23 22:58:53.527014400+00:00,KLYS:LI26:51,AMM,Missing,
2020-11-23 22:59:02.226858240+00:00,2020-11-23 22:59:08.526858240+00:00,KLYS:LI26:51,AMM,Missing,
2020-11-23 22:59:12.227174912+00:00,2020-11-23 22:59:18.527174912+00:00,KLYS:LI26:51,AMM,Missing,
2020-11-23 22:59:43.226823424+00:00,2020-11-23 22:59:49.526823424+00:00,KLYS:LI26:51,AMM,Missing,
2020-11-23 22:59:52.227059712+00:00,2020-11-23 22:59:58.527059712+00:00,KLYS:LI26:51,AMM,Missing,
2020-11-23 23:05:09.576784896+00:00,2020-11-23 23:05:15.876784896+00:00,KLYS:LI28:21,AMM,Reinforced,"[KLYS:LI28:21 (AMM, AMPL)]"
2020-11-23 23:05:47.226883328+00:00,2020-11-23 23:05:53.526883328+00:00,KLYS:LI26:51,AMM,Missing,
2020-11-23 23:06:08.226875648+00:00,2020-11-23 23:06:14.526875648+00:00,KLYS:LI26:51,AMM,Missing,
2020-11-23 23:06:57.226947072+00:00,2020-11-23 23:07:03.526947072+00:00,KLYS:LI26:51,AMM,Missing,
2020-11-23 23:07:22.227021568+00:00,2020-11-23 23:07:28.527021568+00:00,KLYS:LI26:51,AMM,Missing,
2020-11-23 23:13:17.226901760+00:00,2020-11-23 23:13:23.526901760+00:00,KLYS:LI26:51,AMM,Missing,
2020-11-23 23:13:58.226833152+00:00,2020-11-23 23:14:04.526833152+00:00,KLYS:LI26:51,AMM,Missing,
2020-11-23 23:14:32.226948096+00:00,2020-11-23 23:14:38.526948096+00:00,KLYS:LI26:51,AMM,Missing,
2020-11-23 23:14:42.226980608+00:00,2020-11-23 23:14:48.526980608+00:00,KLYS:LI26:51,AMM,Missing,
2020-11-23 23:20:57.226846208+00:00,2020-11-23 23:21:03.526846208+00:00,KLYS:LI26:51,AMM,Missing,
2020-11-23 23:21:38.877918464+00:00,2020-11-23 23:21:45.177918464+00:00,KLYS:LI27:41,AMM,Missing,
2020-11-23 23:25:14.877629696+00:00,2020-11-23 23:25:21.177629696+00:00,KLYS:LI27:41,AMM,Reinforced,"[KLYS:LI27:41 (AMM, AMPL)]"
2020-11-23 23:27:12.226738176+00:00,2020-11-23 23:27:18.526738176+00:00,KLYS:LI26:51,AMM,Missing,
2020-11-23 23:34:37.226812672+00:00,2020-11-23 23:34:43.526812672+00:00,KLYS:LI26:51,AMM,Missing,
2020-11-23 23:34:52.226797824+00:00,2020-11-23 23:34:58.526797824+00:00,KLYS:LI26:51,AMM,Missing,
2020-11-23 23:42:27.226855680+00:00,2020-11-23 23:42:33.526855680+00:00,KLYS:LI26:51,AMM,Missing,
2020-11-23 23:42:57.226833664+00:00,2020-11-23 23:43:03.526833664+00:00,KLYS:LI26:51,AMM,Missing,
2020-11-23 23:43:12.226961920+00:00,2020-11-23 23:43:18.526961920+00:00,KLYS:LI26:51,AMM,Missing,
2020-11-23 23:49:18.226876672+00:00,2020-11-23 23:49:24.526876672+00:00,KLYS:LI26:51,AMM,Missing,
2020-11-23 23:51:12.226881280+00:00,2020-11-23 23:51:18.526881280+00:00,KLYS:LI26:51,AMM,Missing,
2020-11-23 23:52:02.226747648+00:00,2020-11-23 23:52:08.526747648+00:00,KLYS:LI26:51,AMM,Reinforced,"[KLYS:LI26:51 (AMM, AMPL)]"
2020-11-23 23:56:52.226645504+00:00,2020-11-23 23:56:58.526645504+00:00,KLYS:LI26:51,AMM,Missing,
2020-11-23 23:57:17.226737152+00:00,2020-11-23 23:57:23.526737152+00:00,KLYS:LI26:51,AMM,Missing,
2020-11-24 00:04:02.227046912+00:00,2020-11-24 00:04:08.527046912+00:00,KLYS:LI26:51,AMM,Missing,
2020-11-24 00:04:12.226894592+00:00,2020-11-24 00:04:18.526894592+00:00,KLYS:LI26:51,AMM,Missing,
2020-11-24 00:04:27.226920704+00:00,2020-11-24 00:04:33.526920704+00:00,KLYS:LI26:51,AMM,Missing,
2020-11-24 00:05:42.226994432+00:00,2020-11-24 00:05:48.526994432+00:00,KLYS:LI26:51,AMM,Missing,
2020-11-24 00:06:12.227046400+00:00,2020-11-24 00:06:18.527046400+00:00,KLYS:LI26:51,AMM,Missing,
2020-11-24 00:11:11.226745344+00:00,2020-11-24 00:11:17.526745344+00:00,KLYS:LI26:51,AMM,Missing,
2020-11-24 00:11:42.342352640+00:00,2020-11-24 00:11:48.642352640+00:00,KLYS:LI21:61,AMM,Reinforced,"[KLYS:LI21:61 (AMM, AMPL)]"
2020-11-24 00:16:22.226921216+00:00,2020-11-24 00:16:28.526921216+00:00,KLYS:LI26:51,AMM,Missing,
2020-11-24 00:18:01.226976768+00:00,2020-11-24 00:18:07.526976768+00:00,KLYS:LI26:51,AMM,Missing,
2020-11-24 00:20:46.226676992+00:00,2020-11-24 00:20:52.526676992+00:00,KLYS:LI26:51,AMM,Missing,
2020-11-24 00:26:06.226648320+00:00,2020-11-24 00:26:12.526648320+00:00,KLYS:LI26:51,AMM,Missing,
2020-11-24 00:26:36.226902528+00:00,2020-11-24 00:26:42.526902528+00:00,KLYS:LI26:51,AMM,Missing,
2020-11-24 00:26:46.226994432+00:00,2020-11-24 00:26:52.526994432+00:00,KLYS:LI26:51,AMM,Missing,
2020-11-24 00:34:01.227163392+00:00,2020-11-24 00:34:07.527163392+00:00,KLYS:LI26:51,AMM,Missing,
2020-11-24 00:34:21.226790656+00:00,2020-11-24 00:34:27.526790656+00:00,KLYS:LI26:51,AMM,Missing,
2020-11-24 00:34:31.226830336+00:00,2020-11-24 00:34:37.526830336+00:00,KLYS:LI26:51,AMM,Missing,
2020-11-24 00:34:46.226829824+00:00,2020-11-24 00:34:52.526829824+00:00,KLYS:LI26:51,AMM,Missing,
2020-11-24 00:39:50.470618880+00:00,2020-11-24 00:39:56.770618880+00:00,KLYS:LI22:11,AMM,Reinforced,"[KLYS:LI22:11 (AMM, AMPL)]"
2020-11-24 00:40:11.226769664+00:00,2020-11-24 00:40:17.526769664+00:00,KLYS:LI26:51,AMM,Missing,
2020-11-24 00:41:21.226701568+00:00,2020-11-24 00:41:27.526701568+00:00,KLYS:LI26:51,AMM,Missing,
2020-11-24 00:41:36.226639104+00:00,2020-11-24 00:41:42.526639104+00:00,KLYS:LI26:51,AMM,Missing,
2020-11-24 00:41:46.226690816+00:00,2020-11-24 00:41:52.526690816+00:00,KLYS:LI26:51,AMM,Missing,
2020-11-24 00:47:51.226732032+00:00,2020-11-24 00:47:57.526732032+00:00,KLYS:LI26:51,AMM,Missing,
2020-11-24 01:25:06.226654464+00:00,2020-11-24 01:25:12.526654464+00:00,KLYS:LI26:51,AMM,Missing,
2020-11-24 01:58:55.226706432+00:00,2020-11-24 01:59:01.526706432+00:00,KLYS:LI26:51,AMM,Missing,
2020-11-24 02:31:25.745108480+00:00,2020-11-24 02:31:32.045108480+00:00,KLYS:LI29:21,AMM,Reinforced,"[KLYS:LI29:21 (AMM, AMPL)]"
2020-11-24 02:48:55.226978304+00:00,2020-11-24 02:49:01.526978304+00:00,KLYS:LI26:51,AMM,Missing,
2020-11-24 02:54:40.226831616+00:00,2020-11-24 02:54:46.526831616+00:00,KLYS:LI26:51,AMM,Missing,
2020-11-24 02:55:40.226843648+00:00,2020-11-24 02:55:46.526843648+00:00,KLYS:LI26:51,AMM,Disagree,"[KLYS:LI23:11 (AMPL), KLYS:LI26:51 (AMM)]"
2020-11-24 03:16:15.733075712+00:00,2020-11-24 03:16:22.033075712+00:00,KLYS:LI25:61,AMM,Reinforced,"[KLYS:LI25:61 (AMM, AMPL)]"
2020-11-24 04:46:47.342416384+00:00,2020-11-24 04:46:53.642416384+00:00,KLYS:LI21:61,AMM,Reinforced,"[KLYS:LI21:61 (AMM, AMPL)]"
2020-11-24 04:46:57.471465216+00:00,2020-11-24 04:47:03.771465216+00:00,KLYS:LI22:71,AMM,Disagree,"[KLYS:LI22:71 (AMM, AMPL), KLYS:LI24:31 (AMPL)]"
2020-11-24 05:33:56.070976256+00:00,2020-11-24 05:34:02.370976256+00:00,KLYS:LI24:11,AMM,Reinforced,"[KLYS:LI24:11 (AMM, AMPL)]"
2020-11-24 06:28:51.071178496+00:00,2020-11-24 06:28:57.371178496+00:00,KLYS:LI24:31,AMM,Reinforced,"[KLYS:LI24:31 (AMM, AMPL)]"
2020-11-24 07:09:12.744961536+00:00,2020-11-24 07:09:19.044961536+00:00,KLYS:LI29:11,AMM,Reinforced,"[KLYS:LI29:11 (AMM, AMPL)]"
2020-11-24 07:51:22.745806080+00:00,2020-11-24 07:51:29.045806080+00:00,KLYS:LI29:41,AMM,Reinforced,"[KLYS:LI29:41 (AMM, AMPL)]"
2020-11-24 12:56:15.342382592+00:00,2020-11-24 12:56:21.642382592+00:00,KLYS:LI21:61,AMM,Reinforced,"[KLYS:LI21:61 (AMM, AMPL)]"
2020-11-24 15:04:48.745676544+00:00,2020-11-24 15:04:55.045676544+00:00,KLYS:LI29:61,AMM,Reinforced,"[KLYS:LI29:61 (AMM, AMPL)]"
2020-11-24 15:45:22.226366976+00:00,2020-11-24 15:45:28.526366976+00:00,KLYS:LI26:11,AMM,Reinforced,"[KLYS:LI26:11 (AMM, AMPL)]"
2020-11-24 16:02:27.226498304+00:00,2020-11-24 16:02:33.526498304+00:00,KLYS:LI26:11,AMM,Reinforced,"[KLYS:LI26:11 (AMM, AMPL)]"
2020-11-24 17:04:42.226801408+00:00,2020-11-24 17:04:48.526801408+00:00,KLYS:LI26:51,AMM,Reinforced,"[KLYS:LI26:51 (AMM, AMPL)]"
2020-11-24 17:47:07.870469888+00:00,2020-11-24 17:47:14.170469888+00:00,KLYS:LI23:41,AMM,Disagree,"[KLYS:LI23:41 (AMM, AMPL), KLYS:LI24:11 (AMPL), KLYS:LI24:31 (AMPL)]"
2020-11-24 17:51:27.745333760+00:00,2020-11-24 17:51:34.045333760+00:00,KLYS:LI29:21,AMM,Reinforced,"[KLYS:LI29:21 (AMM, AMPL)]"
2020-11-24 18:16:42.745270272+00:00,2020-11-24 18:16:49.045270272+00:00,KLYS:LI29:21,AMM,Reinforced,"[KLYS:LI29:21 (AMM, AMPL)]"
2020-11-24 18:52:21.227097856+00:00,2020-11-24 18:52:27.527097856+00:00,KLYS:LI26:51,AMM,Missing,
2020-11-24 18:53:36.226777344+00:00,2020-11-24 18:53:42.526777344+00:00,KLYS:LI26:51,AMM,Missing,
2020-11-24 20:41:22.471475712+00:00,2020-11-24 20:41:28.771475712+00:00,KLYS:LI22:61,AMM,Reinforced,"[KLYS:LI22:61 (AMM, AMPL)]"
2020-11-24 21:04:27.745637888+00:00,2020-11-24 21:04:34.045637888+00:00,KLYS:LI29:61,AMM,Reinforced,"[KLYS:LI29:61 (AMM, AMPL)]"
2020-11-24 21:19:44.071182592+00:00,2020-11-24 21:19:50.371182592+00:00,KLYS:LI24:31,AMM,Reinforced,"[KLYS:LI24:31 (AMM, AMPL)]"
2020-11-24 21:29:35.732418048+00:00,2020-11-24 21:29:42.032418048+00:00,KLYS:LI25:21,AMM,Reinforced,"[KLYS:LI25:21 (AMM, AMPL)]"
2020-11-24 21:42:24.227144192+00:00,2020-11-24 21:42:30.527144192+00:00,KLYS:LI26:51,AMM,Missing,
2020-11-24 22:16:59.226946048+00:00,2020-11-24 22:17:05.526946048+00:00,KLYS:LI26:51,AMM,Missing,
2020-11-24 22:17:14.226895616+00:00,2020-11-24 22:17:20.526895616+00:00,KLYS:LI26:51,AMM,Missing,
2020-11-24 22:17:24.226788608+00:00,2020-11-24 22:17:30.526788608+00:00,KLYS:LI26:51,AMM,Missing,
2020-11-24 22:19:39.227132416+00:00,2020-11-24 22:19:45.527132416+00:00,KLYS:LI26:51,AMM,Missing,
2020-11-24 22:19:54.226941184+00:00,2020-11-24 22:20:00.526941184+00:00,KLYS:LI26:51,AMM,Missing,
2020-11-24 22:26:03.226995200+00:00,2020-11-24 22:26:09.526995200+00:00,KLYS:LI26:51,AMM,Reinforced,"[KLYS:LI26:51 (AMM, AMPL)]"
2020-11-24 22:37:14.227057920+00:00,2020-11-24 22:37:20.527057920+00:00,KLYS:LI26:51,AMM,Missing,
2020-11-24 22:37:38.227110144+00:00,2020-11-24 22:37:44.527110144+00:00,KLYS:LI26:51,AMM,Missing,
2020-11-24 22:48:03.227010560+00:00,2020-11-24 22:48:09.527010560+00:00,KLYS:LI26:51,AMM,Missing,
2020-11-24 22:48:18.226962432+00:00,2020-11-24 22:48:24.526962432+00:00,KLYS:LI26:51,AMM,Missing,
2020-11-24 22:48:28.227102464+00:00,2020-11-24 22:48:34.527102464+00:00,KLYS:LI26:51,AMM,Missing,
2020-11-24 22:49:58.227183616+00:00,2020-11-24 22:50:04.527183616+00:00,KLYS:LI26:61,AMM,Reinforced,"[KLYS:LI26:61 (AMM, AMPL)]"
2020-11-24 22:52:08.227073536+00:00,2020-11-24 22:52:14.527073536+00:00,KLYS:LI26:51,AMM,Missing,
2020-11-24 22:53:43.227252736+00:00,2020-11-24 22:53:49.527252736+00:00,KLYS:LI26:51,AMM,Missing,
2020-11-24 22:54:18.226873344+00:00,2020-11-24 22:54:24.526873344+00:00,KLYS:LI26:51,AMM,Missing,
2020-11-24 23:00:39.227010560+00:00,2020-11-24 23:00:45.527010560+00:00,KLYS:LI26:51,AMM,Missing,
2020-11-24 23:00:53.227038464+00:00,2020-11-24 23:00:59.527038464+00:00,KLYS:LI26:51,AMM,Missing,
2020-11-24 23:01:03.227044096+00:00,2020-11-24 23:01:09.527044096+00:00,KLYS:LI26:51,AMM,Missing,
2020-11-24 23:02:03.227006720+00:00,2020-11-24 23:02:09.527006720+00:00,KLYS:LI26:51,AMM,Missing,
2020-11-24 23:03:40.471883264+00:00,2020-11-24 23:03:46.771883264+00:00,KLYS:LI22:81,AMM,Disagree,"[KLYS:LI22:81 (AMM, AMPL), KLYS:LI24:31 (AMPL)]"
2020-11-24 23:07:18.227030016+00:00,2020-11-24 23:07:24.527030016+00:00,KLYS:LI26:51,AMM,Missing,
2020-11-25 00:35:02.227005952+00:00,2020-11-25 00:35:08.527005952+00:00,KLYS:LI26:51,AMM,Missing,
2020-11-25 00:36:22.226884608+00:00,2020-11-25 00:36:28.526884608+00:00,KLYS:LI26:51,AMM,Missing,
2020-11-25 00:41:48.576412928+00:00,2020-11-25 00:41:54.876412928+00:00,KLYS:LI28:11,AMM,Missing,
2020-11-25 09:36:17.886230272+00:00,2020-11-25 09:36:24.186230272+00:00,KLYS:LI21:61,AMM,Missing,
2020-11-25 09:37:27.342787584+00:00,2020-11-25 09:37:33.642787584+00:00,KLYS:LI21:61,AMM,Missing,
2020-11-25 10:15:02.576500736+00:00,2020-11-25 10:15:08.876500736+00:00,KLYS:LI28:11,AMM,Reinforced,"[KLYS:LI28:11 (AMM, AMPL)]"
2020-11-25 13:12:38.493414144+00:00,2020-11-25 13:12:44.793414144+00:00,KLYS:LI20:61,AMM,Disagree,"[KLYS:LI20:61 (AMM, AMPL), KLYS:LI22:31 (AMPL), KLYS:LI22:41 (AMPL)]"
2020-11-25 13:47:44.576545792+00:00,2020-11-25 13:47:50.876545792+00:00,KLYS:LI28:11,AMM,Reinforced,"[KLYS:LI28:11 (AMM, AMPL)]"
2020-11-25 13:56:15.099993088+00:00,2020-11-25 13:56:21.399993088+00:00,KLYS:LI21:81,AMM,Reinforced,"[KLYS:LI21:81 (AMM, AMPL)]"
2020-11-25 14:47:29.576442112+00:00,2020-11-25 14:47:35.876442112+00:00,KLYS:LI28:11,AMM,Reinforced,"[KLYS:LI28:11 (AMM, AMPL)]"
2020-11-25 14:59:34.576382976+00:00,2020-11-25 14:59:40.876382976+00:00,KLYS:LI28:11,AMM,Reinforced,"[KLYS:LI28:11 (AMM, AMPL)]"
2020-11-25 15:19:51.069218048+00:00,2020-11-25 15:19:57.369218048+00:00,KLYS:LI20:61,AMM,Reinforced,"[KLYS:LI20:61 (AMM, AMPL)]"
2020-11-25 15:23:54.099604224+00:00,2020-11-25 15:24:00.399604224+00:00,KLYS:LI21:81,AMM,Reinforced,"[KLYS:LI21:81 (AMM, AMPL)]"
2020-11-25 15:50:14.099956224+00:00,2020-11-25 15:50:20.399956224+00:00,KLYS:LI21:81,AMM,Reinforced,"[KLYS:LI21:81 (AMM, AMPL)]"
2020-11-25 16:11:18.576568320+00:00,2020-11-25 16:11:24.876568320+00:00,KLYS:LI28:11,AMM,Reinforced,"[KLYS:LI28:11 (AMM, AMPL)]"
2020-11-25 16:23:05.493431040+00:00,2020-11-25 16:23:11.793431040+00:00,KLYS:LI20:71,AMM,Reinforced,"[KLYS:LI20:71 (AMM, AMPL)]"
2020-11-25 16:26:50.493913088+00:00,2020-11-25 16:26:56.793913088+00:00,KLYS:LI20:81,AMM,Disagree,"[KLYS:LI20:71 (AMPL), KLYS:LI20:81 (AMM, AMPL)]"
2020-11-25 16:27:56.493248256+00:00,2020-11-25 16:28:02.793248256+00:00,KLYS:LI20:61,AMM,Reinforced,"[KLYS:LI20:61 (AMM, AMPL)]"
2020-11-25 16:49:22.279544064+00:00,2020-11-25 16:49:28.579544064+00:00,KLYS:LI30:21,AMM,Missing,
2020-11-25 16:50:31.745276416+00:00,2020-11-25 16:50:38.045276416+00:00,KLYS:LI30:21,AMM,Missing,
2020-11-25 16:56:04.100041216+00:00,2020-11-25 16:56:10.400041216+00:00,KLYS:LI21:81,AMM,Missing,
2020-11-25 17:04:44.099924224+00:00,2020-11-25 17:04:50.399924224+00:00,KLYS:LI21:81,AMM,Missing,
2020-11-25 17:06:19.099990784+00:00,2020-11-25 17:06:25.399990784+00:00,KLYS:LI21:81,AMM,Reinforced,"[KLYS:LI21:81 (AMM, AMPL)]"
2020-11-25 17:19:17.576444416+00:00,2020-11-25 17:19:23.876444416+00:00,KLYS:LI28:11,AMM,Reinforced,"[KLYS:LI28:11 (AMM, AMPL)]"
2020-11-25 17:21:28.099967232+00:00,2020-11-25 17:21:34.399967232+00:00,KLYS:LI21:81,AMM,Reinforced,"[KLYS:LI21:81 (AMM, AMPL)]"
2020-11-25 17:27:53.099527936+00:00,2020-11-25 17:27:59.399527936+00:00,KLYS:LI21:81,AMM,Reinforced,"[KLYS:LI21:81 (AMM, AMPL)]"
2020-11-25 17:37:38.100093696+00:00,2020-11-25 17:37:44.400093696+00:00,KLYS:LI21:81,AMM,Reinforced,"[KLYS:LI21:81 (AMM, AMPL)]"
2020-11-25 17:45:43.100306176+00:00,2020-11-25 17:45:49.400306176+00:00,KLYS:LI21:81,AMM,Reinforced,"[KLYS:LI21:81 (AMM, AMPL)]"
2020-11-25 17:47:33.226854400+00:00,2020-11-25 17:47:39.526854400+00:00,KLYS:LI26:51,AMM,Reinforced,"[KLYS:LI26:51 (AMM, AMPL)]"
2020-11-25 17:53:38.100324096+00:00,2020-11-25 17:53:44.400324096+00:00,KLYS:LI21:81,AMM,Reinforced,"[KLYS:LI21:81 (AMM, AMPL)]"
2020-11-25 18:00:13.100064256+00:00,2020-11-25 18:00:19.400064256+00:00,KLYS:LI21:81,AMM,Reinforced,"[KLYS:LI21:81 (AMM, AMPL)]"
2020-11-25 18:02:03.099579136+00:00,2020-11-25 18:02:09.399579136+00:00,KLYS:LI21:81,AMM,Reinforced,"[KLYS:LI21:81 (AMM, AMPL)]"
2020-11-25 18:11:13.099612416+00:00,2020-11-25 18:11:19.399612416+00:00,KLYS:LI21:81,AMM,Reinforced,"[KLYS:LI21:81 (AMM, AMPL)]"
2020-11-25 18:12:13.099314944+00:00,2020-11-25 18:12:19.399314944+00:00,KLYS:LI21:61,AMM,Reinforced,"[KLYS:LI21:61 (AMM, AMPL)]"
2020-11-25 18:24:53.099634432+00:00,2020-11-25 18:24:59.399634432+00:00,KLYS:LI21:81,AMM,Reinforced,"[KLYS:LI21:81 (AMM, AMPL)]"
2020-11-25 18:26:05.471943168+00:00,2020-11-25 18:26:11.771943168+00:00,KLYS:LI22:81,AMM,Disagree,"[KLYS:LI22:81 (AMM, AMPL), KLYS:LI24:31 (AMPL)]"
2020-11-25 18:47:51.227134720+00:00,2020-11-25 18:47:57.527134720+00:00,KLYS:LI26:51,AMM,Reinforced,"[KLYS:LI26:51 (AMM, AMPL)]"
2020-11-25 18:57:13.877426432+00:00,2020-11-25 18:57:20.177426432+00:00,KLYS:LI27:11,AMM,Reinforced,"[KLYS:LI27:11 (AMM, AMPL)]"
2020-11-25 19:14:39.745561344+00:00,2020-11-25 19:14:46.045561344+00:00,KLYS:LI30:31,AMM,Reinforced,"[KLYS:LI30:31 (AMM, AMPL)]"
2020-11-25 19:16:47.099537408+00:00,2020-11-25 19:16:53.399537408+00:00,KLYS:LI21:51,AMM,Disagree,"[KLYS:LI21:51 (AMM, AMPL), KLYS:LI24:31 (AMPL)]"
2020-11-25 19:52:17.100020736+00:00,2020-11-25 19:52:23.400020736+00:00,KLYS:LI21:81,AMM,Missing,
2020-11-25 20:01:32.099763968+00:00,2020-11-25 20:01:38.399763968+00:00,KLYS:LI21:81,AMM,Reinforced,"[KLYS:LI21:81 (AMM, AMPL)]"
2020-11-25 20:08:37.877703936+00:00,2020-11-25 20:08:44.177703936+00:00,KLYS:LI27:21,AMM,Reinforced,"[KLYS:LI27:21 (AMM, AMPL)]"
2020-11-25 20:27:01.099757056+00:00,2020-11-25 20:27:07.399757056+00:00,KLYS:LI21:81,AMM,Reinforced,"[KLYS:LI21:81 (AMM, AMPL)]"
2020-11-25 20:38:15.226875648+00:00,2020-11-25 20:38:21.526875648+00:00,KLYS:LI26:51,AMM,Missing,
2020-11-25 20:52:57.100225536+00:00,2020-11-25 20:53:03.400225536+00:00,KLYS:LI21:81,AMM,Reinforced,"[KLYS:LI21:81 (AMM, AMPL)]"
2020-11-25 21:07:41.099493376+00:00,2020-11-25 21:07:47.399493376+00:00,KLYS:LI21:81,AMM,Reinforced,"[KLYS:LI21:81 (AMM, AMPL)]"
2020-11-25 21:31:46.099916288+00:00,2020-11-25 21:31:52.399916288+00:00,KLYS:LI21:81,AMM,Reinforced,"[KLYS:LI21:81 (AMM, AMPL)]"
2020-11-25 21:41:54.576504832+00:00,2020-11-25 21:42:00.876504832+00:00,KLYS:LI28:11,AMM,Reinforced,"[KLYS:LI28:11 (AMM, AMPL)]"
2020-11-25 21:51:15.576569088+00:00,2020-11-25 21:51:21.876569088+00:00,KLYS:LI28:11,AMM,Reinforced,"[KLYS:LI28:11 (AMM, AMPL)]"
2020-11-25 22:13:43.471872768+00:00,2020-11-25 22:13:49.771872768+00:00,KLYS:LI22:71,AMM,Disagree,"[KLYS:LI21:81 (AMPL), KLYS:LI22:71 (AMM, AMPL)]"
2020-11-25 23:01:18.745597952+00:00,2020-11-25 23:01:25.045597952+00:00,KLYS:LI29:51,AMM,Reinforced,"[KLYS:LI29:51 (AMM, AMPL)]"
2020-11-26 01:38:37.745368320+00:00,2020-11-26 01:38:44.045368320+00:00,KLYS:LI29:41,AMM,Reinforced,"[KLYS:LI29:41 (AMM, AMPL)]"
2020-11-26 02:10:56.746225664+00:00,2020-11-26 02:11:03.046225664+00:00,KLYS:LI29:71,AMM,Reinforced,"[KLYS:LI29:71 (AMM, AMPL)]"
2020-11-26 02:16:41.576578304+00:00,2020-11-26 02:16:47.876578304+00:00,KLYS:LI28:11,AMM,Reinforced,"[KLYS:LI28:11 (AMM, AMPL)]"
2020-11-26 02:47:48.099511808+00:00,2020-11-26 02:47:54.399511808+00:00,KLYS:LI21:81,AMM,Missing,
2020-11-26 03:03:56.745110016+00:00,2020-11-26 03:04:03.045110016+00:00,KLYS:LI29:21,AMM,Reinforced,"[KLYS:LI29:21 (AMM, AMPL)]"
2020-11-26 03:06:38.745742848+00:00,2020-11-26 03:06:45.045742848+00:00,KLYS:LI30:31,AMM,Reinforced,"[KLYS:LI30:31 (AMM, AMPL)]"
2020-11-26 03:07:47.071612672+00:00,2020-11-26 03:07:53.371612672+00:00,KLYS:LI24:51,AMM,Reinforced,"[KLYS:LI24:51 (AMM, AMPL)]"
2020-11-26 03:15:32.071247360+00:00,2020-11-26 03:15:38.371247360+00:00,KLYS:LI24:31,AMM,Reinforced,"[KLYS:LI24:31 (AMM, AMPL)]"
2020-11-26 03:33:37.576538112+00:00,2020-11-26 03:33:43.876538112+00:00,KLYS:LI28:11,AMM,Reinforced,"[KLYS:LI28:11 (AMM, AMPL)]"
2020-11-26 03:36:36.576538112+00:00,2020-11-26 03:36:42.876538112+00:00,KLYS:LI28:11,AMM,Reinforced,"[KLYS:LI28:11 (AMM, AMPL)]"
2020-11-26 04:46:03.099635712+00:00,2020-11-26 04:46:09.399635712+00:00,KLYS:LI21:81,AMM,Reinforced,"[KLYS:LI21:81 (AMM, AMPL)]"
2020-11-26 04:46:43.099536896+00:00,2020-11-26 04:46:49.399536896+00:00,KLYS:LI21:81,AMM,Missing,
2020-11-26 04:50:21.226715648+00:00,2020-11-26 04:50:27.526715648+00:00,KLYS:LI26:51,AMM,Reinforced,"[KLYS:LI26:51 (AMM, AMPL)]"
2020-11-26 04:58:37.226933760+00:00,2020-11-26 04:58:43.526933760+00:00,KLYS:LI26:51,AMM,Missing,
2020-11-26 05:11:51.227003648+00:00,2020-11-26 05:11:57.527003648+00:00,KLYS:LI26:51,AMM,Reinforced,"[KLYS:LI26:51 (AMM, AMPL)]"
2020-11-26 05:24:42.071065600+00:00,2020-11-26 05:24:48.371065600+00:00,KLYS:LI24:31,AMM,Reinforced,"[KLYS:LI24:31 (AMM, AMPL)]"
2020-11-26 05:32:53.100028160+00:00,2020-11-26 05:32:59.400028160+00:00,KLYS:LI21:81,AMM,Reinforced,"[KLYS:LI21:81 (AMM, AMPL)]"
2020-11-26 05:37:22.100393728+00:00,2020-11-26 05:37:28.400393728+00:00,KLYS:LI21:81,AMM,Reinforced,"[KLYS:LI21:81 (AMM, AMPL)]"
2020-11-26 05:48:03.099980288+00:00,2020-11-26 05:48:09.399980288+00:00,KLYS:LI21:81,AMM,Reinforced,"[KLYS:LI21:81 (AMM, AMPL)]"
2020-11-26 06:07:47.099568384+00:00,2020-11-26 06:07:53.399568384+00:00,KLYS:LI21:81,AMM,Reinforced,"[KLYS:LI21:81 (AMM, AMPL)]"
2020-11-26 06:21:17.099853056+00:00,2020-11-26 06:21:23.399853056+00:00,KLYS:LI21:81,AMM,Reinforced,"[KLYS:LI21:81 (AMM, AMPL)]"
2020-11-27 01:26:07.576412416+00:00,2020-11-27 01:26:13.876412416+00:00,KLYS:LI28:11,AMM,Reinforced,"[KLYS:LI28:11 (AMM, AMPL)]"
2020-11-27 02:51:04.099781632+00:00,2020-11-27 02:51:10.399781632+00:00,KLYS:LI21:81,AMM,Missing,
2020-11-27 03:03:31.732665088+00:00,2020-11-27 03:03:38.032665088+00:00,KLYS:LI25:31,AMM,Reinforced,"[KLYS:LI25:31 (AMM, AMPL)]"
2020-11-27 03:28:43.226850304+00:00,2020-11-27 03:28:49.526850304+00:00,KLYS:LI26:51,AMM,Disagree,"[KLYS:LI26:51 (AMM), KLYS:LI26:71 (AMPL)]"
2020-11-27 03:33:53.100098816+00:00,2020-11-27 03:33:59.400098816+00:00,KLYS:LI21:81,AMM,Reinforced,"[KLYS:LI21:81 (AMM, AMPL)]"
2020-11-27 03:47:20.576712448+00:00,2020-11-27 03:47:26.876712448+00:00,KLYS:LI28:21,AMM,Reinforced,"[KLYS:LI28:21 (AMM, AMPL)]"
2020-11-27 03:49:23.226980096+00:00,2020-11-27 03:49:29.526980096+00:00,KLYS:LI26:51,AMM,Missing,
2020-11-27 03:53:50.576744704+00:00,2020-11-27 03:53:56.876744704+00:00,KLYS:LI28:21,AMM,Reinforced,"[KLYS:LI28:21 (AMM, AMPL)]"
2020-11-27 04:04:48.099618048+00:00,2020-11-27 04:04:54.399618048+00:00,KLYS:LI21:81,AMM,Reinforced,"[KLYS:LI21:81 (AMM, AMPL)]"
2020-11-27 04:10:13.226965504+00:00,2020-11-27 04:10:19.526965504+00:00,KLYS:LI26:51,AMM,Missing,
2020-11-27 04:13:32.226798592+00:00,2020-11-27 04:13:38.526798592+00:00,KLYS:LI26:51,AMM,Reinforced,"[KLYS:LI26:51 (AMM, AMPL)]"
2020-11-27 04:42:49.071616512+00:00,2020-11-27 04:42:55.371616512+00:00,KLYS:LI24:51,AMM,Reinforced,"[KLYS:LI24:51 (AMM, AMPL)]"
2020-11-27 04:50:58.100029696+00:00,2020-11-27 04:51:04.400029696+00:00,KLYS:LI21:81,AMM,Missing,
2020-11-27 09:00:22.493649920+00:00,2020-11-27 09:00:28.793649920+00:00,KLYS:LI20:81,AMM,Reinforced,"[KLYS:LI20:81 (AMM, AMPL)]"
2020-11-27 09:47:41.099642624+00:00,2020-11-27 09:47:47.399642624+00:00,KLYS:LI21:81,AMM,Reinforced,"[KLYS:LI21:81 (AMM, AMPL)]"
2020-11-27 09:48:43.745168640+00:00,2020-11-27 09:48:50.045168640+00:00,KLYS:LI29:21,AMM,Reinforced,"[KLYS:LI29:21 (AMM, AMPL)]"
2020-11-27 09:51:01.099594496+00:00,2020-11-27 09:51:07.399594496+00:00,KLYS:LI21:81,AMM,Reinforced,"[KLYS:LI21:81 (AMM, AMPL)]"
2020-11-27 09:59:35.071315712+00:00,2020-11-27 09:59:41.371315712+00:00,KLYS:LI24:31,AMM,Disagree,"[KLYS:LI20:61 (AMPL), KLYS:LI20:81 (AMPL), KLYS:LI21:21 (AMPL), KLYS:LI24:11 (AMM, AMPL, AMPL), KLYS:LI24:21 (AMPL), KLYS:LI24:31 (AMM, AMM, AMPL, AMPL)]"
2020-11-27 10:27:51.099884032+00:00,2020-11-27 10:27:57.399884032+00:00,KLYS:LI21:81,AMM,Reinforced,"[KLYS:LI21:81 (AMM, AMPL)]"
2020-11-27 10:31:22.732562944+00:00,2020-11-27 10:31:29.032562944+00:00,KLYS:LI25:41,AMM,Reinforced,"[KLYS:LI25:41 (AMM, AMPL)]"
2020-11-27 11:02:48.227136768+00:00,2020-11-27 11:02:54.527136768+00:00,KLYS:LI26:51,AMM,Reinforced,"[KLYS:LI26:51 (AMM, AMPL)]"
2020-11-27 11:24:49.746161920+00:00,2020-11-27 11:24:56.046161920+00:00,KLYS:LI30:61,AMM,Missing,
2020-11-27 12:40:08.099696896+00:00,2020-11-27 12:40:14.399696896+00:00,KLYS:LI21:61,AMM,Reinforced,"[KLYS:LI21:61 (AMM, AMPL)]"
2020-11-27 12:52:11.071297280+00:00,2020-11-27 12:52:17.371297280+00:00,KLYS:LI24:31,AMM,Reinforced,"[KLYS:LI24:31 (AMM, AMPL)]"
2020-11-27 12:57:09.577038592+00:00,2020-11-27 12:57:15.877038592+00:00,KLYS:LI28:51,AMM,Missing,
2020-11-27 12:57:29.577316352+00:00,2020-11-27 12:57:35.877316352+00:00,KLYS:LI28:51,AMM,Missing,
2020-11-27 12:58:14.577084672+00:00,2020-11-27 12:58:20.877084672+00:00,KLYS:LI28:51,AMM,Missing,
2020-11-27 13:00:34.877836544+00:00,2020-11-27 13:00:41.177836544+00:00,KLYS:LI27:41,AMM,Missing,
2020-11-27 13:01:04.878003456+00:00,2020-11-27 13:01:11.178003456+00:00,KLYS:LI27:41,AMM,Missing,
2020-11-27 13:01:39.877838080+00:00,2020-11-27 13:01:46.177838080+00:00,KLYS:LI27:41,AMM,Missing,
2020-11-27 13:02:29.877921792+00:00,2020-11-27 13:02:36.177921792+00:00,KLYS:LI27:41,AMM,Missing,
2020-11-27 13:08:22.471340544+00:00,2020-11-27 13:08:28.771340544+00:00,KLYS:LI22:71,AMM,Disagree,"[KLYS:LI22:71 (AMM, AMPL), KLYS:LI24:31 (AMPL)]"
2020-11-27 13:52:13.745487872+00:00,2020-11-27 13:52:20.045487872+00:00,KLYS:LI29:51,AMM,Missing,
2020-11-27 13:52:38.745632+00:00,2020-11-27 13:52:45.045632+00:00,KLYS:LI29:51,AMM,Missing,
2020-11-27 13:52:58.745578240+00:00,2020-11-27 13:53:05.045578240+00:00,KLYS:LI29:51,AMM,Missing,
2020-11-27 13:54:33.745876736+00:00,2020-11-27 13:54:40.045876736+00:00,KLYS:LI29:51,AMM,Missing,
2020-11-27 13:58:28.745653760+00:00,2020-11-27 13:58:35.045653760+00:00,KLYS:LI29:51,AMM,Missing,
2020-11-27 13:59:24.745695232+00:00,2020-11-27 13:59:31.045695232+00:00,KLYS:LI29:51,AMM,Missing,
2020-11-27 14:05:48.745439488+00:00,2020-11-27 14:05:55.045439488+00:00,KLYS:LI29:51,AMM,Missing,
2020-11-27 14:07:03.745441536+00:00,2020-11-27 14:07:10.045441536+00:00,KLYS:LI29:51,AMM,Missing,
2020-11-27 14:07:13.745427200+00:00,2020-11-27 14:07:20.045427200+00:00,KLYS:LI29:51,AMM,Missing,
2020-11-27 14:08:28.745557760+00:00,2020-11-27 14:08:35.045557760+00:00,KLYS:LI29:51,AMM,Missing,
2020-11-27 14:08:43.745494528+00:00,2020-11-27 14:08:50.045494528+00:00,KLYS:LI29:51,AMM,Missing,
2020-11-27 14:09:58.745606400+00:00,2020-11-27 14:10:05.045606400+00:00,KLYS:LI29:51,AMM,Missing,
2020-11-27 14:10:08.745725440+00:00,2020-11-27 14:10:15.045725440+00:00,KLYS:LI29:51,AMM,Missing,
2020-11-27 14:31:24.493344+00:00,2020-11-27 14:31:30.793344+00:00,KLYS:LI20:61,AMM,Reinforced,"[KLYS:LI20:61 (AMM, AMPL)]"
2020-11-27 14:44:18.745713408+00:00,2020-11-27 14:44:25.045713408+00:00,KLYS:LI29:51,AMM,Missing,
2020-11-27 14:45:43.745920512+00:00,2020-11-27 14:45:50.045920512+00:00,KLYS:LI29:51,AMM,Missing,
2020-11-27 14:46:33.745588224+00:00,2020-11-27 14:46:40.045588224+00:00,KLYS:LI29:51,AMM,Missing,
2020-11-27 14:46:48.745483008+00:00,2020-11-27 14:46:55.045483008+00:00,KLYS:LI29:51,AMM,Missing,
2020-11-27 14:47:23.745511680+00:00,2020-11-27 14:47:30.045511680+00:00,KLYS:LI29:51,AMM,Missing,
2020-11-27 14:47:38.745575168+00:00,2020-11-27 14:47:45.045575168+00:00,KLYS:LI29:51,AMM,Missing,
2020-11-27 14:47:53.745588736+00:00,2020-11-27 14:48:00.045588736+00:00,KLYS:LI29:51,AMM,Missing,
2020-11-27 14:48:03.745728512+00:00,2020-11-27 14:48:10.045728512+00:00,KLYS:LI29:51,AMM,Missing,
2020-11-27 14:48:28.745780480+00:00,2020-11-27 14:48:35.045780480+00:00,KLYS:LI29:51,AMM,Missing,
2020-11-27 14:48:53.745751808+00:00,2020-11-27 14:49:00.045751808+00:00,KLYS:LI29:51,AMM,Missing,
2020-11-27 14:49:08.745485824+00:00,2020-11-27 14:49:15.045485824+00:00,KLYS:LI29:51,AMM,Missing,
2020-11-27 14:49:23.745660672+00:00,2020-11-27 14:49:30.045660672+00:00,KLYS:LI29:51,AMM,Missing,
2020-11-27 14:49:38.745723392+00:00,2020-11-27 14:49:45.045723392+00:00,KLYS:LI29:51,AMM,Missing,
2020-11-27 14:49:58.745460736+00:00,2020-11-27 14:50:05.045460736+00:00,KLYS:LI29:51,AMM,Missing,
2020-11-27 14:50:08.745589760+00:00,2020-11-27 14:50:15.045589760+00:00,KLYS:LI29:51,AMM,Missing,
2020-11-27 14:56:38.745619968+00:00,2020-11-27 14:56:45.045619968+00:00,KLYS:LI29:51,AMM,Missing,
2020-11-27 14:56:58.745520896+00:00,2020-11-27 14:57:05.045520896+00:00,KLYS:LI29:51,AMM,Missing,
2020-11-27 15:04:44.877605632+00:00,2020-11-27 15:04:51.177605632+00:00,KLYS:LI27:21,AMM,Reinforced,"[KLYS:LI27:21 (AMM, AMPL)]"
2020-11-27 15:13:42.745569280+00:00,2020-11-27 15:13:49.045569280+00:00,KLYS:LI29:51,AMM,Missing,
2020-11-27 15:13:52.745633792+00:00,2020-11-27 15:13:59.045633792+00:00,KLYS:LI29:51,AMM,Missing,
2020-11-27 15:14:07.745568256+00:00,2020-11-27 15:14:14.045568256+00:00,KLYS:LI29:51,AMM,Missing,
2020-11-27 15:14:22.745427200+00:00,2020-11-27 15:14:29.045427200+00:00,KLYS:LI29:51,AMM,Missing,
2020-11-27 15:14:32.745538816+00:00,2020-11-27 15:14:39.045538816+00:00,KLYS:LI29:51,AMM,Missing,
2020-11-27 15:14:57.745446656+00:00,2020-11-27 15:15:04.045446656+00:00,KLYS:LI29:51,AMM,Missing,
2020-11-27 15:15:47.745441024+00:00,2020-11-27 15:15:54.045441024+00:00,KLYS:LI29:51,AMM,Missing,
2020-11-27 15:16:17.745785088+00:00,2020-11-27 15:16:24.045785088+00:00,KLYS:LI29:51,AMM,Missing,
2020-11-27 15:16:27.745544448+00:00,2020-11-27 15:16:34.045544448+00:00,KLYS:LI29:51,AMM,Missing,
2020-11-27 15:17:10.070889728+00:00,2020-11-27 15:17:16.370889728+00:00,KLYS:LI24:11,AMM,Disagree,"[KLYS:LI20:81 (AMPL), KLYS:LI21:11 (AMPL), KLYS:LI21:21 (AMPL), KLYS:LI22:31 (AMM, AMPL), KLYS:LI22:41 (AMM, AMPL), KLYS:LI22:51 (AMM, AMPL), KLYS:LI22:81 (AMPL), KLYS:LI24:11 (AMM, AMPL), KLYS:LI26:71 (AMM, AMPL), KLYS:LI26:81 (AMM, AMPL), KLYS:LI28:31 (AMM, AMPL), KLYS:LI28:41 (AMPL), KLYS:LI29:11 (AMPL, AMPL), KLYS:LI29:21 (AMPL), KLYS:LI29:41 (AMM, AMPL), KLYS:LI29:51 (AMPL), KLYS:LI29:61 (AMPL), KLYS:LI29:71 (AMPL)]"
2020-11-27 15:17:55.070967040+00:00,2020-11-27 15:18:01.370967040+00:00,KLYS:LI24:11,AMM,Disagree,"[KLYS:LI20:81 (AMPL), KLYS:LI21:11 (AMPL), KLYS:LI21:21 (AMPL), KLYS:LI24:11 (AMM, AMPL), KLYS:LI29:11 (AMPL), KLYS:LI29:21 (AMPL), KLYS:LI29:41 (AMPL), KLYS:LI29:51 (AMPL), KLYS:LI29:61 (AMPL), KLYS:LI29:71 (AMPL)]"
2020-11-27 15:18:20.071556352+00:00,2020-11-27 15:18:26.371556352+00:00,KLYS:LI24:41,AMM,Disagree,"[KLYS:LI24:31 (AMPL), KLYS:LI24:41 (AMM, AMPL)]"
2020-11-27 15:24:47.745811200+00:00,2020-11-27 15:24:54.045811200+00:00,KLYS:LI29:51,AMM,Missing,
2020-11-27 15:26:23.745720832+00:00,2020-11-27 15:26:30.045720832+00:00,KLYS:LI29:51,AMM,Missing,
2020-11-27 15:26:57.745775872+00:00,2020-11-27 15:27:04.045775872+00:00,KLYS:LI29:51,AMM,Missing,
2020-11-27 15:29:34.070897664+00:00,2020-11-27 15:29:40.370897664+00:00,KLYS:LI24:11,AMM,Reinforced,"[KLYS:LI24:11 (AMM, AMPL)]"
2020-11-27 15:37:32.745695232+00:00,2020-11-27 15:37:39.045695232+00:00,KLYS:LI29:51,AMM,Missing,
2020-11-27 15:37:48.745650432+00:00,2020-11-27 15:37:55.045650432+00:00,KLYS:LI29:51,AMM,Missing,
2020-11-27 16:37:23.099725312+00:00,2020-11-27 16:37:29.399725312+00:00,KLYS:LI21:81,AMM,Reinforced,"[KLYS:LI21:81 (AMM, AMPL)]"
2020-11-27 16:37:43.099595008+00:00,2020-11-27 16:37:49.399595008+00:00,KLYS:LI21:81,AMM,Reinforced,"[KLYS:LI21:81 (AMM, AMPL)]"
2020-11-27 16:44:53.877504512+00:00,2020-11-27 16:45:00.177504512+00:00,KLYS:LI27:21,AMM,Reinforced,"[KLYS:LI27:21 (AMM, AMPL)]"
2020-11-27 17:40:27.099577088+00:00,2020-11-27 17:40:33.399577088+00:00,KLYS:LI21:61,AMM,Reinforced,"[KLYS:LI21:61 (AMM, AMPL)]"
2020-11-27 17:59:44.745152+00:00,2020-11-27 17:59:51.045152+00:00,KLYS:LI30:11,AMM,Reinforced,"[KLYS:LI30:11 (AMM, AMPL)]"
2020-11-27 18:19:35.745599232+00:00,2020-11-27 18:19:42.045599232+00:00,KLYS:LI29:41,AMM,Reinforced,"[KLYS:LI29:41 (AMM, AMPL)]"
2020-11-27 18:39:07.372313088+00:00,2020-11-27 18:39:13.672313088+00:00,KLYS:LI25:51,AMM,Reinforced,"[KLYS:LI25:51 (AMM, AMPL)]"
2020-11-27 18:51:47.732855296+00:00,2020-11-27 18:51:54.032855296+00:00,KLYS:LI25:41,AMM,Reinforced,"[KLYS:LI25:41 (AMM, AMPL)]"
2020-11-27 18:52:25.745656064+00:00,2020-11-27 18:52:32.045656064+00:00,KLYS:LI29:41,AMM,Reinforced,"[KLYS:LI29:41 (AMM, AMPL)]"
2020-11-27 19:01:07.099842304+00:00,2020-11-27 19:01:13.399842304+00:00,KLYS:LI21:81,AMM,Reinforced,"[KLYS:LI21:81 (AMM, AMPL)]"
2020-11-27 19:57:30.870482176+00:00,2020-11-27 19:57:37.170482176+00:00,KLYS:LI23:41,AMM,Reinforced,"[KLYS:LI23:41 (AMM, AMPL)]"
2020-11-27 19:58:05.870761472+00:00,2020-11-27 19:58:12.170761472+00:00,KLYS:LI23:41,AMM,Missing,
2020-11-27 19:58:15.870715392+00:00,2020-11-27 19:58:22.170715392+00:00,KLYS:LI23:41,AMM,Missing,
2020-11-27 20:00:47.745420800+00:00,2020-11-27 20:00:54.045420800+00:00,KLYS:LI30:31,AMM,Reinforced,"[KLYS:LI30:31 (AMM, AMPL)]"
2020-11-27 21:08:06.071108352+00:00,2020-11-27 21:08:12.371108352+00:00,KLYS:LI24:31,AMM,Reinforced,"[KLYS:LI24:31 (AMM, AMPL)]"
2020-11-27 21:18:34.871483392+00:00,2020-11-27 21:18:41.171483392+00:00,KLYS:LI23:61,AMM,Reinforced,"[KLYS:LI23:61 (AMM, AMPL)]"
2020-11-27 21:24:52.227035136+00:00,2020-11-27 21:24:58.527035136+00:00,KLYS:LI26:51,AMM,Reinforced,"[KLYS:LI26:51 (AMM, AMPL)]"
2020-11-27 21:30:06.745421056+00:00,2020-11-27 21:30:13.045421056+00:00,KLYS:LI30:31,AMM,Reinforced,"[KLYS:LI30:31 (AMM, AMPL)]"
2020-11-27 21:35:01.745204224+00:00,2020-11-27 21:35:08.045204224+00:00,KLYS:LI30:11,AMM,Reinforced,"[KLYS:LI30:11 (AMM, AMPL)]"
2020-11-27 22:03:31.070975744+00:00,2020-11-27 22:03:37.370975744+00:00,KLYS:LI24:11,AMM,Disagree,"[KLYS:LI20:81 (AMPL), KLYS:LI21:11 (AMPL), KLYS:LI21:21 (AMPL), KLYS:LI24:11 (AMM, AMPL), KLYS:LI29:11 (AMPL), KLYS:LI29:21 (AMPL), KLYS:LI29:41 (AMPL), KLYS:LI29:51 (AMPL), KLYS:LI29:61 (AMPL), KLYS:LI29:71 (AMPL)]"
2020-11-27 22:16:31.745540096+00:00,2020-11-27 22:16:38.045540096+00:00,KLYS:LI30:31,AMM,Reinforced,"[KLYS:LI30:31 (AMM, AMPL)]"
2020-11-27 22:22:58.744999680+00:00,2020-11-27 22:23:05.044999680+00:00,KLYS:LI29:11,AMM,Reinforced,"[KLYS:LI29:11 (AMM, AMPL)]"
2020-11-27 22:39:16.226721792+00:00,2020-11-27 22:39:22.526721792+00:00,KLYS:LI26:51,AMM,Missing,
2020-11-27 22:39:26.226795776+00:00,2020-11-27 22:39:32.526795776+00:00,KLYS:LI26:51,AMM,Missing,
2020-11-27 22:54:20.099619584+00:00,2020-11-27 22:54:26.399619584+00:00,KLYS:LI21:61,AMM,Reinforced,"[KLYS:LI21:61 (AMM, AMPL)]"
2020-11-27 23:16:17.099717632+00:00,2020-11-27 23:16:23.399717632+00:00,KLYS:LI21:81,AMM,Reinforced,"[KLYS:LI21:81 (AMM, AMPL)]"
2020-11-27 23:23:41.226943488+00:00,2020-11-27 23:23:47.526943488+00:00,KLYS:LI26:51,AMM,Missing,
2020-11-27 23:24:11.227040256+00:00,2020-11-27 23:24:17.527040256+00:00,KLYS:LI26:51,AMM,Missing,
2020-11-27 23:28:40.226757632+00:00,2020-11-27 23:28:46.526757632+00:00,KLYS:LI26:51,AMM,Reinforced,"[KLYS:LI26:51 (AMM, AMPL)]"
2020-11-27 23:35:58.576535040+00:00,2020-11-27 23:36:04.876535040+00:00,KLYS:LI28:21,AMM,Reinforced,"[KLYS:LI28:21 (AMM, AMPL)]"
2020-11-27 23:50:10.226939904+00:00,2020-11-27 23:50:16.526939904+00:00,KLYS:LI26:51,AMM,Missing,
2020-11-27 23:55:27.099530240+00:00,2020-11-27 23:55:33.399530240+00:00,KLYS:LI21:81,AMM,Reinforced,"[KLYS:LI21:81 (AMM, AMPL)]"
2020-11-27 23:59:00.226979584+00:00,2020-11-27 23:59:06.526979584+00:00,KLYS:LI26:51,AMM,Missing,
2020-11-27 23:59:10.226983424+00:00,2020-11-27 23:59:16.526983424+00:00,KLYS:LI26:51,AMM,Missing,
2020-11-28 00:08:37.745284096+00:00,2020-11-28 00:08:44.045284096+00:00,KLYS:LI29:21,AMM,Reinforced,"[KLYS:LI29:21 (AMM, AMPL)]"
2020-11-28 00:13:08.099730432+00:00,2020-11-28 00:13:14.399730432+00:00,KLYS:LI21:81,AMM,Reinforced,"[KLYS:LI21:81 (AMM, AMPL)]"
2020-11-28 00:22:08.100160+00:00,2020-11-28 00:22:14.400160+00:00,KLYS:LI21:81,AMM,Missing,
2020-11-28 00:36:23.099587328+00:00,2020-11-28 00:36:29.399587328+00:00,KLYS:LI21:81,AMM,Reinforced,"[KLYS:LI21:81 (AMM, AMPL)]"
2020-11-28 00:41:03.099462912+00:00,2020-11-28 00:41:09.399462912+00:00,KLYS:LI21:81,AMM,Reinforced,"[KLYS:LI21:81 (AMM, AMPL)]"
2020-11-28 00:50:07.745934592+00:00,2020-11-28 00:50:14.045934592+00:00,KLYS:LI29:51,AMM,Reinforced,"[KLYS:LI29:51 (AMM, AMPL)]"
2020-11-28 01:14:10.226838016+00:00,2020-11-28 01:14:16.526838016+00:00,KLYS:LI26:51,AMM,Missing,
2020-11-28 01:16:35.227028736+00:00,2020-11-28 01:16:41.527028736+00:00,KLYS:LI26:51,AMM,Missing,
2020-11-28 01:39:18.099613184+00:00,2020-11-28 01:39:24.399613184+00:00,KLYS:LI21:81,AMM,Reinforced,"[KLYS:LI21:81 (AMM, AMPL)]"
2020-11-28 01:51:42.099409920+00:00,2020-11-28 01:51:48.399409920+00:00,KLYS:LI21:61,AMM,Missing,
2020-11-28 02:11:07.099750400+00:00,2020-11-28 02:11:13.399750400+00:00,KLYS:LI21:81,AMM,Disagree,"[KLYS:LI21:81 (AMM, AMPL), KLYS:LI29:11 (AMPL)]"
2020-11-28 02:17:04.227049984+00:00,2020-11-28 02:17:10.527049984+00:00,KLYS:LI26:51,AMM,Disagree,"[KLYS:LI21:81 (AMPL), KLYS:LI26:51 (AMM)]"
2020-11-28 02:51:34.226963712+00:00,2020-11-28 02:51:40.526963712+00:00,KLYS:LI26:51,AMM,Missing,
2020-11-28 02:54:17.099808256+00:00,2020-11-28 02:54:23.399808256+00:00,KLYS:LI21:81,AMM,Reinforced,"[KLYS:LI21:81 (AMM, AMPL)]"
2020-11-28 02:57:48.745208064+00:00,2020-11-28 02:57:55.045208064+00:00,KLYS:LI30:11,AMM,Reinforced,"[KLYS:LI30:11 (AMM, AMPL)]"
2020-11-28 03:46:26.100116480+00:00,2020-11-28 03:46:32.400116480+00:00,KLYS:LI21:81,AMM,Reinforced,"[KLYS:LI21:81 (AMM, AMPL)]"
2020-11-28 03:52:53.226956288+00:00,2020-11-28 03:52:59.526956288+00:00,KLYS:LI26:51,AMM,Reinforced,"[KLYS:LI26:51 (AMM, AMPL)]"
2020-11-28 04:29:56.100171008+00:00,2020-11-28 04:30:02.400171008+00:00,KLYS:LI21:81,AMM,Reinforced,"[KLYS:LI21:81 (AMM, AMPL)]"
2020-11-28 04:50:21.099718400+00:00,2020-11-28 04:50:27.399718400+00:00,KLYS:LI21:81,AMM,Reinforced,"[KLYS:LI21:81 (AMM, AMPL)]"
2020-11-28 04:59:46.733103360+00:00,2020-11-28 04:59:53.033103360+00:00,KLYS:LI25:61,AMM,Reinforced,"[KLYS:LI25:61 (AMM, AMPL)]"
2020-11-28 05:01:03.227105536+00:00,2020-11-28 05:01:09.527105536+00:00,KLYS:LI26:51,AMM,Reinforced,"[KLYS:LI26:51 (AMM, AMPL)]"
2020-11-28 17:30:26.745281792+00:00,2020-11-28 17:30:33.045281792+00:00,KLYS:LI30:21,AMM,Missing,
2020-11-28 17:31:56.745341696+00:00,2020-11-28 17:32:03.045341696+00:00,KLYS:LI30:21,AMM,Missing,
2020-11-28 17:35:15.745173248+00:00,2020-11-28 17:35:22.045173248+00:00,KLYS:LI30:21,AMM,Missing,
2020-11-28 17:36:20.745345792+00:00,2020-11-28 17:36:27.045345792+00:00,KLYS:LI30:21,AMM,Missing,
2020-11-28 17:41:35.745255680+00:00,2020-11-28 17:41:42.045255680+00:00,KLYS:LI30:21,AMM,Missing,
2020-11-28 17:41:55.745330432+00:00,2020-11-28 17:42:02.045330432+00:00,KLYS:LI30:21,AMM,Missing,
2020-11-28 17:42:15.745293824+00:00,2020-11-28 17:42:22.045293824+00:00,KLYS:LI30:21,AMM,Missing,
2020-11-28 17:42:30.745311488+00:00,2020-11-28 17:42:37.045311488+00:00,KLYS:LI30:21,AMM,Missing,
2020-11-28 17:43:19.877507840+00:00,2020-11-28 17:43:26.177507840+00:00,KLYS:LI27:21,AMM,Reinforced,"[KLYS:LI27:21 (AMM, AMPL)]"
2020-11-28 17:46:20.745404160+00:00,2020-11-28 17:46:27.045404160+00:00,KLYS:LI30:21,AMM,Missing,
2020-11-28 17:46:50.745373440+00:00,2020-11-28 17:46:57.045373440+00:00,KLYS:LI30:21,AMM,Missing,
2020-11-28 17:47:20.745236736+00:00,2020-11-28 17:47:27.045236736+00:00,KLYS:LI30:21,AMM,Missing,
2020-11-28 17:47:35.745361408+00:00,2020-11-28 17:47:42.045361408+00:00,KLYS:LI30:21,AMM,Missing,
2020-11-28 17:50:55.745363200+00:00,2020-11-28 17:51:02.045363200+00:00,KLYS:LI30:21,AMM,Missing,
2020-11-28 17:52:10.745308928+00:00,2020-11-28 17:52:17.045308928+00:00,KLYS:LI30:21,AMM,Missing,
2020-11-28 17:53:14.100090624+00:00,2020-11-28 17:53:20.400090624+00:00,KLYS:LI21:81,AMM,Reinforced,"[KLYS:LI21:81 (AMM, AMPL)]"
2020-11-28 17:57:34.471815424+00:00,2020-11-28 17:57:40.771815424+00:00,KLYS:LI22:81,AMM,Disagree,"[KLYS:LI22:81 (AMM, AMPL), KLYS:LI24:31 (AMPL)]"
2020-11-28 18:06:59.471774720+00:00,2020-11-28 18:07:05.771774720+00:00,KLYS:LI22:71,AMM,Reinforced,"[KLYS:LI22:71 (AMM, AMPL)]"
2020-11-28 18:12:24.100560640+00:00,2020-11-28 18:12:30.400560640+00:00,KLYS:LI21:81,AMM,Reinforced,"[KLYS:LI21:81 (AMM, AMPL)]"
2020-11-28 18:12:54.226965248+00:00,2020-11-28 18:13:00.526965248+00:00,KLYS:LI26:51,AMM,Reinforced,"[KLYS:LI26:51 (AMM, AMPL)]"
2020-11-28 18:52:17.071461120+00:00,2020-11-28 18:52:23.371461120+00:00,KLYS:LI24:41,AMM,Reinforced,"[KLYS:LI24:41 (AMM, AMPL)]"
2020-11-28 18:55:08.100200704+00:00,2020-11-28 18:55:14.400200704+00:00,KLYS:LI21:81,AMM,Missing,
2020-11-28 19:04:58.099922176+00:00,2020-11-28 19:05:04.399922176+00:00,KLYS:LI21:81,AMM,Missing,
2020-11-28 19:05:13.100057856+00:00,2020-11-28 19:05:19.400057856+00:00,KLYS:LI21:81,AMM,Reinforced,"[KLYS:LI21:81 (AMM, AMPL)]"
2020-11-28 19:07:29.099865600+00:00,2020-11-28 19:07:35.399865600+00:00,KLYS:LI21:81,AMM,Reinforced,"[KLYS:LI21:81 (AMM, AMPL)]"
2020-11-28 19:09:43.099986688+00:00,2020-11-28 19:09:49.399986688+00:00,KLYS:LI21:81,AMM,Reinforced,"[KLYS:LI21:81 (AMM, AMPL)]"
2020-11-28 19:16:29.099551232+00:00,2020-11-28 19:16:35.399551232+00:00,KLYS:LI21:81,AMM,Reinforced,"[KLYS:LI21:81 (AMM, AMPL)]"
2020-11-28 19:23:13.099692032+00:00,2020-11-28 19:23:19.399692032+00:00,KLYS:LI21:81,AMM,Missing,
2020-11-28 19:29:58.099964928+00:00,2020-11-28 19:30:04.399964928+00:00,KLYS:LI21:81,AMM,Missing,
2020-11-28 19:30:43.099836416+00:00,2020-11-28 19:30:49.399836416+00:00,KLYS:LI21:81,AMM,Reinforced,"[KLYS:LI21:81 (AMM, AMPL)]"
2020-11-28 19:56:33.099912192+00:00,2020-11-28 19:56:39.399912192+00:00,KLYS:LI21:81,AMM,Reinforced,"[KLYS:LI21:81 (AMM, AMPL)]"
2020-11-28 19:58:53.732673280+00:00,2020-11-28 19:59:00.032673280+00:00,KLYS:LI25:51,AMM,Reinforced,"[KLYS:LI25:51 (AMM, AMPL)]"
2020-11-28 20:18:58.099785216+00:00,2020-11-28 20:19:04.399785216+00:00,KLYS:LI21:81,AMM,Reinforced,"[KLYS:LI21:81 (AMM, AMPL)]"
2020-11-28 20:22:27.099582976+00:00,2020-11-28 20:22:33.399582976+00:00,KLYS:LI21:81,AMM,Reinforced,"[KLYS:LI21:81 (AMM, AMPL)]"
2020-11-28 20:32:52.099793408+00:00,2020-11-28 20:32:58.399793408+00:00,KLYS:LI21:81,AMM,Reinforced,"[KLYS:LI21:81 (AMM, AMPL)]"
2020-11-28 20:40:42.099927040+00:00,2020-11-28 20:40:48.399927040+00:00,KLYS:LI21:81,AMM,Reinforced,"[KLYS:LI21:81 (AMM, AMPL)]"
2020-11-28 20:57:08.100045568+00:00,2020-11-28 20:57:14.400045568+00:00,KLYS:LI21:81,AMM,Reinforced,"[KLYS:LI21:81 (AMM, AMPL)]"
2020-11-28 21:44:04.745199360+00:00,2020-11-28 21:44:11.045199360+00:00,KLYS:LI30:11,AMM,Reinforced,"[KLYS:LI30:11 (AMM, AMPL)]"
2020-11-28 22:02:00.745013504+00:00,2020-11-28 22:02:07.045013504+00:00,KLYS:LI29:11,AMM,Reinforced,"[KLYS:LI29:11 (AMM, AMPL)]"
2020-11-28 22:14:31.071331072+00:00,2020-11-28 22:14:37.371331072+00:00,KLYS:LI24:31,AMM,Reinforced,"[KLYS:LI24:31 (AMM, AMPL)]"
2020-11-28 22:15:31.471569920+00:00,2020-11-28 22:15:37.771569920+00:00,KLYS:LI22:71,AMM,Reinforced,"[KLYS:LI22:71 (AMM, AMPL)]"
2020-11-28 22:18:06.871022848+00:00,2020-11-28 22:18:13.171022848+00:00,KLYS:LI23:71,AMM,Reinforced,"[KLYS:LI23:71 (AMM, AMPL)]"
2020-11-28 22:33:54.745227520+00:00,2020-11-28 22:34:01.045227520+00:00,KLYS:LI30:11,AMM,Reinforced,"[KLYS:LI30:11 (AMM, AMPL)]"
2020-11-28 23:00:22.226677248+00:00,2020-11-28 23:00:28.526677248+00:00,KLYS:LI26:51,AMM,Disagree,"[KLYS:LI26:51 (AMM, AMPL), KLYS:LI26:71 (AMPL)]"
2020-11-28 23:46:30.576953088+00:00,2020-11-28 23:46:36.876953088+00:00,KLYS:LI28:41,AMM,Reinforced,"[KLYS:LI28:41 (AMM, AMPL)]"
2020-11-28 23:55:21.227279360+00:00,2020-11-28 23:55:27.527279360+00:00,KLYS:LI26:81,AMM,Reinforced,"[KLYS:LI26:81 (AMM, AMPL)]"
2020-11-28 23:59:21.226806272+00:00,2020-11-28 23:59:27.526806272+00:00,KLYS:LI26:51,AMM,Reinforced,"[KLYS:LI26:51 (AMM, AMPL)]"
2020-11-29 01:01:14.100090880+00:00,2020-11-29 01:01:20.400090880+00:00,KLYS:LI21:81,AMM,Missing,
2020-11-29 02:01:43.100113408+00:00,2020-11-29 02:01:49.400113408+00:00,KLYS:LI21:81,AMM,Reinforced,"[KLYS:LI21:81 (AMM, AMPL)]"
2020-11-29 02:41:13.099948032+00:00,2020-11-29 02:41:19.399948032+00:00,KLYS:LI21:81,AMM,Reinforced,"[KLYS:LI21:81 (AMM, AMPL)]"
2020-11-29 03:02:37.745150720+00:00,2020-11-29 03:02:44.045150720+00:00,KLYS:LI30:11,AMM,Reinforced,"[KLYS:LI30:11 (AMM, AMPL)]"
2020-11-29 03:05:19.071757824+00:00,2020-11-29 03:05:25.371757824+00:00,KLYS:LI24:51,AMM,Reinforced,"[KLYS:LI24:51 (AMM, AMPL)]"
2020-11-29 03:31:12.576698880+00:00,2020-11-29 03:31:18.876698880+00:00,KLYS:LI28:21,AMM,Reinforced,"[KLYS:LI28:21 (AMM, AMPL)]"
2020-11-29 03:39:13.099585024+00:00,2020-11-29 03:39:19.399585024+00:00,KLYS:LI21:81,AMM,Missing,
2020-11-29 04:07:23.745069056+00:00,2020-11-29 04:07:30.045069056+00:00,KLYS:LI29:11,AMM,Reinforced,"[KLYS:LI29:11 (AMM, AMPL)]"
2020-11-29 04:07:49.099607552+00:00,2020-11-29 04:07:55.399607552+00:00,KLYS:LI21:81,AMM,Reinforced,"[KLYS:LI21:81 (AMM, AMPL)]"
2020-11-29 04:41:36.870059008+00:00,2020-11-29 04:41:43.170059008+00:00,KLYS:LI23:21,AMM,Missing,
2020-11-29 04:49:58.100019456+00:00,2020-11-29 04:50:04.400019456+00:00,KLYS:LI21:81,AMM,Reinforced,"[KLYS:LI21:81 (AMM, AMPL)]"
2020-11-29 04:56:08.100035840+00:00,2020-11-29 04:56:14.400035840+00:00,KLYS:LI21:81,AMM,Reinforced,"[KLYS:LI21:81 (AMM, AMPL)]"
2020-11-29 17:05:49.099664896+00:00,2020-11-29 17:05:55.399664896+00:00,KLYS:LI21:61,AMM,Reinforced,"[KLYS:LI21:61 (AMM, AMPL)]"
2020-11-29 18:05:03.877312768+00:00,2020-11-29 18:05:10.177312768+00:00,KLYS:LI27:11,AMM,Reinforced,"[KLYS:LI27:11 (AMM, AMPL)]"
2020-11-30 00:11:33.071641088+00:00,2020-11-30 00:11:39.371641088+00:00,KLYS:LI24:51,AMM,Reinforced,"[KLYS:LI24:51 (AMM, AMPL)]"
2020-11-30 00:16:21.099587072+00:00,2020-11-30 00:16:27.399587072+00:00,KLYS:LI21:51,AMM,Reinforced,"[KLYS:LI21:51 (AMM, AMPL)]"
2020-11-30 01:48:26.100235008+00:00,2020-11-30 01:48:32.400235008+00:00,KLYS:LI21:81,AMM,Missing,
2020-11-30 02:10:50.226839552+00:00,2020-11-30 02:10:56.526839552+00:00,KLYS:LI26:51,AMM,Reinforced,"[KLYS:LI26:51 (AMM, AMPL)]"
2020-11-30 02:22:36.100032768+00:00,2020-11-30 02:22:42.400032768+00:00,KLYS:LI21:81,AMM,Reinforced,"[KLYS:LI21:81 (AMM, AMPL)]"
2020-11-30 02:37:26.099613440+00:00,2020-11-30 02:37:32.399613440+00:00,KLYS:LI21:61,AMM,Missing,
2020-11-30 03:34:41.071269632+00:00,2020-11-30 03:34:47.371269632+00:00,KLYS:LI24:31,AMM,Reinforced,"[KLYS:LI24:31 (AMM, AMPL)]"
2020-11-30 03:39:06.100139264+00:00,2020-11-30 03:39:12.400139264+00:00,KLYS:LI21:81,AMM,Reinforced,"[KLYS:LI21:81 (AMM, AMPL)]"
2020-11-30 04:14:32.576631808+00:00,2020-11-30 04:14:38.876631808+00:00,KLYS:LI28:21,AMM,Reinforced,"[KLYS:LI28:21 (AMM, AMPL)]"
2020-11-30 04:16:32.576779520+00:00,2020-11-30 04:16:38.876779520+00:00,KLYS:LI28:21,AMM,Reinforced,"[KLYS:LI28:21 (AMM, AMPL)]"
2020-11-30 04:37:36.100377856+00:00,2020-11-30 04:37:42.400377856+00:00,KLYS:LI21:81,AMM,Missing,
2020-11-30 04:45:15.227181824+00:00,2020-11-30 04:45:21.527181824+00:00,KLYS:LI26:51,AMM,Missing,
2020-11-30 04:53:41.099922176+00:00,2020-11-30 04:53:47.399922176+00:00,KLYS:LI21:81,AMM,Reinforced,"[KLYS:LI21:81 (AMM, AMPL)]"
2020-11-30 05:01:01.099880704+00:00,2020-11-30 05:01:07.399880704+00:00,KLYS:LI21:81,AMM,Reinforced,"[KLYS:LI21:81 (AMM, AMPL)]"
2020-12-01 06:10:00.099691264+00:00,2020-12-01 06:10:06.399691264+00:00,KLYS:LI21:81,AMM,Reinforced,"[KLYS:LI21:81 (AMM, AMPL)]"
2020-12-01 06:15:04.745840896+00:00,2020-12-01 06:15:11.045840896+00:00,KLYS:LI29:51,AMM,Reinforced,"[KLYS:LI29:51 (AMM, AMPL)]"
2020-12-01 06:15:13.746035456+00:00,2020-12-01 06:15:20.046035456+00:00,KLYS:LI29:51,AMM,Missing,
2020-12-01 06:25:00.099944192+00:00,2020-12-01 06:25:06.399944192+00:00,KLYS:LI21:81,AMM,Reinforced,"[KLYS:LI21:81 (AMM, AMPL)]"
2020-12-01 06:43:05.576724480+00:00,2020-12-01 06:43:11.876724480+00:00,KLYS:LI28:21,AMM,Reinforced,"[KLYS:LI28:21 (AMM, AMPL)]"
2020-12-01 07:10:14.100036608+00:00,2020-12-01 07:10:20.400036608+00:00,KLYS:LI21:81,AMM,Reinforced,"[KLYS:LI21:81 (AMM, AMPL)]"
2020-12-01 08:28:16.745675264+00:00,2020-12-01 08:28:23.045675264+00:00,KLYS:LI30:41,AMM,Reinforced,"[KLYS:LI30:41 (AMM, AMPL)]"
2020-12-01 08:41:33.226760192+00:00,2020-12-01 08:41:39.526760192+00:00,KLYS:LI26:51,AMM,Reinforced,"[KLYS:LI26:51 (AMM, AMPL)]"
2020-12-01 09:14:02.226754048+00:00,2020-12-01 09:14:08.526754048+00:00,KLYS:LI26:51,AMM,Reinforced,"[KLYS:LI26:51 (AMM, AMPL)]"
2020-12-01 16:39:10.745158656+00:00,2020-12-01 16:39:17.045158656+00:00,KLYS:LI30:11,AMM,Reinforced,"[KLYS:LI30:11 (AMM, AMPL)]"
2020-12-01 16:51:13.227069952+00:00,2020-12-01 16:51:19.527069952+00:00,KLYS:LI26:51,AMM,Reinforced,"[KLYS:LI26:51 (AMM, AMPL)]"
2020-12-04 02:37:03.099674880+00:00,2020-12-04 02:37:09.399674880+00:00,KLYS:LI21:81,AMM,Reinforced,"[KLYS:LI21:81 (AMM, AMPL)]"
2020-12-04 04:31:11.870055424+00:00,2020-12-04 04:31:18.170055424+00:00,KLYS:LI23:21,AMM,Disagree,"[KLYS:LI20:61 (AMPL), KLYS:LI23:21 (AMM, AMPL)]"
2020-12-04 04:53:04.226954496+00:00,2020-12-04 04:53:10.526954496+00:00,KLYS:LI26:71,AMM,Disagree,"[KLYS:LI21:81 (AMPL), KLYS:LI26:71 (AMM, AMPL)]"
2020-12-04 05:06:32.099236096+00:00,2020-12-04 05:06:38.399236096+00:00,KLYS:LI21:61,AMM,Reinforced,"[KLYS:LI21:61 (AMM, AMPL)]"
2020-12-04 05:26:54.576802560+00:00,2020-12-04 05:27:00.876802560+00:00,KLYS:LI28:21,AMM,Reinforced,"[KLYS:LI28:21 (AMM, AMPL)]"
2020-12-04 06:08:50.071342336+00:00,2020-12-04 06:08:56.371342336+00:00,KLYS:LI24:31,AMM,Reinforced,"[KLYS:LI24:31 (AMM, AMPL)]"
2020-12-04 06:21:55.071314176+00:00,2020-12-04 06:22:01.371314176+00:00,KLYS:LI24:31,AMM,Reinforced,"[KLYS:LI24:31 (AMM, AMPL)]"
2020-12-04 06:38:16.745230592+00:00,2020-12-04 06:38:23.045230592+00:00,KLYS:LI30:11,AMM,Reinforced,"[KLYS:LI30:11 (AMM, AMPL)]"
2020-12-04 06:56:34.877570304+00:00,2020-12-04 06:56:41.177570304+00:00,KLYS:LI27:21,AMM,Reinforced,"[KLYS:LI27:21 (AMM, AMPL)]"
2020-12-04 08:13:48.100325888+00:00,2020-12-04 08:13:54.400325888+00:00,KLYS:LI21:81,AMM,Reinforced,"[KLYS:LI21:81 (AMM, AMPL)]"
2020-12-04 08:27:08.100080640+00:00,2020-12-04 08:27:14.400080640+00:00,KLYS:LI21:81,AMM,Reinforced,"[KLYS:LI21:81 (AMM, AMPL)]"
2020-12-04 09:15:52.493297408+00:00,2020-12-04 09:15:58.793297408+00:00,KLYS:LI20:61,AMM,Reinforced,"[KLYS:LI20:61 (AMM, AMPL)]"
2020-12-04 09:23:47.576663040+00:00,2020-12-04 09:23:53.876663040+00:00,KLYS:LI28:21,AMM,Reinforced,"[KLYS:LI28:21 (AMM, AMPL)]"
2020-12-04 09:37:24.099887104+00:00,2020-12-04 09:37:30.399887104+00:00,KLYS:LI21:81,AMM,Reinforced,"[KLYS:LI21:81 (AMM, AMPL)]"
2020-12-04 09:40:13.745384960+00:00,2020-12-04 09:40:20.045384960+00:00,KLYS:LI29:41,AMM,Reinforced,"[KLYS:LI29:41 (AMM, AMPL)]"
2020-12-04 09:42:41.493258496+00:00,2020-12-04 09:42:47.793258496+00:00,KLYS:LI20:61,AMM,Reinforced,"[KLYS:LI20:61 (AMM, AMPL)]"
2020-12-04 09:50:41.493417216+00:00,2020-12-04 09:50:47.793417216+00:00,KLYS:LI20:61,AMM,Reinforced,"[KLYS:LI20:61 (AMM, AMPL)]"
2020-12-04 10:13:29.744984832+00:00,2020-12-04 10:13:36.044984832+00:00,KLYS:LI29:11,AMM,Reinforced,"[KLYS:LI29:11 (AMM, AMPL)]"
2020-12-04 10:31:54.744976640+00:00,2020-12-04 10:32:01.044976640+00:00,KLYS:LI29:11,AMM,Reinforced,"[KLYS:LI29:11 (AMM, AMPL)]"
2020-12-04 11:18:34.227282432+00:00,2020-12-04 11:18:40.527282432+00:00,KLYS:LI26:71,AMM,Missing,
2020-12-04 12:28:59.071231744+00:00,2020-12-04 12:29:05.371231744+00:00,KLYS:LI24:31,AMM,Reinforced,"[KLYS:LI24:31 (AMM, AMPL)]"
2020-12-04 12:53:44.745100800+00:00,2020-12-04 12:53:51.045100800+00:00,KLYS:LI29:21,AMM,Reinforced,"[KLYS:LI29:21 (AMM, AMPL)]"
2020-12-04 13:20:14.745944320+00:00,2020-12-04 13:20:21.045944320+00:00,KLYS:LI29:41,AMM,Missing,
2020-12-04 13:27:34.099936+00:00,2020-12-04 13:27:40.399936+00:00,KLYS:LI21:61,AMM,Reinforced,"[KLYS:LI21:61 (AMM, AMPL)]"
2020-12-04 13:28:29.745648896+00:00,2020-12-04 13:28:36.045648896+00:00,KLYS:LI29:41,AMM,Missing,
2020-12-04 13:35:19.745559040+00:00,2020-12-04 13:35:26.045559040+00:00,KLYS:LI29:21,AMM,Disagree,"[KLYS:LI21:81 (AMPL), KLYS:LI29:21 (AMM, AMPL)]"
2020-12-04 13:45:20.099639808+00:00,2020-12-04 13:45:26.399639808+00:00,KLYS:LI21:71,AMM,Missing,
2020-12-04 13:58:31.100407296+00:00,2020-12-04 13:58:37.400407296+00:00,KLYS:LI21:71,AMM,Missing,
2020-12-04 14:06:46.099785728+00:00,2020-12-04 14:06:52.399785728+00:00,KLYS:LI21:61,AMM,Reinforced,"[KLYS:LI21:61 (AMM, AMPL)]"
2020-12-04 14:19:57.877913856+00:00,2020-12-04 14:20:04.177913856+00:00,KLYS:LI27:41,AMM,Missing,
2020-12-04 14:23:46.099766784+00:00,2020-12-04 14:23:52.399766784+00:00,KLYS:LI21:61,AMM,Reinforced,"[KLYS:LI21:61 (AMM, AMPL)]"
2020-12-04 14:24:27.877686784+00:00,2020-12-04 14:24:34.177686784+00:00,KLYS:LI27:41,AMM,Missing,
2020-12-04 14:24:57.877945344+00:00,2020-12-04 14:25:04.177945344+00:00,KLYS:LI27:41,AMM,Missing,
2020-12-04 14:25:12.878082560+00:00,2020-12-04 14:25:19.178082560+00:00,KLYS:LI27:41,AMM,Missing,
2020-12-04 14:29:22.878230528+00:00,2020-12-04 14:29:29.178230528+00:00,KLYS:LI27:41,AMM,Missing,
2020-12-04 14:29:37.878067712+00:00,2020-12-04 14:29:44.178067712+00:00,KLYS:LI27:41,AMM,Missing,
2020-12-04 14:29:52.877971200+00:00,2020-12-04 14:29:59.177971200+00:00,KLYS:LI27:41,AMM,Missing,
2020-12-04 14:30:07.877937152+00:00,2020-12-04 14:30:14.177937152+00:00,KLYS:LI27:41,AMM,Missing,
2020-12-04 14:33:57.877933568+00:00,2020-12-04 14:34:04.177933568+00:00,KLYS:LI27:41,AMM,Missing,
2020-12-04 14:34:52.877657344+00:00,2020-12-04 14:34:59.177657344+00:00,KLYS:LI27:41,AMM,Missing,
2020-12-04 14:38:17.877765120+00:00,2020-12-04 14:38:24.177765120+00:00,KLYS:LI27:41,AMM,Missing,
2020-12-04 14:38:57.877752320+00:00,2020-12-04 14:39:04.177752320+00:00,KLYS:LI27:41,AMM,Missing,
2020-12-04 14:39:22.877712384+00:00,2020-12-04 14:39:29.177712384+00:00,KLYS:LI27:41,AMM,Missing,
2020-12-04 14:40:37.877709312+00:00,2020-12-04 14:40:44.177709312+00:00,KLYS:LI27:41,AMM,Missing,
2020-12-04 14:41:17.877791232+00:00,2020-12-04 14:41:24.177791232+00:00,KLYS:LI27:41,AMM,Missing,
2020-12-04 14:42:02.877696256+00:00,2020-12-04 14:42:09.177696256+00:00,KLYS:LI27:41,AMM,Missing,
2020-12-04 14:42:17.877756160+00:00,2020-12-04 14:42:24.177756160+00:00,KLYS:LI27:41,AMM,Missing,
2020-12-04 14:42:32.877640960+00:00,2020-12-04 14:42:39.177640960+00:00,KLYS:LI27:41,AMM,Missing,
2020-12-04 14:42:57.877828096+00:00,2020-12-04 14:43:04.177828096+00:00,KLYS:LI27:41,AMM,Missing,
2020-12-04 14:43:37.877729792+00:00,2020-12-04 14:43:44.177729792+00:00,KLYS:LI27:41,AMM,Missing,
2020-12-04 14:43:58.877731584+00:00,2020-12-04 14:44:05.177731584+00:00,KLYS:LI27:41,AMM,Missing,
2020-12-04 14:44:22.877795072+00:00,2020-12-04 14:44:29.177795072+00:00,KLYS:LI27:41,AMM,Missing,
2020-12-04 14:45:28.877753856+00:00,2020-12-04 14:45:35.177753856+00:00,KLYS:LI27:41,AMM,Missing,
2020-12-04 14:46:08.877696+00:00,2020-12-04 14:46:15.177696+00:00,KLYS:LI27:41,AMM,Missing,
2020-12-04 14:46:17.877664+00:00,2020-12-04 14:46:24.177664+00:00,KLYS:LI27:41,AMM,Missing,
2020-12-04 14:46:53.877611520+00:00,2020-12-04 14:47:00.177611520+00:00,KLYS:LI27:41,AMM,Missing,
2020-12-04 14:47:57.877766144+00:00,2020-12-04 14:48:04.177766144+00:00,KLYS:LI27:41,AMM,Missing,
2020-12-04 14:48:58.877638912+00:00,2020-12-04 14:49:05.177638912+00:00,KLYS:LI27:41,AMM,Missing,
2020-12-04 14:49:07.877614336+00:00,2020-12-04 14:49:14.177614336+00:00,KLYS:LI27:41,AMM,Missing,
2020-12-04 14:50:27.877751040+00:00,2020-12-04 14:50:34.177751040+00:00,KLYS:LI27:41,AMM,Missing,
2020-12-04 14:51:17.877774080+00:00,2020-12-04 14:51:24.177774080+00:00,KLYS:LI27:41,AMM,Missing,
2020-12-04 14:52:18.877792+00:00,2020-12-04 14:52:25.177792+00:00,KLYS:LI27:41,AMM,Missing,
2020-12-04 14:52:28.877841152+00:00,2020-12-04 14:52:35.177841152+00:00,KLYS:LI27:41,AMM,Missing,
2020-12-04 14:52:53.877794048+00:00,2020-12-04 14:53:00.177794048+00:00,KLYS:LI27:41,AMM,Missing,
2020-12-04 14:53:53.877712384+00:00,2020-12-04 14:54:00.177712384+00:00,KLYS:LI27:41,AMM,Missing,
2020-12-04 14:54:18.877774336+00:00,2020-12-04 14:54:25.177774336+00:00,KLYS:LI27:41,AMM,Missing,
2020-12-04 14:55:38.878095104+00:00,2020-12-04 14:55:45.178095104+00:00,KLYS:LI27:41,AMM,Missing,
2020-12-04 14:58:38.877823744+00:00,2020-12-04 14:58:45.177823744+00:00,KLYS:LI27:41,AMM,Missing,
2020-12-04 14:58:48.877853440+00:00,2020-12-04 14:58:55.177853440+00:00,KLYS:LI27:41,AMM,Missing,
2020-12-04 14:59:23.877873920+00:00,2020-12-04 14:59:30.177873920+00:00,KLYS:LI27:41,AMM,Missing,
2020-12-04 15:00:16.099396096+00:00,2020-12-04 15:00:22.399396096+00:00,KLYS:LI21:61,AMM,Reinforced,"[KLYS:LI21:61 (AMM, AMPL)]"
2020-12-04 15:02:28.878260224+00:00,2020-12-04 15:02:35.178260224+00:00,KLYS:LI27:41,AMM,Disagree,"[KLYS:LI26:71 (AMPL), KLYS:LI27:41 (AMM)]"
2020-12-04 15:04:23.877904896+00:00,2020-12-04 15:04:30.177904896+00:00,KLYS:LI27:41,AMM,Missing,
2020-12-04 15:04:53.877787648+00:00,2020-12-04 15:05:00.177787648+00:00,KLYS:LI27:41,AMM,Missing,
2020-12-04 15:49:44.877834496+00:00,2020-12-04 15:49:51.177834496+00:00,KLYS:LI27:41,AMM,Missing,
2020-12-04 15:54:23.877771776+00:00,2020-12-04 15:54:30.177771776+00:00,KLYS:LI27:41,AMM,Missing,
2020-12-04 15:54:44.877850368+00:00,2020-12-04 15:54:51.177850368+00:00,KLYS:LI27:41,AMM,Missing,
2020-12-04 16:17:27.680431872+00:00,2020-12-04 16:17:33.980431872+00:00,KLYS:LI23:21,AMM,Missing,
2020-12-04 16:19:30.869979904+00:00,2020-12-04 16:19:37.169979904+00:00,KLYS:LI23:21,AMM,Missing,
2020-12-04 16:19:56.870014976+00:00,2020-12-04 16:20:03.170014976+00:00,KLYS:LI23:21,AMM,Missing,
2020-12-04 16:20:30.870067968+00:00,2020-12-04 16:20:37.170067968+00:00,KLYS:LI23:21,AMM,Missing,
2020-12-04 16:20:40.870080768+00:00,2020-12-04 16:20:47.170080768+00:00,KLYS:LI23:21,AMM,Missing,
2020-12-04 16:21:05.870126592+00:00,2020-12-04 16:21:12.170126592+00:00,KLYS:LI23:21,AMM,Missing,
2020-12-04 16:23:00.870047744+00:00,2020-12-04 16:23:07.170047744+00:00,KLYS:LI23:21,AMM,Missing,
2020-12-04 16:26:59.745341184+00:00,2020-12-04 16:27:06.045341184+00:00,KLYS:LI30:31,AMM,Reinforced,"[KLYS:LI30:31 (AMM, AMPL)]"
2020-12-04 16:29:05.869996544+00:00,2020-12-04 16:29:12.169996544+00:00,KLYS:LI23:21,AMM,Missing,
2020-12-04 16:29:30.870098176+00:00,2020-12-04 16:29:37.170098176+00:00,KLYS:LI23:21,AMM,Missing,
2020-12-04 16:29:40.870092032+00:00,2020-12-04 16:29:47.170092032+00:00,KLYS:LI23:21,AMM,Missing,
2020-12-04 16:30:25.870180352+00:00,2020-12-04 16:30:32.170180352+00:00,KLYS:LI23:21,AMM,Missing,
2020-12-04 16:30:55.870130944+00:00,2020-12-04 16:31:02.170130944+00:00,KLYS:LI23:21,AMM,Missing,
2020-12-04 16:31:20.870246400+00:00,2020-12-04 16:31:27.170246400+00:00,KLYS:LI23:21,AMM,Missing,
2020-12-04 16:32:35.870067200+00:00,2020-12-04 16:32:42.170067200+00:00,KLYS:LI23:21,AMM,Missing,
2020-12-05 02:36:18.745167616+00:00,2020-12-05 02:36:25.045167616+00:00,KLYS:LI30:11,AMM,Reinforced,"[KLYS:LI30:11 (AMM, AMPL)]"
2020-12-05 02:57:23.745188096+00:00,2020-12-05 02:57:30.045188096+00:00,KLYS:LI30:11,AMM,Reinforced,"[KLYS:LI30:11 (AMM, AMPL)]"
2020-12-05 02:59:02.745312+00:00,2020-12-05 02:59:09.045312+00:00,KLYS:LI30:21,AMM,Missing,
2020-12-05 03:00:18.745213952+00:00,2020-12-05 03:00:25.045213952+00:00,KLYS:LI30:21,AMM,Missing,
2020-12-05 03:40:08.745200640+00:00,2020-12-05 03:40:15.045200640+00:00,KLYS:LI30:21,AMM,Missing,
2020-12-05 03:40:33.745247488+00:00,2020-12-05 03:40:40.045247488+00:00,KLYS:LI30:21,AMM,Missing,
2020-12-05 03:40:53.745385984+00:00,2020-12-05 03:41:00.045385984+00:00,KLYS:LI30:21,AMM,Missing,
2020-12-05 03:43:28.745243648+00:00,2020-12-05 03:43:35.045243648+00:00,KLYS:LI30:21,AMM,Missing,
2020-12-05 03:43:38.745387008+00:00,2020-12-05 03:43:45.045387008+00:00,KLYS:LI30:21,AMM,Missing,
2020-12-05 17:31:36.371018496+00:00,2020-12-05 17:31:42.671018496+00:00,KLYS:LI27:81,AMM,Missing,
2020-12-05 18:02:53.576899328+00:00,2020-12-05 18:02:59.876899328+00:00,KLYS:LI28:31,AMM,Reinforced,"[KLYS:LI28:31 (AMM, AMPL)]"
2020-12-05 19:07:15.745182464+00:00,2020-12-05 19:07:22.045182464+00:00,KLYS:LI29:21,AMM,Reinforced,"[KLYS:LI29:21 (AMM, AMPL)]"
2020-12-05 20:18:42.745169664+00:00,2020-12-05 20:18:49.045169664+00:00,KLYS:LI30:11,AMM,Reinforced,"[KLYS:LI30:11 (AMM, AMPL)]"
2020-12-05 20:38:27.877954560+00:00,2020-12-05 20:38:34.177954560+00:00,KLYS:LI27:51,AMM,Reinforced,"[KLYS:LI27:51 (AMM, AMPL)]"
2020-12-05 20:52:40.071101952+00:00,2020-12-05 20:52:46.371101952+00:00,KLYS:LI24:31,AMM,Reinforced,"[KLYS:LI24:31 (AMM, AMPL)]"
2020-12-05 22:27:00.099841536+00:00,2020-12-05 22:27:06.399841536+00:00,KLYS:LI21:81,AMM,Disagree,"[KLYS:LI21:81 (AMM, AMPL), KLYS:LI24:31 (AMPL)]"
2020-12-05 23:10:00.099924736+00:00,2020-12-05 23:10:06.399924736+00:00,KLYS:LI21:81,AMM,Disagree,"[KLYS:LI21:81 (AMM, AMPL), KLYS:LI24:31 (AMPL)]"
2020-12-05 23:24:52.732736512+00:00,2020-12-05 23:24:59.032736512+00:00,KLYS:LI25:61,AMM,Reinforced,"[KLYS:LI25:61 (AMM, AMPL)]"
2020-12-05 23:50:12.745193728+00:00,2020-12-05 23:50:19.045193728+00:00,KLYS:LI30:11,AMM,Reinforced,"[KLYS:LI30:11 (AMM, AMPL)]"
2020-12-06 00:30:12.100086528+00:00,2020-12-06 00:30:18.400086528+00:00,KLYS:LI21:61,AMM,Reinforced,"[KLYS:LI21:61 (AMM, AMPL)]"
2020-12-06 01:52:03.071318016+00:00,2020-12-06 01:52:09.371318016+00:00,KLYS:LI24:31,AMM,Reinforced,"[KLYS:LI24:31 (AMM, AMPL)]"
2020-12-06 04:32:03.099684352+00:00,2020-12-06 04:32:09.399684352+00:00,KLYS:LI21:81,AMM,Reinforced,"[KLYS:LI21:81 (AMM, AMPL)]"
2020-12-06 04:59:59.099253760+00:00,2020-12-06 05:00:05.399253760+00:00,KLYS:LI21:61,AMM,Reinforced,"[KLYS:LI21:61 (AMM, AMPL)]"
2020-12-06 18:18:30.099521024+00:00,2020-12-06 18:18:36.399521024+00:00,KLYS:LI21:61,AMM,Reinforced,"[KLYS:LI21:61 (AMM, AMPL)]"
2020-12-06 18:38:45.732661504+00:00,2020-12-06 18:38:52.032661504+00:00,KLYS:LI25:41,AMM,Reinforced,"[KLYS:LI25:41 (AMM, AMPL)]"
2020-12-06 18:59:32.870913280+00:00,2020-12-06 18:59:39.170913280+00:00,KLYS:LI23:61,AMM,Reinforced,"[KLYS:LI23:61 (AMM, AMPL)]"
2020-12-06 20:07:30.745371648+00:00,2020-12-06 20:07:37.045371648+00:00,KLYS:LI29:21,AMM,Reinforced,"[KLYS:LI29:21 (AMM, AMPL)]"
2020-12-06 20:23:23.070969088+00:00,2020-12-06 20:23:29.370969088+00:00,KLYS:LI24:11,AMM,Disagree,"[KLYS:LI21:21 (AMPL), KLYS:LI24:11 (AMM, AMPL), KLYS:LI29:21 (AMPL), KLYS:LI29:31 (AMPL), KLYS:LI29:41 (AMPL)]"
2020-12-06 20:25:28.099812864+00:00,2020-12-06 20:25:34.399812864+00:00,KLYS:LI21:61,AMM,Disagree,"[KLYS:LI21:21 (AMPL), KLYS:LI21:41 (AMPL), KLYS:LI21:51 (AMPL), KLYS:LI21:61 (AMM, AMPL), KLYS:LI24:41 (AMPL), KLYS:LI24:51 (AMPL), KLYS:LI26:61 (AMPL), KLYS:LI26:81 (AMPL), KLYS:LI29:21 (AMPL), KLYS:LI29:31 (AMPL), KLYS:LI29:41 (AMPL)]"
2020-12-06 20:25:41.878213888+00:00,2020-12-06 20:25:48.178213888+00:00,KLYS:LI27:41,AMM,Disagree,"[KLYS:LI21:11 (AMPL), KLYS:LI27:41 (AMM, AMPL), KLYS:LI27:61 (AMPL), KLYS:LI30:11 (AMPL)]"
2020-12-06 20:29:58.070939392+00:00,2020-12-06 20:30:04.370939392+00:00,KLYS:LI24:11,AMM,Disagree,"[KLYS:LI20:81 (AMPL), KLYS:LI21:21 (AMPL), KLYS:LI23:21 (AMPL), KLYS:LI24:11 (AMM, AMPL), KLYS:LI28:31 (AMPL), KLYS:LI29:21 (AMPL), KLYS:LI29:31 (AMPL), KLYS:LI29:41 (AMPL)]"
2020-12-06 20:30:11.493550080+00:00,2020-12-06 20:30:17.793550080+00:00,KLYS:LI20:81,AMM,Disagree,"[KLYS:LI20:61 (AMPL), KLYS:LI20:81 (AMM, AMPL)]"
2020-12-06 20:32:33.070866432+00:00,2020-12-06 20:32:39.370866432+00:00,KLYS:LI24:11,AMM,Disagree,"[KLYS:LI24:11 (AMM, AMPL), KLYS:LI28:41 (AMPL)]"
2020-12-06 22:21:23.071458304+00:00,2020-12-06 22:21:29.371458304+00:00,KLYS:LI24:41,AMM,Disagree,"[KLYS:LI24:41 (AMM, AMPL), KLYS:LI29:21 (AMPL), KLYS:LI29:31 (AMPL), KLYS:LI29:41 (AMPL)]"
2020-12-06 22:47:34.493689600+00:00,2020-12-06 22:47:40.793689600+00:00,KLYS:LI20:81,AMM,Reinforced,"[KLYS:LI20:81 (AMM, AMPL)]"
2020-12-06 23:03:07.099441152+00:00,2020-12-06 23:03:13.399441152+00:00,KLYS:LI21:61,AMM,Missing,
2020-12-06 23:10:51.071308800+00:00,2020-12-06 23:10:57.371308800+00:00,KLYS:LI24:31,AMM,Reinforced,"[KLYS:LI24:31 (AMM, AMPL)]"
2020-12-07 00:02:02.226785280+00:00,2020-12-07 00:02:08.526785280+00:00,KLYS:LI26:51,AMM,Reinforced,"[KLYS:LI26:51 (AMM, AMPL)]"
2020-12-07 00:18:06.071098368+00:00,2020-12-07 00:18:12.371098368+00:00,KLYS:LI24:11,AMM,Disagree,"[KLYS:LI21:41 (AMPL), KLYS:LI21:51 (AMPL), KLYS:LI23:81 (AMPL), KLYS:LI24:11 (AMM, AMPL), KLYS:LI25:51 (AMPL), KLYS:LI30:21 (AMPL)]"
2020-12-07 00:31:41.877392128+00:00,2020-12-07 00:31:48.177392128+00:00,KLYS:LI27:11,AMM,Reinforced,"[KLYS:LI27:11 (AMM, AMPL)]"
2020-12-07 00:54:18.745274112+00:00,2020-12-07 00:54:25.045274112+00:00,KLYS:LI29:21,AMM,Reinforced,"[KLYS:LI29:21 (AMM, AMPL)]"
2020-12-07 01:47:14.576700672+00:00,2020-12-07 01:47:20.876700672+00:00,KLYS:LI28:21,AMM,Reinforced,"[KLYS:LI28:21 (AMM, AMPL)]"
2020-12-07 01:52:58.745078272+00:00,2020-12-07 01:53:05.045078272+00:00,KLYS:LI30:11,AMM,Reinforced,"[KLYS:LI30:11 (AMM, AMPL)]"
2020-12-07 01:56:32.745075712+00:00,2020-12-07 01:56:39.045075712+00:00,KLYS:LI29:21,AMM,Reinforced,"[KLYS:LI29:21 (AMM, AMPL)]"
2020-12-07 02:10:40.071386624+00:00,2020-12-07 02:10:46.371386624+00:00,KLYS:LI24:31,AMM,Reinforced,"[KLYS:LI24:31 (AMM, AMPL)]"
2020-12-07 02:21:21.226737152+00:00,2020-12-07 02:21:27.526737152+00:00,KLYS:LI26:51,AMM,Reinforced,"[KLYS:LI26:51 (AMM, AMPL)]"
2020-12-07 03:08:08.099844352+00:00,2020-12-07 03:08:14.399844352+00:00,KLYS:LI21:61,AMM,Reinforced,"[KLYS:LI21:61 (AMM, AMPL)]"
2020-12-07 04:32:56.745402112+00:00,2020-12-07 04:33:03.045402112+00:00,KLYS:LI29:41,AMM,Reinforced,"[KLYS:LI29:41 (AMM, AMPL)]"
2020-12-07 04:46:06.745114368+00:00,2020-12-07 04:46:13.045114368+00:00,KLYS:LI29:21,AMM,Reinforced,"[KLYS:LI29:21 (AMM, AMPL)]"
2020-12-07 05:00:44.070940672+00:00,2020-12-07 05:00:50.370940672+00:00,KLYS:LI24:11,AMM,Disagree,"[KLYS:LI23:11 (AMPL), KLYS:LI23:51 (AMPL), KLYS:LI24:11 (AMM, AMPL), KLYS:LI30:41 (AMPL)]"
2020-12-07 17:39:06.071322880+00:00,2020-12-07 17:39:12.371322880+00:00,KLYS:LI24:31,AMM,Reinforced,"[KLYS:LI24:31 (AMM, AMPL)]"
2020-12-07 17:39:51.071202816+00:00,2020-12-07 17:39:57.371202816+00:00,KLYS:LI24:31,AMM,Reinforced,"[KLYS:LI24:31 (AMM, AMPL)]"
2020-12-07 17:43:45.732291840+00:00,2020-12-07 17:43:52.032291840+00:00,KLYS:LI25:21,AMM,Reinforced,"[KLYS:LI25:21 (AMM, AMPL)]"
2020-12-07 17:50:24.878590464+00:00,2020-12-07 17:50:31.178590464+00:00,KLYS:LI27:81,AMM,Missing,
2020-12-07 17:51:08.878521600+00:00,2020-12-07 17:51:15.178521600+00:00,KLYS:LI27:81,AMM,Missing,
2020-12-07 17:51:19.878402304+00:00,2020-12-07 17:51:26.178402304+00:00,KLYS:LI27:81,AMM,Missing,
2020-12-07 17:52:19.878442496+00:00,2020-12-07 17:52:26.178442496+00:00,KLYS:LI27:81,AMM,Missing,
2020-12-07 17:52:33.878400768+00:00,2020-12-07 17:52:40.178400768+00:00,KLYS:LI27:81,AMM,Missing,
2020-12-07 17:52:53.878492928+00:00,2020-12-07 17:53:00.178492928+00:00,KLYS:LI27:81,AMM,Missing,
2020-12-07 17:53:08.878564352+00:00,2020-12-07 17:53:15.178564352+00:00,KLYS:LI27:81,AMM,Missing,
2020-12-07 17:53:38.878471680+00:00,2020-12-07 17:53:45.178471680+00:00,KLYS:LI27:81,AMM,Missing,
2020-12-07 17:54:13.879516672+00:00,2020-12-07 17:54:20.179516672+00:00,KLYS:LI27:81,AMM,Missing,
2020-12-07 17:55:18.878716160+00:00,2020-12-07 17:55:25.178716160+00:00,KLYS:LI27:81,AMM,Missing,
2020-12-07 17:55:34.878729728+00:00,2020-12-07 17:55:41.178729728+00:00,KLYS:LI27:81,AMM,Missing,
2020-12-07 17:56:33.878742528+00:00,2020-12-07 17:56:40.178742528+00:00,KLYS:LI27:81,AMM,Missing,
2020-12-07 17:57:43.879408384+00:00,2020-12-07 17:57:50.179408384+00:00,KLYS:LI27:81,AMM,Missing,
2020-12-07 18:00:33.878182912+00:00,2020-12-07 18:00:40.178182912+00:00,KLYS:LI27:81,AMM,Missing,
2020-12-07 18:39:40.099555072+00:00,2020-12-07 18:39:46.399555072+00:00,KLYS:LI21:41,AMM,Disagree,"[KLYS:LI21:41 (AMM, AMPL), KLYS:LI24:31 (AMPL)]"
2020-12-07 18:44:28.877859072+00:00,2020-12-07 18:44:35.177859072+00:00,KLYS:LI27:41,AMM,Reinforced,"[KLYS:LI27:41 (AMM, AMPL)]"
2020-12-07 18:49:48.877683456+00:00,2020-12-07 18:49:55.177683456+00:00,KLYS:LI27:41,AMM,Missing,
2020-12-07 18:50:48.877605888+00:00,2020-12-07 18:50:55.177605888+00:00,KLYS:LI27:41,AMM,Missing,
2020-12-07 18:51:18.877709056+00:00,2020-12-07 18:51:25.177709056+00:00,KLYS:LI27:41,AMM,Missing,
2020-12-07 18:51:43.877916416+00:00,2020-12-07 18:51:50.177916416+00:00,KLYS:LI27:41,AMM,Missing,
2020-12-07 18:52:58.877809408+00:00,2020-12-07 18:53:05.177809408+00:00,KLYS:LI27:41,AMM,Missing,
2020-12-07 18:53:33.877731840+00:00,2020-12-07 18:53:40.177731840+00:00,KLYS:LI27:41,AMM,Missing,
2020-12-07 18:54:03.877769728+00:00,2020-12-07 18:54:10.177769728+00:00,KLYS:LI27:41,AMM,Missing,
2020-12-07 18:54:38.877613568+00:00,2020-12-07 18:54:45.177613568+00:00,KLYS:LI27:41,AMM,Missing,
2020-12-07 18:54:58.877719040+00:00,2020-12-07 18:55:05.177719040+00:00,KLYS:LI27:41,AMM,Disagree,"[KLYS:LI23:11 (AMPL), KLYS:LI27:41 (AMM)]"
2020-12-07 18:56:13.877741568+00:00,2020-12-07 18:56:20.177741568+00:00,KLYS:LI27:41,AMM,Missing,
2020-12-07 18:56:43.877657088+00:00,2020-12-07 18:56:50.177657088+00:00,KLYS:LI27:41,AMM,Missing,
2020-12-07 18:57:23.877779968+00:00,2020-12-07 18:57:30.177779968+00:00,KLYS:LI27:41,AMM,Missing,
2020-12-07 18:57:58.877632+00:00,2020-12-07 18:58:05.177632+00:00,KLYS:LI27:41,AMM,Missing,
2020-12-07 18:59:35.099486208+00:00,2020-12-07 18:59:41.399486208+00:00,KLYS:LI21:61,AMM,Reinforced,"[KLYS:LI21:61 (AMM, AMPL)]"
2020-12-07 19:00:28.877727232+00:00,2020-12-07 19:00:35.177727232+00:00,KLYS:LI27:41,AMM,Missing,
2020-12-07 19:01:18.877677568+00:00,2020-12-07 19:01:25.177677568+00:00,KLYS:LI27:41,AMM,Missing,
2020-12-07 19:03:57.745162752+00:00,2020-12-07 19:04:04.045162752+00:00,KLYS:LI29:21,AMM,Reinforced,"[KLYS:LI29:21 (AMM, AMPL)]"
2020-12-07 19:08:18.878671872+00:00,2020-12-07 19:08:25.178671872+00:00,KLYS:LI27:81,AMM,Missing,
2020-12-07 19:25:20.071337984+00:00,2020-12-07 19:25:26.371337984+00:00,KLYS:LI24:31,AMM,Disagree,"[KLYS:LI21:81 (AMPL), KLYS:LI24:31 (AMM, AMPL)]"
2020-12-07 19:42:49.745076992+00:00,2020-12-07 19:42:56.045076992+00:00,KLYS:LI30:11,AMM,Reinforced,"[KLYS:LI30:11 (AMM, AMPL)]"
2020-12-07 19:44:43.732880896+00:00,2020-12-07 19:44:50.032880896+00:00,KLYS:LI25:51,AMM,Reinforced,"[KLYS:LI25:51 (AMM, AMPL)]"
2020-12-07 20:02:50.071260160+00:00,2020-12-07 20:02:56.371260160+00:00,KLYS:LI24:31,AMM,Disagree,"[KLYS:LI20:61 (AMPL), KLYS:LI24:31 (AMM, AMPL)]"
2020-12-07 23:34:33.877460480+00:00,2020-12-07 23:34:40.177460480+00:00,KLYS:LI27:21,AMM,Reinforced,"[KLYS:LI27:21 (AMM, AMPL)]"
2020-12-08 01:28:35.745171968+00:00,2020-12-08 01:28:42.045171968+00:00,KLYS:LI30:11,AMM,Reinforced,"[KLYS:LI30:11 (AMM, AMPL)]"
2020-12-08 02:11:31.745095680+00:00,2020-12-08 02:11:38.045095680+00:00,KLYS:LI29:11,AMM,Missing,
2020-12-08 03:20:02.071376640+00:00,2020-12-08 03:20:08.371376640+00:00,KLYS:LI24:31,AMM,Reinforced,"[KLYS:LI24:31 (AMM, AMPL)]"
2020-12-08 04:02:20.745159680+00:00,2020-12-08 04:02:27.045159680+00:00,KLYS:LI29:11,AMM,Missing,
2020-12-08 04:15:27.878085632+00:00,2020-12-08 04:15:34.178085632+00:00,KLYS:LI27:41,AMM,Disagree,"[KLYS:LI27:41 (AMM, AMPL), KLYS:LI27:81 (AMPL)]"
2020-12-08 04:15:52.877859328+00:00,2020-12-08 04:15:59.177859328+00:00,KLYS:LI27:41,AMM,Missing,
2020-12-08 04:16:42.877826048+00:00,2020-12-08 04:16:49.177826048+00:00,KLYS:LI27:41,AMM,Missing,
2020-12-08 04:17:42.877701376+00:00,2020-12-08 04:17:49.177701376+00:00,KLYS:LI27:41,AMM,Missing,
2020-12-08 04:18:07.877859328+00:00,2020-12-08 04:18:14.177859328+00:00,KLYS:LI27:41,AMM,Missing,
2020-12-08 04:18:22.877754112+00:00,2020-12-08 04:18:29.177754112+00:00,KLYS:LI27:41,AMM,Missing,
2020-12-08 04:18:47.877847808+00:00,2020-12-08 04:18:54.177847808+00:00,KLYS:LI27:41,AMM,Missing,
2020-12-08 04:19:37.877726464+00:00,2020-12-08 04:19:44.177726464+00:00,KLYS:LI27:41,AMM,Missing,
2020-12-08 04:20:07.877777408+00:00,2020-12-08 04:20:14.177777408+00:00,KLYS:LI27:41,AMM,Disagree,"[KLYS:LI21:81 (AMPL), KLYS:LI27:41 (AMM)]"
2020-12-08 04:21:27.877817088+00:00,2020-12-08 04:21:34.177817088+00:00,KLYS:LI27:41,AMM,Missing,
2020-12-08 04:22:07.877876480+00:00,2020-12-08 04:22:14.177876480+00:00,KLYS:LI27:41,AMM,Missing,
2020-12-08 04:22:17.877754880+00:00,2020-12-08 04:22:24.177754880+00:00,KLYS:LI27:41,AMM,Missing,
2020-12-08 04:22:42.877794816+00:00,2020-12-08 04:22:49.177794816+00:00,KLYS:LI27:41,AMM,Missing,
2020-12-08 04:23:07.877805312+00:00,2020-12-08 04:23:14.177805312+00:00,KLYS:LI27:41,AMM,Missing,
2020-12-08 04:23:27.877895168+00:00,2020-12-08 04:23:34.177895168+00:00,KLYS:LI27:41,AMM,Missing,
2020-12-08 04:24:52.877880064+00:00,2020-12-08 04:24:59.177880064+00:00,KLYS:LI27:41,AMM,Missing,
2020-12-08 04:25:22.877945600+00:00,2020-12-08 04:25:29.177945600+00:00,KLYS:LI27:41,AMM,Missing,
2020-12-08 04:26:42.877934592+00:00,2020-12-08 04:26:49.177934592+00:00,KLYS:LI27:41,AMM,Missing,
2020-12-08 04:27:57.877978880+00:00,2020-12-08 04:28:04.177978880+00:00,KLYS:LI27:41,AMM,Missing,
2020-12-08 04:29:07.878023168+00:00,2020-12-08 04:29:14.178023168+00:00,KLYS:LI27:41,AMM,Missing,
2020-12-08 04:31:57.877928448+00:00,2020-12-08 04:32:04.177928448+00:00,KLYS:LI27:41,AMM,Missing,
2020-12-08 04:47:55.745175808+00:00,2020-12-08 04:48:02.045175808+00:00,KLYS:LI29:21,AMM,Reinforced,"[KLYS:LI29:21 (AMM, AMPL)]"
2020-12-08 04:57:07.877954048+00:00,2020-12-08 04:57:14.177954048+00:00,KLYS:LI27:41,AMM,Missing,
2020-12-08 05:00:07.878142464+00:00,2020-12-08 05:00:14.178142464+00:00,KLYS:LI27:41,AMM,Missing,
2020-12-08 05:00:52.877938688+00:00,2020-12-08 05:00:59.177938688+00:00,KLYS:LI27:41,AMM,Missing,
2020-12-08 05:07:37.878638336+00:00,2020-12-08 05:07:44.178638336+00:00,KLYS:LI27:81,AMM,Missing,
2020-12-08 05:14:57.878607616+00:00,2020-12-08 05:15:04.178607616+00:00,KLYS:LI27:81,AMM,Missing,
2020-12-08 05:15:47.878583808+00:00,2020-12-08 05:15:54.178583808+00:00,KLYS:LI27:81,AMM,Disagree,"[KLYS:LI20:61 (AMPL), KLYS:LI27:81 (AMM)]"
2020-12-08 18:30:12.870336256+00:00,2020-12-08 18:30:19.170336256+00:00,KLYS:LI23:41,AMM,Disagree,"[KLYS:LI23:41 (AMM, AMPL), KLYS:LI24:31 (AMPL)]"
2020-12-08 18:31:47.870284032+00:00,2020-12-08 18:31:54.170284032+00:00,KLYS:LI23:41,AMM,Missing,
2020-12-08 18:32:07.870518272+00:00,2020-12-08 18:32:14.170518272+00:00,KLYS:LI23:41,AMM,Missing,
2020-12-08 18:36:51.745199616+00:00,2020-12-08 18:36:58.045199616+00:00,KLYS:LI29:21,AMM,Reinforced,"[KLYS:LI29:21 (AMM, AMPL)]"
2020-12-08 18:45:13.071857408+00:00,2020-12-08 18:45:19.371857408+00:00,KLYS:LI24:31,AMM,Reinforced,"[KLYS:LI24:31 (AMM, AMPL)]"
2020-12-08 18:53:49.877367808+00:00,2020-12-08 18:53:56.177367808+00:00,KLYS:LI27:11,AMM,Reinforced,"[KLYS:LI27:11 (AMM, AMPL)]"
2020-12-08 19:27:11.226962176+00:00,2020-12-08 19:27:17.526962176+00:00,KLYS:LI26:51,AMM,Reinforced,"[KLYS:LI26:51 (AMM, AMPL)]"
2020-12-08 20:05:12.071165184+00:00,2020-12-08 20:05:18.371165184+00:00,KLYS:LI24:31,AMM,Reinforced,"[KLYS:LI24:31 (AMM, AMPL)]"
2020-12-08 20:26:56.745299968+00:00,2020-12-08 20:27:03.045299968+00:00,KLYS:LI29:21,AMM,Reinforced,"[KLYS:LI29:21 (AMM, AMPL)]"
2020-12-08 20:34:27.071227392+00:00,2020-12-08 20:34:33.371227392+00:00,KLYS:LI24:31,AMM,Reinforced,"[KLYS:LI24:31 (AMM, AMPL)]"
2020-12-08 20:34:42.071199744+00:00,2020-12-08 20:34:48.371199744+00:00,KLYS:LI24:31,AMM,Reinforced,"[KLYS:LI24:31 (AMM, AMPL)]"
2020-12-08 20:45:47.071444480+00:00,2020-12-08 20:45:53.371444480+00:00,KLYS:LI24:31,AMM,Reinforced,"[KLYS:LI24:31 (AMM, AMPL)]"
2020-12-08 21:40:32.099346432+00:00,2020-12-08 21:40:38.399346432+00:00,KLYS:LI21:41,AMM,Disagree,"[KLYS:LI21:41 (AMM, AMPL), KLYS:LI24:31 (AMPL)]"
2020-12-08 21:58:12.745049344+00:00,2020-12-08 21:58:19.045049344+00:00,KLYS:LI29:11,AMM,Reinforced,"[KLYS:LI29:11 (AMM, AMPL)]"
2020-12-08 22:39:31.071272704+00:00,2020-12-08 22:39:37.371272704+00:00,KLYS:LI24:31,AMM,Reinforced,"[KLYS:LI24:31 (AMM, AMPL)]"
2020-12-08 23:23:06.745101824+00:00,2020-12-08 23:23:13.045101824+00:00,KLYS:LI29:21,AMM,Reinforced,"[KLYS:LI29:21 (AMM, AMPL)]"
2020-12-08 23:24:46.870912512+00:00,2020-12-08 23:24:53.170912512+00:00,KLYS:LI23:61,AMM,Disagree,"[KLYS:LI23:61 (AMM, AMPL), KLYS:LI24:31 (AMPL)]"
2020-12-08 23:30:31.745092096+00:00,2020-12-08 23:30:38.045092096+00:00,KLYS:LI29:21,AMM,Reinforced,"[KLYS:LI29:21 (AMM, AMPL)]"
2020-12-08 23:35:37.099725568+00:00,2020-12-08 23:35:43.399725568+00:00,KLYS:LI21:81,AMM,Reinforced,"[KLYS:LI21:81 (AMM, AMPL)]"
2020-12-09 00:48:41.745144320+00:00,2020-12-09 00:48:48.045144320+00:00,KLYS:LI29:21,AMM,Reinforced,"[KLYS:LI29:21 (AMM, AMPL)]"
2020-12-09 01:23:34.071187200+00:00,2020-12-09 01:23:40.371187200+00:00,KLYS:LI24:31,AMM,Reinforced,"[KLYS:LI24:31 (AMM, AMPL)]"
2020-12-09 02:11:42.099416320+00:00,2020-12-09 02:11:48.399416320+00:00,KLYS:LI21:61,AMM,Reinforced,"[KLYS:LI21:61 (AMM, AMPL)]"
2020-12-09 02:15:42.099493888+00:00,2020-12-09 02:15:48.399493888+00:00,KLYS:LI21:81,AMM,Reinforced,"[KLYS:LI21:81 (AMM, AMPL)]"
2020-12-09 02:43:42.099703296+00:00,2020-12-09 02:43:48.399703296+00:00,KLYS:LI21:61,AMM,Reinforced,"[KLYS:LI21:61 (AMM, AMPL)]"
2020-12-09 02:51:00.745153536+00:00,2020-12-09 02:51:07.045153536+00:00,KLYS:LI29:21,AMM,Disagree,"[KLYS:LI21:81 (AMPL), KLYS:LI29:21 (AMM, AMPL)]"
2020-12-09 03:26:48.071457280+00:00,2020-12-09 03:26:54.371457280+00:00,KLYS:LI24:31,AMM,Reinforced,"[KLYS:LI24:31 (AMM, AMPL)]"
2020-12-09 03:31:15.745282048+00:00,2020-12-09 03:31:22.045282048+00:00,KLYS:LI29:31,AMM,Reinforced,"[KLYS:LI29:31 (AMM, AMPL)]"
2020-12-09 05:00:57.071043328+00:00,2020-12-09 05:01:03.371043328+00:00,KLYS:LI24:11,AMM,Disagree,"[KLYS:LI21:21 (AMPL), KLYS:LI24:11 (AMM), KLYS:LI29:21 (AMPL), KLYS:LI29:41 (AMPL)]"
