start,end,is_anom,anom_type
2020-11-02 00:12:12.139720192+00:00,2020-11-02 00:12:17.439720192+00:00,False,
2020-11-02 00:12:52.133064192+00:00,2020-11-02 00:12:57.433064192+00:00,False,
2020-11-02 00:19:22.063227392+00:00,2020-11-02 00:19:27.363227392+00:00,False,
2020-11-02 00:20:12.054398976+00:00,2020-11-02 00:20:17.354398976+00:00,False,
2020-11-02 00:22:42.570899200+00:00,2020-11-02 00:22:47.870899200+00:00,False,
2020-11-02 00:25:36.999130880+00:00,2020-11-02 00:25:42.299130880+00:00,False,
2020-11-02 00:32:26.929036800+00:00,2020-11-02 00:32:32.229036800+00:00,False,
2020-11-02 00:33:17.901922048+00:00,2020-11-02 00:33:23.201922048+00:00,True,f
2020-11-02 00:35:21.897225472+00:00,2020-11-02 00:35:27.197225472+00:00,False,
2020-11-02 00:50:06.145212672+00:00,2020-11-02 00:50:11.445212672+00:00,True,s
2020-11-02 00:51:59.724461056+00:00,2020-11-02 00:52:05.024461056+00:00,True,s
2020-11-02 01:07:46.562064384+00:00,2020-11-02 01:07:51.862064384+00:00,False,
2020-11-02 01:12:41.577268736+00:00,2020-11-02 01:12:46.877268736+00:00,False,
2020-11-02 01:14:06.495703040+00:00,2020-11-02 01:14:11.795703040+00:00,False,
2020-11-02 01:20:16.431520256+00:00,2020-11-02 01:20:21.731520256+00:00,False,
2020-11-02 01:25:51.366524928+00:00,2020-11-02 01:25:56.666524928+00:00,False,
2020-11-02 01:27:17.545373696+00:00,2020-11-02 01:27:22.845373696+00:00,True,s
2020-11-02 01:28:07.534601472+00:00,2020-11-02 01:28:12.834601472+00:00,False,
2020-11-02 01:44:51.161766400+00:00,2020-11-02 01:44:56.461766400+00:00,False,
2020-11-02 01:46:16.144278272+00:00,2020-11-02 01:46:21.444278272+00:00,False,
2020-11-02 01:51:35.482146816+00:00,2020-11-02 01:51:40.782146816+00:00,True,s
2020-11-02 01:52:05.490169600+00:00,2020-11-02 01:52:10.790169600+00:00,True,f
2020-11-02 01:54:31.065982208+00:00,2020-11-02 01:54:36.365982208+00:00,False,
2020-11-02 01:54:56.068290304+00:00,2020-11-02 01:55:01.368290304+00:00,False,
2020-11-02 01:56:56.055268096+00:00,2020-11-02 01:57:01.355268096+00:00,False,
2020-11-02 02:01:21.847383808+00:00,2020-11-02 02:01:27.147383808+00:00,False,
2020-11-02 02:15:54.851667712+00:00,2020-11-02 02:16:00.151667712+00:00,False,
2020-11-02 02:34:29.654791936+00:00,2020-11-02 02:34:34.954791936+00:00,False,
2020-11-02 02:47:44.283847424+00:00,2020-11-02 02:47:49.583847424+00:00,True,f
2020-11-02 02:48:05.616788224+00:00,2020-11-02 02:48:10.916788224+00:00,False,
2020-11-02 02:52:10.561116928+00:00,2020-11-02 02:52:15.861116928+00:00,False,
2020-11-02 03:30:16.043497472+00:00,2020-11-02 03:30:21.343497472+00:00,True,s
2020-11-02 03:35:50.978893824+00:00,2020-11-02 03:35:56.278893824+00:00,False,
2020-11-02 03:43:30.524427264+00:00,2020-11-02 03:43:35.824427264+00:00,False,
2020-11-02 03:44:25.669735936+00:00,2020-11-02 03:44:30.969735936+00:00,False,
2020-11-02 04:07:33.679022592+00:00,2020-11-02 04:07:38.979022592+00:00,False,
2020-11-02 04:13:05.216350208+00:00,2020-11-02 04:13:10.516350208+00:00,False,
2020-11-02 04:23:58.504718848+00:00,2020-11-02 04:24:03.804718848+00:00,False,
2020-11-02 04:26:54.836764672+00:00,2020-11-02 04:27:00.136764672+00:00,False,
2020-11-02 04:27:58.809074944+00:00,2020-11-02 04:28:04.109074944+00:00,False,
2020-11-02 04:28:08.808970496+00:00,2020-11-02 04:28:14.108970496+00:00,False,
2020-11-02 04:37:45.034849536+00:00,2020-11-02 04:37:50.334849536+00:00,False,
2020-11-02 04:43:05.913161728+00:00,2020-11-02 04:43:11.213161728+00:00,False,
2020-11-02 04:43:15.242624+00:00,2020-11-02 04:43:20.542624+00:00,True,s
2020-11-02 04:47:24.914918144+00:00,2020-11-02 04:47:30.214918144+00:00,False,
2020-11-02 04:52:35.139205120+00:00,2020-11-02 04:52:40.439205120+00:00,False,
2020-11-02 04:58:44.790729216+00:00,2020-11-02 04:58:50.090729216+00:00,False,
2020-11-02 05:41:54.868516352+00:00,2020-11-02 05:42:00.168516352+00:00,False,
2020-11-02 06:01:09.603128576+00:00,2020-11-02 06:01:14.903128576+00:00,False,
2020-11-02 06:38:24.876100864+00:00,2020-11-02 06:38:30.176100864+00:00,False,
2020-11-02 06:47:19.084518400+00:00,2020-11-02 06:47:24.384518400+00:00,True,f
2020-11-02 07:00:38.963514624+00:00,2020-11-02 07:00:44.263514624+00:00,False,
2020-11-02 07:03:48.928468992+00:00,2020-11-02 07:03:54.228468992+00:00,False,
2020-11-02 07:04:53.921702912+00:00,2020-11-02 07:04:59.221702912+00:00,False,
2020-11-02 07:09:38.866415616+00:00,2020-11-02 07:09:44.166415616+00:00,True,f
2020-11-02 07:17:38.787613952+00:00,2020-11-02 07:17:44.087613952+00:00,False,
2020-11-02 07:27:30.702998784+00:00,2020-11-02 07:27:36.002998784+00:00,True,s
2020-11-02 07:33:43.634476032+00:00,2020-11-02 07:33:48.934476032+00:00,False,
2020-11-02 07:40:49.397568256+00:00,2020-11-02 07:40:54.697568256+00:00,False,
2020-11-02 07:53:03.808511488+00:00,2020-11-02 07:53:09.108511488+00:00,False,
2020-11-02 07:56:31.578840320+00:00,2020-11-02 07:56:36.878840320+00:00,True,s
2020-11-02 07:56:43.809151232+00:00,2020-11-02 07:56:49.109151232+00:00,False,
2020-11-02 07:57:31.567757312+00:00,2020-11-02 07:57:36.867757312+00:00,True,s
2020-11-02 08:01:48.852596224+00:00,2020-11-02 08:01:54.152596224+00:00,True,s
2020-11-02 08:01:58.861662464+00:00,2020-11-02 08:02:04.161662464+00:00,False,
2020-11-02 08:28:18.713611776+00:00,2020-11-02 08:28:24.013611776+00:00,False,
2020-11-02 08:32:06.286145280+00:00,2020-11-02 08:32:11.586145280+00:00,True,s
2020-11-02 08:37:16.564521984+00:00,2020-11-02 08:37:21.864521984+00:00,False,
2020-11-02 08:41:06.103183872+00:00,2020-11-02 08:41:11.403183872+00:00,True,s
2020-11-02 08:44:08.496058112+00:00,2020-11-02 08:44:13.796058112+00:00,False,
2020-11-02 08:44:19.337541632+00:00,2020-11-02 08:44:24.637541632+00:00,False,
2020-11-02 08:57:06.386182144+00:00,2020-11-02 08:57:11.686182144+00:00,False,
2020-11-02 08:58:51.328448768+00:00,2020-11-02 08:58:56.628448768+00:00,True,f
2020-11-02 09:03:08.323802624+00:00,2020-11-02 09:03:13.623802624+00:00,False,
2020-11-02 09:03:57.284605952+00:00,2020-11-02 09:04:02.584605952+00:00,False,
2020-11-02 09:04:27.278911744+00:00,2020-11-02 09:04:32.578911744+00:00,False,
2020-11-02 09:05:47.265118720+00:00,2020-11-02 09:05:52.565118720+00:00,False,
2020-11-02 09:06:07.259478784+00:00,2020-11-02 09:06:12.559478784+00:00,False,
2020-11-02 09:06:25.289876224+00:00,2020-11-02 09:06:30.589876224+00:00,True,s
2020-11-02 09:06:47.251498752+00:00,2020-11-02 09:06:52.551498752+00:00,False,
2020-11-02 09:07:27.243496192+00:00,2020-11-02 09:07:32.543496192+00:00,False,
2020-11-02 09:07:37.242323200+00:00,2020-11-02 09:07:42.542323200+00:00,False,
2020-11-02 09:08:17.233896192+00:00,2020-11-02 09:08:22.533896192+00:00,False,
2020-11-02 09:08:57.226750720+00:00,2020-11-02 09:09:02.526750720+00:00,False,
2020-11-02 09:09:07.233872640+00:00,2020-11-02 09:09:12.533872640+00:00,False,
2020-11-02 09:19:16.153291776+00:00,2020-11-02 09:19:21.453291776+00:00,False,
2020-11-02 09:22:13.131365376+00:00,2020-11-02 09:22:18.431365376+00:00,False,
2020-11-02 09:24:03.124303616+00:00,2020-11-02 09:24:08.424303616+00:00,True,s
2020-11-02 09:25:18.102817536+00:00,2020-11-02 09:25:23.402817536+00:00,False,
2020-11-02 09:33:00.579536128+00:00,2020-11-02 09:33:05.879536128+00:00,True,s
2020-11-02 09:46:37.880826368+00:00,2020-11-02 09:46:43.180826368+00:00,True,f
2020-11-02 10:00:50.268915968+00:00,2020-11-02 10:00:55.568915968+00:00,True,s
2020-11-02 10:01:47.135730432+00:00,2020-11-02 10:01:52.435730432+00:00,False,
2020-11-02 10:11:55.421023232+00:00,2020-11-02 10:12:00.721023232+00:00,True,s
2020-11-02 10:36:25.332188928+00:00,2020-11-02 10:36:30.632188928+00:00,False,
2020-11-02 10:37:15.591715328+00:00,2020-11-02 10:37:20.891715328+00:00,False,
2020-11-02 10:54:32.215595776+00:00,2020-11-02 10:54:37.515595776+00:00,False,
2020-11-02 11:03:00.022935552+00:00,2020-11-02 11:03:05.322935552+00:00,True,f
2020-11-02 23:46:56.007699712+00:00,2020-11-02 23:47:01.307699712+00:00,False,
2020-11-03 00:09:47.629495040+00:00,2020-11-03 00:09:52.929495040+00:00,False,
2020-11-03 00:23:23.254252032+00:00,2020-11-03 00:23:28.554252032+00:00,True,f
2020-11-03 00:26:51.556160768+00:00,2020-11-03 00:26:56.856160768+00:00,True,s
2020-11-03 00:49:07.472398592+00:00,2020-11-03 00:49:12.772398592+00:00,False,
2020-11-03 02:05:46.528363776+00:00,2020-11-03 02:05:51.828363776+00:00,False,
2020-11-03 02:13:17.553276928+00:00,2020-11-03 02:13:22.853276928+00:00,False,
2020-11-03 02:17:06.671854592+00:00,2020-11-03 02:17:11.971854592+00:00,True,f
2020-11-03 02:25:57.000059136+00:00,2020-11-03 02:26:02.300059136+00:00,True,f
2020-11-03 02:27:41.286955264+00:00,2020-11-03 02:27:46.586955264+00:00,True,f
2020-11-03 03:33:28.661365504+00:00,2020-11-03 03:33:33.961365504+00:00,False,
2020-11-03 03:33:39.377016576+00:00,2020-11-03 03:33:44.677016576+00:00,False,
2020-11-03 03:36:47.606274304+00:00,2020-11-03 03:36:52.906274304+00:00,True,f
2020-11-03 03:51:46.528224256+00:00,2020-11-03 03:51:51.828224256+00:00,False,
2020-11-03 03:54:05.344689408+00:00,2020-11-03 03:54:10.644689408+00:00,True,f
2020-11-03 03:59:50.939607040+00:00,2020-11-03 03:59:56.239607040+00:00,True,f
2020-11-03 04:27:25.523023616+00:00,2020-11-03 04:27:30.823023616+00:00,False,
2020-11-03 05:09:49.508362752+00:00,2020-11-03 05:09:54.808362752+00:00,False,
2020-11-03 06:44:53.427235072+00:00,2020-11-03 06:44:58.727235072+00:00,False,
2020-11-03 06:49:08.380602368+00:00,2020-11-03 06:49:13.680602368+00:00,False,
2020-11-03 06:51:06.766891264+00:00,2020-11-03 06:51:12.066891264+00:00,False,
2020-11-03 06:56:28.217770496+00:00,2020-11-03 06:56:33.517770496+00:00,True,s
2020-11-03 07:05:53.116099072+00:00,2020-11-03 07:05:58.416099072+00:00,True,s
2020-11-03 07:11:22.596684800+00:00,2020-11-03 07:11:27.896684800+00:00,False,
2020-11-03 07:20:17.965792768+00:00,2020-11-03 07:20:23.265792768+00:00,True,s
2020-11-03 07:22:08.007766272+00:00,2020-11-03 07:22:13.307766272+00:00,False,
2020-11-03 07:26:28.629300480+00:00,2020-11-03 07:26:33.929300480+00:00,True,s
2020-11-03 07:31:12.856407040+00:00,2020-11-03 07:31:18.156407040+00:00,True,s
2020-11-03 07:32:16.340708352+00:00,2020-11-03 07:32:21.640708352+00:00,False,
2020-11-03 07:33:37.880035584+00:00,2020-11-03 07:33:43.180035584+00:00,False,
2020-11-03 07:35:06.386943232+00:00,2020-11-03 07:35:11.686943232+00:00,True,f
2020-11-03 07:38:27.769316352+00:00,2020-11-03 07:38:33.069316352+00:00,False,
2020-11-03 07:38:52.763423744+00:00,2020-11-03 07:38:58.063423744+00:00,False,
2020-11-03 07:39:12.760225280+00:00,2020-11-03 07:39:18.060225280+00:00,False,
2020-11-03 07:47:11.175529728+00:00,2020-11-03 07:47:16.475529728+00:00,False,
2020-11-03 08:31:34.553612288+00:00,2020-11-03 08:31:39.853612288+00:00,True,f
2020-11-03 08:43:17.051662592+00:00,2020-11-03 08:43:22.351662592+00:00,True,s
2020-11-03 09:00:37.035029248+00:00,2020-11-03 09:00:42.335029248+00:00,True,s
2020-11-03 09:00:47.905982976+00:00,2020-11-03 09:00:53.205982976+00:00,False,
2020-11-03 09:18:52.379567104+00:00,2020-11-03 09:18:57.679567104+00:00,True,f
2020-11-03 09:49:06.345110016+00:00,2020-11-03 09:49:11.645110016+00:00,False,
2020-11-03 10:16:11.045811456+00:00,2020-11-03 10:16:16.345811456+00:00,True,f
2020-11-03 10:34:21.007923456+00:00,2020-11-03 10:34:26.307923456+00:00,False,
2020-11-03 10:39:27.316167424+00:00,2020-11-03 10:39:32.616167424+00:00,True,f
2020-11-03 10:49:24.609256448+00:00,2020-11-03 10:49:29.909256448+00:00,False,
2020-11-03 10:56:36.089727232+00:00,2020-11-03 10:56:41.389727232+00:00,True,f
2020-11-03 11:01:11.600297472+00:00,2020-11-03 11:01:16.900297472+00:00,False,
2020-11-03 11:26:50.720464128+00:00,2020-11-03 11:26:56.020464128+00:00,True,f
2020-11-03 11:30:54.267044864+00:00,2020-11-03 11:30:59.567044864+00:00,True,f
2020-11-03 11:33:15.818573824+00:00,2020-11-03 11:33:21.118573824+00:00,False,
2020-11-03 11:38:07.181572096+00:00,2020-11-03 11:38:12.481572096+00:00,True,f
2020-11-03 11:39:16.766369536+00:00,2020-11-03 11:39:22.066369536+00:00,False,
2020-11-03 11:56:39.041903872+00:00,2020-11-03 11:56:44.341903872+00:00,True,s
2020-11-03 11:59:36.955993856+00:00,2020-11-03 11:59:42.255993856+00:00,False,
2020-11-03 11:59:42.343908096+00:00,2020-11-03 11:59:47.643908096+00:00,False,
2020-11-03 12:12:17.589989888+00:00,2020-11-03 12:12:22.889989888+00:00,False,
2020-11-03 12:15:22.535065344+00:00,2020-11-03 12:15:27.835065344+00:00,False,
2020-11-03 12:30:21.644299264+00:00,2020-11-03 12:30:26.944299264+00:00,True,s
2020-11-03 12:37:39.148106752+00:00,2020-11-03 12:37:44.448106752+00:00,False,
2020-11-03 12:37:49.048053760+00:00,2020-11-03 12:37:54.348053760+00:00,False,
2020-11-03 12:58:08.002181888+00:00,2020-11-03 12:58:13.302181888+00:00,False,
2020-11-03 12:58:27.998496512+00:00,2020-11-03 12:58:33.298496512+00:00,False,
2020-11-03 12:58:57.992271616+00:00,2020-11-03 12:59:03.292271616+00:00,False,
2020-11-03 12:59:47.993677824+00:00,2020-11-03 12:59:53.293677824+00:00,False,
2020-11-03 13:22:17.719392+00:00,2020-11-03 13:22:23.019392+00:00,False,
2020-11-03 13:22:47.713711616+00:00,2020-11-03 13:22:53.013711616+00:00,False,
2020-11-03 13:23:57.701079552+00:00,2020-11-03 13:24:03.001079552+00:00,False,
2020-11-03 13:24:07.698668032+00:00,2020-11-03 13:24:12.998668032+00:00,False,
2020-11-03 13:33:30.699653376+00:00,2020-11-03 13:33:35.999653376+00:00,False,
2020-11-03 13:49:30.844737280+00:00,2020-11-03 13:49:36.144737280+00:00,True,s
2020-11-03 14:28:48.924947456+00:00,2020-11-03 14:28:54.224947456+00:00,True,s
2020-11-03 14:33:13.245466880+00:00,2020-11-03 14:33:18.545466880+00:00,True,s
2020-11-03 14:54:48.005946112+00:00,2020-11-03 14:54:53.305946112+00:00,True,s
2020-11-03 14:55:17.998193152+00:00,2020-11-03 14:55:23.298193152+00:00,True,s
2020-11-03 15:14:45.462988032+00:00,2020-11-03 15:14:50.762988032+00:00,False,
2020-11-03 15:19:32.734963968+00:00,2020-11-03 15:19:38.034963968+00:00,True,s
2020-11-03 15:23:32.692180224+00:00,2020-11-03 15:23:37.992180224+00:00,True,s
2020-11-03 15:31:47.598558720+00:00,2020-11-03 15:31:52.898558720+00:00,True,s
2020-11-03 15:36:53.228606208+00:00,2020-11-03 15:36:58.528606208+00:00,False,
2020-11-03 15:52:53.049472+00:00,2020-11-03 15:52:58.349472+00:00,True,f
2020-11-03 16:01:27.276859136+00:00,2020-11-03 16:01:32.576859136+00:00,True,s
2020-11-03 16:09:32.195876352+00:00,2020-11-03 16:09:37.495876352+00:00,True,s
2020-11-03 16:18:22.868797952+00:00,2020-11-03 16:18:28.168797952+00:00,False,
2020-11-03 16:23:02.711367168+00:00,2020-11-03 16:23:08.011367168+00:00,False,
2020-11-03 16:27:57.692484352+00:00,2020-11-03 16:28:02.992484352+00:00,True,s
2020-11-03 16:32:13.436255488+00:00,2020-11-03 16:32:18.736255488+00:00,False,
2020-11-03 16:32:22.716191744+00:00,2020-11-03 16:32:28.016191744+00:00,False,
2020-11-03 16:52:07.505932032+00:00,2020-11-03 16:52:12.805932032+00:00,False,
2020-11-03 16:52:42.502759424+00:00,2020-11-03 16:52:47.802759424+00:00,False,
2020-11-03 21:52:48.538736128+00:00,2020-11-03 21:52:53.838736128+00:00,False,
2020-11-03 22:09:55.295715072+00:00,2020-11-03 22:10:00.595715072+00:00,False,
2020-11-03 23:29:03.152437248+00:00,2020-11-03 23:29:08.452437248+00:00,False,
2020-11-04 00:03:45.213690112+00:00,2020-11-04 00:03:50.513690112+00:00,False,
2020-11-04 00:05:45.158153472+00:00,2020-11-04 00:05:50.458153472+00:00,False,
2020-11-04 00:06:15.152612608+00:00,2020-11-04 00:06:20.452612608+00:00,False,
2020-11-04 00:08:13.998890240+00:00,2020-11-04 00:08:19.298890240+00:00,False,
2020-11-04 00:30:23.759908352+00:00,2020-11-04 00:30:29.059908352+00:00,False,
2020-11-04 00:33:59.846084864+00:00,2020-11-04 00:34:05.146084864+00:00,True,f
2020-11-04 00:37:59.800525568+00:00,2020-11-04 00:38:05.100525568+00:00,True,s
2020-11-04 00:52:08.538333696+00:00,2020-11-04 00:52:13.838333696+00:00,False,
2020-11-04 00:56:34.599034368+00:00,2020-11-04 00:56:39.899034368+00:00,True,f
2020-11-04 01:11:19.438243584+00:00,2020-11-04 01:11:24.738243584+00:00,True,f
2020-11-04 01:41:48.005241088+00:00,2020-11-04 01:41:53.305241088+00:00,True,f
2020-11-04 01:57:58.925636608+00:00,2020-11-04 01:58:04.225636608+00:00,True,f
2020-11-04 02:26:23.611106048+00:00,2020-11-04 02:26:28.911106048+00:00,True,f
2020-11-04 02:30:13.568724736+00:00,2020-11-04 02:30:18.868724736+00:00,False,
2020-11-04 02:38:47.394695936+00:00,2020-11-04 02:38:52.694695936+00:00,False,
2020-11-04 02:42:23.437090048+00:00,2020-11-04 02:42:28.737090048+00:00,False,
2020-11-04 02:55:36.552031488+00:00,2020-11-04 02:55:41.852031488+00:00,False,
2020-11-04 03:57:40.472872448+00:00,2020-11-04 03:57:45.772872448+00:00,True,f
2020-11-04 03:58:02.607439360+00:00,2020-11-04 03:58:07.907439360+00:00,False,
2020-11-04 04:11:47.503077376+00:00,2020-11-04 04:11:52.803077376+00:00,False,
2020-11-04 04:12:47.491228416+00:00,2020-11-04 04:12:52.791228416+00:00,False,
2020-11-04 04:13:27.483909120+00:00,2020-11-04 04:13:32.783909120+00:00,False,
2020-11-04 04:13:37.481797376+00:00,2020-11-04 04:13:42.781797376+00:00,False,
2020-11-04 04:24:46.282537728+00:00,2020-11-04 04:24:51.582537728+00:00,True,f
2020-11-04 04:38:21.134504960+00:00,2020-11-04 04:38:26.434504960+00:00,True,f
2020-11-04 04:41:26.528345088+00:00,2020-11-04 04:41:31.828345088+00:00,True,f
2020-11-04 04:44:42.090611968+00:00,2020-11-04 04:44:47.390611968+00:00,False,
2020-11-04 04:59:47.532211968+00:00,2020-11-04 04:59:52.832211968+00:00,False,
2020-11-04 05:03:24.848597248+00:00,2020-11-04 05:03:30.148597248+00:00,True,f
2020-11-04 05:14:21.761774080+00:00,2020-11-04 05:14:27.061774080+00:00,False,
2020-11-04 05:25:25.629048320+00:00,2020-11-04 05:25:30.929048320+00:00,False,
2020-11-04 05:33:50.753176064+00:00,2020-11-04 05:33:56.053176064+00:00,True,f
2020-11-04 05:36:49.418866944+00:00,2020-11-04 05:36:54.718866944+00:00,False,
2020-11-04 05:45:33.705545216+00:00,2020-11-04 05:45:39.005545216+00:00,True,f
2020-11-04 06:17:05.075581696+00:00,2020-11-04 06:17:10.375581696+00:00,True,f
2020-11-04 07:35:37.271987968+00:00,2020-11-04 07:35:42.571987968+00:00,False,
2020-11-04 07:47:39.101420544+00:00,2020-11-04 07:47:44.401420544+00:00,False,
2020-11-04 07:50:23.396870912+00:00,2020-11-04 07:50:28.696870912+00:00,True,f
2020-11-04 07:53:25.008635392+00:00,2020-11-04 07:53:30.308635392+00:00,True,f
2020-11-04 08:05:18.236294400+00:00,2020-11-04 08:05:23.536294400+00:00,True,f
2020-11-04 08:10:54.875554560+00:00,2020-11-04 08:11:00.175554560+00:00,True,f
2020-11-04 08:34:43.595698176+00:00,2020-11-04 08:34:48.895698176+00:00,True,f
2020-11-04 09:04:31.819458304+00:00,2020-11-04 09:04:37.119458304+00:00,True,f
2020-11-04 09:22:56.101947136+00:00,2020-11-04 09:23:01.401947136+00:00,True,f
2020-11-04 09:52:10.068993024+00:00,2020-11-04 09:52:15.368993024+00:00,False,
2020-11-04 10:16:36.459437056+00:00,2020-11-04 10:16:41.759437056+00:00,True,f
2020-11-04 10:25:41.362285824+00:00,2020-11-04 10:25:46.662285824+00:00,True,f
2020-11-04 10:35:06.617212160+00:00,2020-11-04 10:35:11.917212160+00:00,True,f
2020-11-04 10:40:38.142780416+00:00,2020-11-04 10:40:43.442780416+00:00,False,
2020-11-04 10:48:22.883020800+00:00,2020-11-04 10:48:28.183020800+00:00,True,f
2020-11-04 10:53:20.567465472+00:00,2020-11-04 10:53:25.867465472+00:00,False,
2020-11-04 10:53:41.056882688+00:00,2020-11-04 10:53:46.356882688+00:00,True,f
2020-11-04 10:56:11.030908416+00:00,2020-11-04 10:56:16.330908416+00:00,True,f
2020-11-04 11:00:37.754947840+00:00,2020-11-04 11:00:43.054947840+00:00,False,
2020-11-04 11:01:07.748962816+00:00,2020-11-04 11:01:13.048962816+00:00,False,
2020-11-04 11:01:17.747376896+00:00,2020-11-04 11:01:23.047376896+00:00,False,
2020-11-04 11:01:52.740056576+00:00,2020-11-04 11:01:58.040056576+00:00,True,f
2020-11-04 11:03:47.718463488+00:00,2020-11-04 11:03:53.018463488+00:00,False,
2020-11-04 11:03:57.716372480+00:00,2020-11-04 11:04:03.016372480+00:00,False,
2020-11-04 11:04:37.708186112+00:00,2020-11-04 11:04:43.008186112+00:00,False,
2020-11-04 11:25:27.428623872+00:00,2020-11-04 11:25:32.728623872+00:00,True,f
2020-11-04 11:43:47.430295296+00:00,2020-11-04 11:43:52.730295296+00:00,False,
2020-11-04 12:21:12.151857408+00:00,2020-11-04 12:21:17.451857408+00:00,True,f
2020-11-04 12:24:07.464551168+00:00,2020-11-04 12:24:12.764551168+00:00,False,
2020-11-04 12:25:47.607699712+00:00,2020-11-04 12:25:52.907699712+00:00,False,
2020-11-04 23:14:31.226607616+00:00,2020-11-04 23:14:36.526607616+00:00,True,f
2020-11-04 23:30:47.525272832+00:00,2020-11-04 23:30:52.825272832+00:00,False,
2020-11-04 23:37:08.264400128+00:00,2020-11-04 23:37:13.564400128+00:00,False,
2020-11-05 00:05:17.304113408+00:00,2020-11-05 00:05:22.604113408+00:00,False,
2020-11-05 00:15:15.949132544+00:00,2020-11-05 00:15:21.249132544+00:00,False,
2020-11-05 00:32:32.777892096+00:00,2020-11-05 00:32:38.077892096+00:00,False,
2020-11-05 00:48:34.663777024+00:00,2020-11-05 00:48:39.963777024+00:00,True,s
2020-11-05 00:58:33.215865088+00:00,2020-11-05 00:58:38.515865088+00:00,False,
2020-11-05 01:36:55.635531008+00:00,2020-11-05 01:37:00.935531008+00:00,False,
2020-11-05 01:47:38.438091776+00:00,2020-11-05 01:47:43.738091776+00:00,False,
2020-11-05 01:49:15.232944896+00:00,2020-11-05 01:49:20.532944896+00:00,True,s
2020-11-05 02:21:57.592599808+00:00,2020-11-05 02:22:02.892599808+00:00,False,
2020-11-05 02:30:10.051155712+00:00,2020-11-05 02:30:15.351155712+00:00,False,
2020-11-05 02:53:09.942190080+00:00,2020-11-05 02:53:15.242190080+00:00,False,
2020-11-05 03:05:56.730404864+00:00,2020-11-05 03:06:02.030404864+00:00,False,
2020-11-05 03:27:21.506034944+00:00,2020-11-05 03:27:26.806034944+00:00,True,s
2020-11-05 04:18:25.956142592+00:00,2020-11-05 04:18:31.256142592+00:00,False,
2020-11-05 04:41:30.576747008+00:00,2020-11-05 04:41:35.876747008+00:00,True,f
2020-11-05 05:09:40.415495936+00:00,2020-11-05 05:09:45.715495936+00:00,False,
2020-11-05 05:20:42.254867712+00:00,2020-11-05 05:20:47.554867712+00:00,False,
2020-11-05 05:27:15.251989248+00:00,2020-11-05 05:27:20.551989248+00:00,False,
2020-11-05 06:26:42.257515520+00:00,2020-11-05 06:26:47.557515520+00:00,False,
2020-11-05 06:50:04.348747264+00:00,2020-11-05 06:50:09.648747264+00:00,False,
2020-11-05 07:21:57.427582464+00:00,2020-11-05 07:22:02.727582464+00:00,False,
2020-11-05 08:30:52.916243968+00:00,2020-11-05 08:30:58.216243968+00:00,True,s
2020-11-05 08:43:37.798345472+00:00,2020-11-05 08:43:43.098345472+00:00,False,
2020-11-05 08:44:17.778937856+00:00,2020-11-05 08:44:23.078937856+00:00,False,
2020-11-05 08:45:57.759640064+00:00,2020-11-05 08:46:03.059640064+00:00,False,
2020-11-05 08:49:47.715840+00:00,2020-11-05 08:49:53.015840+00:00,False,
2020-11-05 08:50:17.709124352+00:00,2020-11-05 08:50:23.009124352+00:00,False,
2020-11-05 09:22:35.516846336+00:00,2020-11-05 09:22:40.816846336+00:00,False,
2020-11-05 09:26:12.804712704+00:00,2020-11-05 09:26:18.104712704+00:00,False,
2020-11-05 09:46:07.669491200+00:00,2020-11-05 09:46:12.969491200+00:00,False,
2020-11-05 09:55:46.182207232+00:00,2020-11-05 09:55:51.482207232+00:00,False,
2020-11-05 10:01:10.092822016+00:00,2020-11-05 10:01:15.392822016+00:00,False,
2020-11-05 10:25:57.593123072+00:00,2020-11-05 10:26:02.893123072+00:00,False,
2020-11-05 10:32:51.001986816+00:00,2020-11-05 10:32:56.301986816+00:00,False,
2020-11-05 10:50:33.983853824+00:00,2020-11-05 10:50:39.283853824+00:00,True,s
2020-11-05 11:28:23.675218176+00:00,2020-11-05 11:28:28.975218176+00:00,False,
2020-11-05 11:28:53.336871936+00:00,2020-11-05 11:28:58.636871936+00:00,False,
2020-11-05 11:29:18.333155072+00:00,2020-11-05 11:29:23.633155072+00:00,False,
2020-11-05 11:47:16.422894336+00:00,2020-11-05 11:47:21.722894336+00:00,True,s
2020-11-05 12:02:46.262569472+00:00,2020-11-05 12:02:51.562569472+00:00,True,f
2020-11-05 23:21:23.179268352+00:00,2020-11-05 23:21:28.479268352+00:00,False,
2020-11-05 23:27:39.593097984+00:00,2020-11-05 23:27:44.893097984+00:00,True,f
2020-11-05 23:30:47.056513024+00:00,2020-11-05 23:30:52.356513024+00:00,True,f
2020-11-06 00:38:59.783677696+00:00,2020-11-06 00:39:05.083677696+00:00,False,
2020-11-06 02:20:06.715788544+00:00,2020-11-06 02:20:12.015788544+00:00,False,
2020-11-06 02:32:13.685089792+00:00,2020-11-06 02:32:18.985089792+00:00,False,
2020-11-06 02:39:06.511035392+00:00,2020-11-06 02:39:11.811035392+00:00,False,
2020-11-06 03:19:41.086845696+00:00,2020-11-06 03:19:46.386845696+00:00,False,
2020-11-06 03:22:01.061509120+00:00,2020-11-06 03:22:06.361509120+00:00,False,
2020-11-06 03:42:55.834402048+00:00,2020-11-06 03:43:01.134402048+00:00,False,
2020-11-06 03:50:05.766981888+00:00,2020-11-06 03:50:11.066981888+00:00,False,
2020-11-06 03:57:10.188267264+00:00,2020-11-06 03:57:15.488267264+00:00,False,
2020-11-06 05:43:19.076212480+00:00,2020-11-06 05:43:24.376212480+00:00,True,f
2020-11-06 05:47:25.318625792+00:00,2020-11-06 05:47:30.618625792+00:00,False,
2020-11-06 06:09:10.575034880+00:00,2020-11-06 06:09:15.875034880+00:00,True,s
2020-11-06 06:12:40.440473856+00:00,2020-11-06 06:12:45.740473856+00:00,False,
2020-11-06 06:22:55.325483008+00:00,2020-11-06 06:23:00.625483008+00:00,False,
2020-11-06 06:29:48.708532480+00:00,2020-11-06 06:29:54.008532480+00:00,True,f
2020-11-06 06:51:57.842010880+00:00,2020-11-06 06:52:03.142010880+00:00,False,
2020-11-06 07:08:17.367184640+00:00,2020-11-06 07:08:22.667184640+00:00,False,
2020-11-06 07:08:27.364985856+00:00,2020-11-06 07:08:32.664985856+00:00,False,
2020-11-06 07:08:47.361608960+00:00,2020-11-06 07:08:52.661608960+00:00,False,
2020-11-06 07:09:17.355510016+00:00,2020-11-06 07:09:22.655510016+00:00,False,
2020-11-06 07:09:47.350072320+00:00,2020-11-06 07:09:52.650072320+00:00,False,
2020-11-06 07:10:07.346100224+00:00,2020-11-06 07:10:12.646100224+00:00,False,
2020-11-06 07:10:47.345806848+00:00,2020-11-06 07:10:52.645806848+00:00,False,
2020-11-06 07:10:57.336601088+00:00,2020-11-06 07:11:02.636601088+00:00,False,
2020-11-06 07:11:27.330540032+00:00,2020-11-06 07:11:32.630540032+00:00,False,
2020-11-06 07:11:47.327562496+00:00,2020-11-06 07:11:52.627562496+00:00,False,
2020-11-06 07:12:07.322608128+00:00,2020-11-06 07:12:12.622608128+00:00,False,
2020-11-06 07:12:17.320765696+00:00,2020-11-06 07:12:22.620765696+00:00,False,
2020-11-06 07:12:27.318860800+00:00,2020-11-06 07:12:32.618860800+00:00,False,
2020-11-06 07:31:19.053321216+00:00,2020-11-06 07:31:24.353321216+00:00,False,
2020-11-06 07:36:18.003040512+00:00,2020-11-06 07:36:23.303040512+00:00,False,
2020-11-06 07:52:22.834718720+00:00,2020-11-06 07:52:28.134718720+00:00,True,f
2020-11-06 08:06:39.182258688+00:00,2020-11-06 08:06:44.482258688+00:00,False,
2020-11-06 08:20:11.298040064+00:00,2020-11-06 08:20:16.598040064+00:00,True,f
2020-11-06 09:01:53.082304768+00:00,2020-11-06 09:01:58.382304768+00:00,False,
2020-11-06 09:03:53.062753536+00:00,2020-11-06 09:03:58.362753536+00:00,False,
2020-11-06 09:10:32.072982528+00:00,2020-11-06 09:10:37.372982528+00:00,True,f
2020-11-06 09:41:09.001515264+00:00,2020-11-06 09:41:14.301515264+00:00,True,s
2020-11-06 11:50:04.002774784+00:00,2020-11-06 11:50:09.302774784+00:00,True,f
2020-11-06 12:11:15.326562560+00:00,2020-11-06 12:11:20.626562560+00:00,False,
2020-11-06 12:38:39.561362176+00:00,2020-11-06 12:38:44.861362176+00:00,False,
2020-11-06 12:41:39.331416064+00:00,2020-11-06 12:41:44.631416064+00:00,False,
2020-11-06 13:14:31.114179328+00:00,2020-11-06 13:14:36.414179328+00:00,False,
2020-11-06 13:32:26.022840576+00:00,2020-11-06 13:32:31.322840576+00:00,False,
2020-11-06 14:14:47.459707392+00:00,2020-11-06 14:14:52.759707392+00:00,False,
2020-11-06 15:35:09.930729472+00:00,2020-11-06 15:35:15.230729472+00:00,False,
2020-11-06 16:23:47.291395840+00:00,2020-11-06 16:23:52.591395840+00:00,False,
2020-11-06 16:24:29.437148160+00:00,2020-11-06 16:24:34.737148160+00:00,False,
2020-11-06 16:25:24.437916160+00:00,2020-11-06 16:25:29.737916160+00:00,False,
2020-11-06 16:26:04.419008256+00:00,2020-11-06 16:26:09.719008256+00:00,False,
2020-11-06 16:26:24.418138880+00:00,2020-11-06 16:26:29.718138880+00:00,False,
2020-11-06 16:40:49.276848128+00:00,2020-11-06 16:40:54.576848128+00:00,False,
2020-11-06 16:42:52.192115200+00:00,2020-11-06 16:42:57.492115200+00:00,True,s
2020-11-06 16:54:49.216372736+00:00,2020-11-06 16:54:54.516372736+00:00,False,
2020-11-06 16:59:40.651548672+00:00,2020-11-06 16:59:45.951548672+00:00,True,f
2020-11-06 19:09:14.083706624+00:00,2020-11-06 19:09:19.383706624+00:00,False,
2020-11-06 19:42:18.191749376+00:00,2020-11-06 19:42:23.491749376+00:00,False,
2020-11-06 22:34:11.570301184+00:00,2020-11-06 22:34:16.870301184+00:00,False,
2020-11-06 23:05:27.353011456+00:00,2020-11-06 23:05:32.653011456+00:00,False,
2020-11-06 23:17:23.142233088+00:00,2020-11-06 23:17:28.442233088+00:00,False,
2020-11-06 23:18:03.141074176+00:00,2020-11-06 23:18:08.441074176+00:00,True,f
2020-11-06 23:20:49.069037312+00:00,2020-11-06 23:20:54.369037312+00:00,False,
2020-11-06 23:29:28.059079168+00:00,2020-11-06 23:29:33.359079168+00:00,False,
2020-11-07 00:55:30.491249664+00:00,2020-11-07 00:55:35.791249664+00:00,False,
2020-11-07 00:58:09.463160576+00:00,2020-11-07 00:58:14.763160576+00:00,False,
2020-11-07 00:59:15.447064064+00:00,2020-11-07 00:59:20.747064064+00:00,False,
2020-11-07 01:16:10.268179712+00:00,2020-11-07 01:16:15.568179712+00:00,False,
2020-11-07 01:24:12.083807744+00:00,2020-11-07 01:24:17.383807744+00:00,False,
2020-11-07 01:38:28.048173568+00:00,2020-11-07 01:38:33.348173568+00:00,False,
2020-11-07 02:01:37.792021248+00:00,2020-11-07 02:01:43.092021248+00:00,False,
2020-11-07 02:02:44.336357120+00:00,2020-11-07 02:02:49.636357120+00:00,True,f
2020-11-07 02:23:02.566532864+00:00,2020-11-07 02:23:07.866532864+00:00,False,
2020-11-07 02:25:32.799453952+00:00,2020-11-07 02:25:38.099453952+00:00,False,
2020-11-07 02:29:46.401397760+00:00,2020-11-07 02:29:51.701397760+00:00,True,f
2020-11-07 03:14:20.941109248+00:00,2020-11-07 03:14:26.241109248+00:00,True,f
2020-11-08 05:58:10.029996288+00:00,2020-11-08 05:58:15.329996288+00:00,True,f
2020-11-08 06:08:16.482587904+00:00,2020-11-08 06:08:21.782587904+00:00,False,
2020-11-08 06:13:56.421711104+00:00,2020-11-08 06:14:01.721711104+00:00,False,
2020-11-08 06:14:42.374072064+00:00,2020-11-08 06:14:47.674072064+00:00,False,
2020-11-08 06:21:07.226214912+00:00,2020-11-08 06:21:12.526214912+00:00,False,
2020-11-08 06:22:48.234896896+00:00,2020-11-08 06:22:53.534896896+00:00,True,s
2020-11-08 06:35:13.274612736+00:00,2020-11-08 06:35:18.574612736+00:00,True,s
2020-11-08 06:48:33.124203520+00:00,2020-11-08 06:48:38.424203520+00:00,False,
2020-11-08 06:52:43.080466176+00:00,2020-11-08 06:52:48.380466176+00:00,False,
2020-11-08 06:54:08.062239232+00:00,2020-11-08 06:54:13.362239232+00:00,False,
2020-11-08 06:55:28.046762240+00:00,2020-11-08 06:55:33.346762240+00:00,False,
2020-11-08 06:56:43.507225600+00:00,2020-11-08 06:56:48.807225600+00:00,False,
2020-11-08 06:58:03.022941184+00:00,2020-11-08 06:58:08.322941184+00:00,False,
2020-11-08 07:19:36.978995968+00:00,2020-11-08 07:19:42.278995968+00:00,False,
2020-11-08 07:22:00.532269568+00:00,2020-11-08 07:22:05.832269568+00:00,False,
2020-11-08 07:25:04.931932416+00:00,2020-11-08 07:25:10.231932416+00:00,False,
2020-11-08 07:29:35.881156096+00:00,2020-11-08 07:29:41.181156096+00:00,False,
2020-11-08 07:31:55.860350720+00:00,2020-11-08 07:32:01.160350720+00:00,True,f
2020-11-08 07:45:40.401818368+00:00,2020-11-08 07:45:45.701818368+00:00,True,s
2020-11-08 07:59:30.167902464+00:00,2020-11-08 07:59:35.467902464+00:00,False,
2020-11-08 08:30:27.301576448+00:00,2020-11-08 08:30:32.601576448+00:00,False,
2020-11-08 08:39:06.252294144+00:00,2020-11-08 08:39:11.552294144+00:00,False,
2020-11-08 09:03:50.426531328+00:00,2020-11-08 09:03:55.726531328+00:00,False,
2020-11-08 09:20:47.683711744+00:00,2020-11-08 09:20:52.983711744+00:00,False,
2020-11-08 09:23:45.422000128+00:00,2020-11-08 09:23:50.722000128+00:00,False,
2020-11-08 09:26:35.438049792+00:00,2020-11-08 09:26:40.738049792+00:00,False,
2020-11-08 09:32:40.744820224+00:00,2020-11-08 09:32:46.044820224+00:00,False,
2020-11-08 09:42:46.102892800+00:00,2020-11-08 09:42:51.402892800+00:00,True,s
2020-11-08 10:17:05.723653632+00:00,2020-11-08 10:17:11.023653632+00:00,False,
2020-11-08 10:21:55.667147008+00:00,2020-11-08 10:22:00.967147008+00:00,False,
2020-11-08 10:42:13.307204608+00:00,2020-11-08 10:42:18.607204608+00:00,False,
2020-11-08 10:49:45.237479168+00:00,2020-11-08 10:49:50.537479168+00:00,True,f
2020-11-08 11:14:58.131118848+00:00,2020-11-08 11:15:03.431118848+00:00,True,s
2020-11-08 12:18:05.024090368+00:00,2020-11-08 12:18:10.324090368+00:00,False,
2020-11-08 12:22:38.978783232+00:00,2020-11-08 12:22:44.278783232+00:00,False,
2020-11-08 12:38:06.932561408+00:00,2020-11-08 12:38:12.232561408+00:00,False,
2020-11-08 13:10:05.075252480+00:00,2020-11-08 13:10:10.375252480+00:00,False,
2020-11-08 13:26:53.967506176+00:00,2020-11-08 13:26:59.267506176+00:00,False,
2020-11-08 13:32:04.951724544+00:00,2020-11-08 13:32:10.251724544+00:00,False,
2020-11-08 13:38:15.616360192+00:00,2020-11-08 13:38:20.916360192+00:00,False,
2020-11-08 13:46:35.735282688+00:00,2020-11-08 13:46:41.035282688+00:00,True,f
2020-11-08 13:51:03.055314176+00:00,2020-11-08 13:51:08.355314176+00:00,False,
2020-11-08 13:53:25.978779136+00:00,2020-11-08 13:53:31.278779136+00:00,False,
2020-11-08 13:54:13.056097536+00:00,2020-11-08 13:54:18.356097536+00:00,False,
2020-11-08 14:25:12.742792960+00:00,2020-11-08 14:25:18.042792960+00:00,True,f
2020-11-08 14:34:16.834775040+00:00,2020-11-08 14:34:22.134775040+00:00,False,
2020-11-08 14:36:18.613316864+00:00,2020-11-08 14:36:23.913316864+00:00,False,
2020-11-08 15:00:07.379595776+00:00,2020-11-08 15:00:12.679595776+00:00,False,
2020-11-08 15:03:58.314105600+00:00,2020-11-08 15:04:03.614105600+00:00,False,
2020-11-08 16:12:33.542972928+00:00,2020-11-08 16:12:38.842972928+00:00,False,
2020-11-08 16:23:47.804826880+00:00,2020-11-08 16:23:53.104826880+00:00,False,
2020-11-08 16:24:27.797717760+00:00,2020-11-08 16:24:33.097717760+00:00,False,
2020-11-08 16:24:43.483872+00:00,2020-11-08 16:24:48.783872+00:00,True,f
2020-11-08 16:24:57.791508224+00:00,2020-11-08 16:25:03.091508224+00:00,False,
2020-11-08 16:25:17.788334080+00:00,2020-11-08 16:25:23.088334080+00:00,False,
2020-11-08 16:26:37.772058112+00:00,2020-11-08 16:26:43.072058112+00:00,False,
2020-11-08 16:26:47.770609920+00:00,2020-11-08 16:26:53.070609920+00:00,False,
2020-11-08 16:27:07.766936320+00:00,2020-11-08 16:27:13.066936320+00:00,False,
2020-11-08 16:27:27.876613888+00:00,2020-11-08 16:27:33.176613888+00:00,False,
2020-11-08 16:27:37.761808896+00:00,2020-11-08 16:27:43.061808896+00:00,False,
2020-11-08 16:28:07.812479232+00:00,2020-11-08 16:28:13.112479232+00:00,False,
2020-11-08 16:28:17.754097408+00:00,2020-11-08 16:28:23.054097408+00:00,False,
2020-11-08 16:28:27.751656192+00:00,2020-11-08 16:28:33.051656192+00:00,False,
2020-11-09 05:56:49.860235264+00:00,2020-11-09 05:56:55.160235264+00:00,False,
2020-11-09 06:59:37.992224256+00:00,2020-11-09 06:59:43.292224256+00:00,False,
2020-11-09 07:21:15.043650048+00:00,2020-11-09 07:21:20.343650048+00:00,True,f
2020-11-09 07:32:53.029790464+00:00,2020-11-09 07:32:58.329790464+00:00,False,
2020-11-09 07:51:27.826322688+00:00,2020-11-09 07:51:33.126322688+00:00,False,
2020-11-09 08:01:24.315731200+00:00,2020-11-09 08:01:29.615731200+00:00,True,f
2020-11-09 08:09:57.721619200+00:00,2020-11-09 08:10:03.021619200+00:00,False,
2020-11-09 08:39:26.610283520+00:00,2020-11-09 08:39:31.910283520+00:00,True,s
2020-11-09 08:56:12.804698624+00:00,2020-11-09 08:56:18.104698624+00:00,True,f
2020-11-09 08:57:37.819293184+00:00,2020-11-09 08:57:43.119293184+00:00,False,
2020-11-09 09:01:34.647491840+00:00,2020-11-09 09:01:39.947491840+00:00,True,f
2020-11-09 09:01:50.898752512+00:00,2020-11-09 09:01:56.198752512+00:00,True,s
2020-11-09 09:05:32.967385344+00:00,2020-11-09 09:05:38.267385344+00:00,False,
2020-11-09 09:08:48.016779264+00:00,2020-11-09 09:08:53.316779264+00:00,False,
2020-11-09 09:11:37.030981888+00:00,2020-11-09 09:11:42.330981888+00:00,True,s
2020-11-09 09:12:02.033847808+00:00,2020-11-09 09:12:07.333847808+00:00,True,s
2020-11-09 09:12:32.039895808+00:00,2020-11-09 09:12:37.339895808+00:00,True,s
2020-11-09 09:12:42.039504128+00:00,2020-11-09 09:12:47.339504128+00:00,False,
2020-11-09 09:17:57.109462784+00:00,2020-11-09 09:18:02.409462784+00:00,True,s
2020-11-09 09:18:12.414835456+00:00,2020-11-09 09:18:17.714835456+00:00,True,s
2020-11-09 09:19:02.103867648+00:00,2020-11-09 09:19:07.403867648+00:00,True,s
2020-11-09 09:19:12.921916672+00:00,2020-11-09 09:19:18.221916672+00:00,True,s
2020-11-09 09:20:27.098798336+00:00,2020-11-09 09:20:32.398798336+00:00,True,s
2020-11-09 09:20:52.101656064+00:00,2020-11-09 09:20:57.401656064+00:00,False,
2020-11-09 09:21:52.105623808+00:00,2020-11-09 09:21:57.405623808+00:00,True,s
2020-11-09 09:23:22.118939392+00:00,2020-11-09 09:23:27.418939392+00:00,True,s
2020-11-09 09:23:51.633889536+00:00,2020-11-09 09:23:56.933889536+00:00,True,s
2020-11-09 09:30:38.242830592+00:00,2020-11-09 09:30:43.542830592+00:00,True,s
2020-11-09 09:30:48.244824576+00:00,2020-11-09 09:30:53.544824576+00:00,False,
2020-11-09 10:40:39.057299456+00:00,2020-11-09 10:40:44.357299456+00:00,False,
2020-11-09 11:12:43.177494528+00:00,2020-11-09 11:12:48.477494528+00:00,False,
2020-11-09 11:29:14.296765696+00:00,2020-11-09 11:29:19.596765696+00:00,False,
2020-11-09 11:29:24.106558464+00:00,2020-11-09 11:29:29.406558464+00:00,False,
2020-11-09 11:38:28.166905088+00:00,2020-11-09 11:38:33.466905088+00:00,False,
2020-11-09 11:46:47.130672384+00:00,2020-11-09 11:46:52.430672384+00:00,True,f
2020-11-09 11:56:53.788002304+00:00,2020-11-09 11:56:59.088002304+00:00,True,f
2020-11-09 12:30:10.100360192+00:00,2020-11-09 12:30:15.400360192+00:00,True,f
2020-11-09 12:59:29.762120192+00:00,2020-11-09 12:59:35.062120192+00:00,True,f
2020-11-09 13:02:35.340380160+00:00,2020-11-09 13:02:40.640380160+00:00,False,
2020-11-09 13:12:48.348657152+00:00,2020-11-09 13:12:53.648657152+00:00,False,
2020-11-09 13:23:34.484764416+00:00,2020-11-09 13:23:39.784764416+00:00,False,
2020-11-09 13:40:28.024665088+00:00,2020-11-09 13:40:33.324665088+00:00,False,
2020-11-09 13:40:59.191214080+00:00,2020-11-09 13:41:04.491214080+00:00,True,f
2020-11-09 13:47:06.520390656+00:00,2020-11-09 13:47:11.820390656+00:00,False,
2020-11-09 13:59:41.304406784+00:00,2020-11-09 13:59:46.604406784+00:00,False,
2020-11-09 13:59:56.304832256+00:00,2020-11-09 14:00:01.604832256+00:00,False,
2020-11-09 14:07:54.495780864+00:00,2020-11-09 14:07:59.795780864+00:00,False,
2020-11-09 14:17:59.248220672+00:00,2020-11-09 14:18:04.548220672+00:00,False,
2020-11-09 14:38:51.723739392+00:00,2020-11-09 14:38:57.023739392+00:00,False,
2020-11-09 14:46:14.122651648+00:00,2020-11-09 14:46:19.422651648+00:00,True,s
2020-11-09 14:54:25.406465536+00:00,2020-11-09 14:54:30.706465536+00:00,False,
2020-11-09 14:56:00.058917376+00:00,2020-11-09 14:56:05.358917376+00:00,True,f
2020-11-09 15:01:09.581336320+00:00,2020-11-09 15:01:14.881336320+00:00,True,s
2020-11-09 15:28:39.934657792+00:00,2020-11-09 15:28:45.234657792+00:00,True,f
2020-11-09 16:09:47.802135296+00:00,2020-11-09 16:09:53.102135296+00:00,True,s
2020-11-09 16:09:57.800890880+00:00,2020-11-09 16:10:03.100890880+00:00,False,
2020-11-09 16:21:57.918564096+00:00,2020-11-09 16:22:03.218564096+00:00,True,f
2020-11-09 16:56:13.363800576+00:00,2020-11-09 16:56:18.663800576+00:00,True,s
2020-11-12 05:18:10.923860736+00:00,2020-11-12 05:18:16.223860736+00:00,False,
2020-11-12 05:42:48.683163392+00:00,2020-11-12 05:42:53.983163392+00:00,False,
2020-11-12 05:43:08.667223040+00:00,2020-11-12 05:43:13.967223040+00:00,False,
2020-11-12 05:43:38.661832192+00:00,2020-11-12 05:43:43.961832192+00:00,False,
2020-11-12 05:44:38.651842816+00:00,2020-11-12 05:44:43.951842816+00:00,False,
2020-11-12 05:45:18.642876928+00:00,2020-11-12 05:45:23.942876928+00:00,False,
2020-11-12 05:45:38.638794752+00:00,2020-11-12 05:45:43.938794752+00:00,False,
2020-11-12 05:45:48.636888576+00:00,2020-11-12 05:45:53.936888576+00:00,False,
2020-11-12 05:46:28.629279232+00:00,2020-11-12 05:46:33.929279232+00:00,False,
2020-11-12 05:46:58.623006720+00:00,2020-11-12 05:47:03.923006720+00:00,False,
2020-11-12 05:48:09.230425088+00:00,2020-11-12 05:48:14.530425088+00:00,True,f
2020-11-12 05:48:24.588862976+00:00,2020-11-12 05:48:29.888862976+00:00,False,
2020-11-12 05:53:55.544715776+00:00,2020-11-12 05:54:00.844715776+00:00,False,
2020-11-12 07:27:04.532748800+00:00,2020-11-12 07:27:09.832748800+00:00,False,
2020-11-12 07:37:48.369031168+00:00,2020-11-12 07:37:53.669031168+00:00,False,
2020-11-12 07:43:19.357241856+00:00,2020-11-12 07:43:24.657241856+00:00,False,
2020-11-12 07:50:33.079369728+00:00,2020-11-12 07:50:38.379369728+00:00,False,
2020-11-12 08:13:24.118113536+00:00,2020-11-12 08:13:29.418113536+00:00,False,
2020-11-12 08:27:53.794267136+00:00,2020-11-12 08:27:59.094267136+00:00,True,s
2020-11-12 09:05:19.159551232+00:00,2020-11-12 09:05:24.459551232+00:00,True,f
2020-11-12 09:29:24.845832192+00:00,2020-11-12 09:29:30.145832192+00:00,True,s
2020-11-12 09:29:48.388896256+00:00,2020-11-12 09:29:53.688896256+00:00,False,
2020-11-12 09:42:53.579192064+00:00,2020-11-12 09:42:58.879192064+00:00,False,
2020-11-12 09:59:09.648158464+00:00,2020-11-12 09:59:14.948158464+00:00,True,s
2020-11-12 10:40:28.799923968+00:00,2020-11-12 10:40:34.099923968+00:00,True,f
2020-11-12 10:46:08.812362496+00:00,2020-11-12 10:46:14.112362496+00:00,True,f
2020-11-12 11:08:49.937112320+00:00,2020-11-12 11:08:55.237112320+00:00,False,
2020-11-12 11:13:58.552524032+00:00,2020-11-12 11:14:03.852524032+00:00,False,
2020-11-12 11:15:54.194012928+00:00,2020-11-12 11:15:59.494012928+00:00,False,
2020-11-12 11:43:24.640260608+00:00,2020-11-12 11:43:29.940260608+00:00,False,
2020-11-12 11:48:40.717019392+00:00,2020-11-12 11:48:46.017019392+00:00,True,s
2020-11-12 12:25:01.352190464+00:00,2020-11-12 12:25:06.652190464+00:00,False,
2020-11-12 12:44:08.771105024+00:00,2020-11-12 12:44:14.071105024+00:00,False,
2020-11-12 12:44:28.766695424+00:00,2020-11-12 12:44:34.066695424+00:00,False,
2020-11-12 12:44:38.765231360+00:00,2020-11-12 12:44:44.065231360+00:00,False,
2020-11-12 13:12:49.249509888+00:00,2020-11-12 13:12:54.549509888+00:00,True,s
2020-11-12 13:18:58.693328896+00:00,2020-11-12 13:19:03.993328896+00:00,False,
2020-11-12 13:49:08.621255680+00:00,2020-11-12 13:49:13.921255680+00:00,False,
2020-11-12 13:55:52.340397312+00:00,2020-11-12 13:55:57.640397312+00:00,False,
2020-11-12 14:49:32.308300544+00:00,2020-11-12 14:49:37.608300544+00:00,False,
2020-11-12 14:58:00.008188416+00:00,2020-11-12 14:58:05.308188416+00:00,False,
2020-11-12 15:03:04.974705920+00:00,2020-11-12 15:03:10.274705920+00:00,False,
2020-11-12 15:38:20.253160192+00:00,2020-11-12 15:38:25.553160192+00:00,False,
2020-11-12 15:48:41.598005760+00:00,2020-11-12 15:48:46.898005760+00:00,False,
2020-11-12 16:34:24.030176512+00:00,2020-11-12 16:34:29.330176512+00:00,False,
2020-11-12 23:19:30.369649920+00:00,2020-11-12 23:19:35.669649920+00:00,False,
2020-11-12 23:19:40.251732736+00:00,2020-11-12 23:19:45.551732736+00:00,True,s
2020-11-12 23:23:14.533050368+00:00,2020-11-12 23:23:19.833050368+00:00,False,
2020-11-12 23:23:29.239799296+00:00,2020-11-12 23:23:34.539799296+00:00,False,
2020-11-13 02:21:17.914204416+00:00,2020-11-13 02:21:23.214204416+00:00,True,f
2020-11-13 02:28:57.821710080+00:00,2020-11-13 02:29:03.121710080+00:00,False,
2020-11-13 02:30:56.620832256+00:00,2020-11-13 02:31:01.920832256+00:00,False,
2020-11-13 03:34:37.939142912+00:00,2020-11-13 03:34:43.239142912+00:00,True,f
2020-11-13 04:28:25.294945792+00:00,2020-11-13 04:28:30.594945792+00:00,False,
2020-11-13 04:35:08.746982144+00:00,2020-11-13 04:35:14.046982144+00:00,False,
2020-11-13 05:16:22.732517632+00:00,2020-11-13 05:16:28.032517632+00:00,False,
2020-11-13 05:37:49.178775040+00:00,2020-11-13 05:37:54.478775040+00:00,True,f
2020-11-13 06:45:51.300685056+00:00,2020-11-13 06:45:56.600685056+00:00,True,f
2020-11-13 06:56:15.764132096+00:00,2020-11-13 06:56:21.064132096+00:00,False,
2020-11-13 06:58:47.643907328+00:00,2020-11-13 06:58:52.943907328+00:00,True,f
2020-11-13 07:02:21.545714176+00:00,2020-11-13 07:02:26.845714176+00:00,True,f
2020-11-13 07:15:35.099322880+00:00,2020-11-13 07:15:40.399322880+00:00,True,f
2020-11-13 07:21:58.094342912+00:00,2020-11-13 07:22:03.394342912+00:00,False,
2020-11-13 07:23:18.079851008+00:00,2020-11-13 07:23:23.379851008+00:00,False,
2020-11-13 07:25:33.054523904+00:00,2020-11-13 07:25:38.354523904+00:00,True,f
2020-11-13 07:26:17.423501568+00:00,2020-11-13 07:26:22.723501568+00:00,True,f
2020-11-13 07:29:18.983238144+00:00,2020-11-13 07:29:24.283238144+00:00,False,
2020-11-13 07:30:37.997115648+00:00,2020-11-13 07:30:43.297115648+00:00,False,
2020-11-13 07:32:02.983150080+00:00,2020-11-13 07:32:08.283150080+00:00,False,
2020-11-13 07:32:37.346660096+00:00,2020-11-13 07:32:42.646660096+00:00,True,f
2020-11-13 07:36:47.933229824+00:00,2020-11-13 07:36:53.233229824+00:00,False,
2020-11-13 08:05:00.099858432+00:00,2020-11-13 08:05:05.399858432+00:00,True,s
2020-11-13 08:07:05.835883008+00:00,2020-11-13 08:07:11.135883008+00:00,True,f
2020-11-13 08:24:02.424013568+00:00,2020-11-13 08:24:07.724013568+00:00,False,
2020-11-13 09:06:58.973069824+00:00,2020-11-13 09:07:04.273069824+00:00,False,
2020-11-13 09:15:00.803917824+00:00,2020-11-13 09:15:06.103917824+00:00,True,f
2020-11-13 09:15:25.803424256+00:00,2020-11-13 09:15:31.103424256+00:00,False,
2020-11-13 09:16:20.823601408+00:00,2020-11-13 09:16:26.123601408+00:00,False,
2020-11-13 09:42:58.967054592+00:00,2020-11-13 09:43:04.267054592+00:00,False,
2020-11-13 09:59:14.780606720+00:00,2020-11-13 09:59:20.080606720+00:00,True,f
2020-11-13 10:21:59.684722688+00:00,2020-11-13 10:22:04.984722688+00:00,True,f
2020-11-13 10:44:48.780610304+00:00,2020-11-13 10:44:54.080610304+00:00,False,
2020-11-13 10:51:53.237086208+00:00,2020-11-13 10:51:58.537086208+00:00,True,s
2020-11-13 11:46:10.660116736+00:00,2020-11-13 11:46:15.960116736+00:00,True,f
2020-11-13 11:58:13.636385280+00:00,2020-11-13 11:58:18.936385280+00:00,False,
2020-11-13 12:38:01.034182400+00:00,2020-11-13 12:38:06.334182400+00:00,False,
2020-11-13 13:11:53.636926464+00:00,2020-11-13 13:11:58.936926464+00:00,False,
2020-11-13 13:13:23.850163200+00:00,2020-11-13 13:13:29.150163200+00:00,False,
2020-11-13 13:54:33.252414976+00:00,2020-11-13 13:54:38.552414976+00:00,True,f
2020-11-13 13:59:50.211262720+00:00,2020-11-13 13:59:55.511262720+00:00,False,
2020-11-13 14:10:40.087355392+00:00,2020-11-13 14:10:45.387355392+00:00,False,
2020-11-13 14:57:53.383851776+00:00,2020-11-13 14:57:58.683851776+00:00,False,
2020-11-13 17:50:23.854653440+00:00,2020-11-13 17:50:29.154653440+00:00,False,
2020-11-13 18:54:28.426894592+00:00,2020-11-13 18:54:33.726894592+00:00,False,
2020-11-13 19:05:23.310418432+00:00,2020-11-13 19:05:28.610418432+00:00,False,
2020-11-13 19:31:01.728041728+00:00,2020-11-13 19:31:07.028041728+00:00,False,
2020-11-13 19:38:52.322366976+00:00,2020-11-13 19:38:57.622366976+00:00,True,f
2020-11-13 20:16:21.237013504+00:00,2020-11-13 20:16:26.537013504+00:00,False,
2020-11-13 20:20:36.143694848+00:00,2020-11-13 20:20:41.443694848+00:00,True,f
2020-11-13 20:23:17.467496960+00:00,2020-11-13 20:23:22.767496960+00:00,False,
2020-11-13 21:21:06.503672832+00:00,2020-11-13 21:21:11.803672832+00:00,False,
2020-11-13 21:41:01.664510208+00:00,2020-11-13 21:41:06.964510208+00:00,False,
2020-11-13 21:45:03.694583552+00:00,2020-11-13 21:45:08.994583552+00:00,False,
2020-11-13 23:43:21.029642752+00:00,2020-11-13 23:43:26.329642752+00:00,False,
2020-11-14 01:04:03.339634944+00:00,2020-11-14 01:04:08.639634944+00:00,False,
2020-11-14 01:04:14.320795392+00:00,2020-11-14 01:04:19.620795392+00:00,False,
2020-11-14 01:04:28.335695360+00:00,2020-11-14 01:04:33.635695360+00:00,False,
2020-11-14 01:19:05.055430912+00:00,2020-11-14 01:19:10.355430912+00:00,False,
2020-11-14 09:32:17.839324928+00:00,2020-11-14 09:32:23.139324928+00:00,True,f
2020-11-14 10:01:47.540036096+00:00,2020-11-14 10:01:52.840036096+00:00,False,
2020-11-14 10:04:02.665562112+00:00,2020-11-14 10:04:07.965562112+00:00,True,s
2020-11-14 10:05:47.497251328+00:00,2020-11-14 10:05:52.797251328+00:00,True,s
2020-11-14 10:57:27.100183040+00:00,2020-11-14 10:57:32.400183040+00:00,False,
2020-11-14 10:57:47.328170752+00:00,2020-11-14 10:57:52.628170752+00:00,False,
2020-11-14 10:58:12.081304320+00:00,2020-11-14 10:58:17.381304320+00:00,False,
2020-11-14 10:58:52.073988352+00:00,2020-11-14 10:58:57.373988352+00:00,False,
2020-11-14 11:02:32.037092608+00:00,2020-11-14 11:02:37.337092608+00:00,True,s
2020-11-14 11:45:16.457720576+00:00,2020-11-14 11:45:21.757720576+00:00,True,f
2020-11-14 11:45:26.456649984+00:00,2020-11-14 11:45:31.756649984+00:00,True,f
2020-11-14 12:06:22.053568512+00:00,2020-11-14 12:06:27.353568512+00:00,False,
2020-11-14 12:23:06.414228736+00:00,2020-11-14 12:23:11.714228736+00:00,False,
2020-11-14 12:35:02.072441600+00:00,2020-11-14 12:35:07.372441600+00:00,False,
2020-11-14 12:40:37.432201216+00:00,2020-11-14 12:40:42.732201216+00:00,True,s
2020-11-14 12:51:12.764768+00:00,2020-11-14 12:51:18.064768+00:00,False,
2020-11-14 13:20:22.216283392+00:00,2020-11-14 13:20:27.516283392+00:00,False,
2020-11-14 13:52:25.576789760+00:00,2020-11-14 13:52:30.876789760+00:00,False,
2020-11-14 13:58:52.163333376+00:00,2020-11-14 13:58:57.463333376+00:00,False,
2020-11-15 04:01:26.778235648+00:00,2020-11-15 04:01:32.078235648+00:00,False,
2020-11-15 04:50:29.473165824+00:00,2020-11-15 04:50:34.773165824+00:00,False,
2020-11-15 05:10:47.470341376+00:00,2020-11-15 05:10:52.770341376+00:00,True,s
2020-11-15 05:31:58.997134080+00:00,2020-11-15 05:32:04.297134080+00:00,False,
2020-11-15 05:32:08.994045184+00:00,2020-11-15 05:32:14.294045184+00:00,False,
2020-11-15 05:33:38.976482560+00:00,2020-11-15 05:33:44.276482560+00:00,False,
2020-11-15 05:41:03.613747456+00:00,2020-11-15 05:41:08.913747456+00:00,False,
2020-11-15 05:43:00.162966528+00:00,2020-11-15 05:43:05.462966528+00:00,True,f
2020-11-15 05:54:23.742192128+00:00,2020-11-15 05:54:29.042192128+00:00,False,
2020-11-15 06:22:34.738816256+00:00,2020-11-15 06:22:40.038816256+00:00,True,s
2020-11-15 07:13:59.186266624+00:00,2020-11-15 07:14:04.486266624+00:00,False,
2020-11-15 07:19:28.543640320+00:00,2020-11-15 07:19:33.843640320+00:00,False,
2020-11-15 07:46:01.866170112+00:00,2020-11-15 07:46:07.166170112+00:00,False,
2020-11-15 08:09:39.566589184+00:00,2020-11-15 08:09:44.866589184+00:00,False,
2020-11-15 08:12:16.804697600+00:00,2020-11-15 08:12:22.104697600+00:00,True,s
2020-11-15 09:05:21.530654208+00:00,2020-11-15 09:05:26.830654208+00:00,True,f
2020-11-15 09:10:24.312016640+00:00,2020-11-15 09:10:29.612016640+00:00,True,f
2020-11-15 16:24:30.838807552+00:00,2020-11-15 16:24:36.138807552+00:00,False,
2020-11-15 16:25:13.199702272+00:00,2020-11-15 16:25:18.499702272+00:00,True,f
2020-11-15 16:25:23.197190144+00:00,2020-11-15 16:25:28.497190144+00:00,False,
2020-11-15 20:38:58.547195136+00:00,2020-11-15 20:39:03.847195136+00:00,False,
2020-11-16 05:44:43.492874496+00:00,2020-11-16 05:44:48.792874496+00:00,False,
2020-11-16 05:58:53.341092096+00:00,2020-11-16 05:58:58.641092096+00:00,False,
2020-11-16 05:59:59.603208448+00:00,2020-11-16 06:00:04.903208448+00:00,True,f
2020-11-16 06:39:30.767297536+00:00,2020-11-16 06:39:36.067297536+00:00,False,
2020-11-16 06:44:05.719557632+00:00,2020-11-16 06:44:11.019557632+00:00,False,
2020-11-16 06:49:18.421509888+00:00,2020-11-16 06:49:23.721509888+00:00,True,f
2020-11-16 06:49:53.415211776+00:00,2020-11-16 06:49:58.715211776+00:00,False,
2020-11-16 07:17:52.466550016+00:00,2020-11-16 07:17:57.766550016+00:00,False,
2020-11-16 07:25:00.147681792+00:00,2020-11-16 07:25:05.447681792+00:00,False,
2020-11-16 07:41:10.000430848+00:00,2020-11-16 07:41:15.300430848+00:00,False,
2020-11-16 08:29:20.184313344+00:00,2020-11-16 08:29:25.484313344+00:00,False,
2020-11-16 09:31:10.041876736+00:00,2020-11-16 09:31:15.341876736+00:00,False,
2020-11-16 09:40:07.073336320+00:00,2020-11-16 09:40:12.373336320+00:00,False,
2020-11-16 09:56:12.102868224+00:00,2020-11-16 09:56:17.402868224+00:00,False,
2020-11-16 10:16:59.176479744+00:00,2020-11-16 10:17:04.476479744+00:00,False,
2020-11-16 10:17:09.174940928+00:00,2020-11-16 10:17:14.474940928+00:00,False,
2020-11-16 10:17:19.173198336+00:00,2020-11-16 10:17:24.473198336+00:00,False,
2020-11-16 10:17:49.167079680+00:00,2020-11-16 10:17:54.467079680+00:00,False,
2020-11-16 10:18:19.161564416+00:00,2020-11-16 10:18:24.461564416+00:00,False,
2020-11-16 10:19:09.153346048+00:00,2020-11-16 10:19:14.453346048+00:00,False,
2020-11-16 10:19:19.149734656+00:00,2020-11-16 10:19:24.449734656+00:00,False,
2020-11-16 10:19:49.150315264+00:00,2020-11-16 10:19:54.450315264+00:00,False,
2020-11-16 10:19:59.142478080+00:00,2020-11-16 10:20:04.442478080+00:00,False,
2020-11-16 10:20:09.140694528+00:00,2020-11-16 10:20:14.440694528+00:00,False,
2020-11-16 10:20:19.139728640+00:00,2020-11-16 10:20:24.439728640+00:00,False,
2020-11-16 10:20:39.145039872+00:00,2020-11-16 10:20:44.445039872+00:00,False,
2020-11-16 10:24:15.791408384+00:00,2020-11-16 10:24:21.091408384+00:00,False,
2020-11-16 10:30:55.257870080+00:00,2020-11-16 10:31:00.557870080+00:00,True,s
2020-11-16 11:03:09.186842880+00:00,2020-11-16 11:03:14.486842880+00:00,False,
2020-11-16 11:09:55.272159488+00:00,2020-11-16 11:10:00.572159488+00:00,False,
2020-11-16 11:16:47.335049216+00:00,2020-11-16 11:16:52.635049216+00:00,False,
2020-11-16 11:40:49.118712320+00:00,2020-11-16 11:40:54.418712320+00:00,False,
2020-11-16 11:47:05.176611840+00:00,2020-11-16 11:47:10.476611840+00:00,False,
2020-11-16 12:01:02.076800768+00:00,2020-11-16 12:01:07.376800768+00:00,False,
2020-11-16 12:48:22.918901248+00:00,2020-11-16 12:48:28.218901248+00:00,True,s
2020-11-16 13:08:15.114413312+00:00,2020-11-16 13:08:20.414413312+00:00,False,
2020-11-16 13:21:08.855136768+00:00,2020-11-16 13:21:14.155136768+00:00,True,f
2020-11-16 13:58:35.459594240+00:00,2020-11-16 13:58:40.759594240+00:00,False,
2020-11-16 14:06:27.297721344+00:00,2020-11-16 14:06:32.597721344+00:00,False,
2020-11-16 14:26:55.541839360+00:00,2020-11-16 14:27:00.841839360+00:00,False,
2020-11-16 14:37:35.859592448+00:00,2020-11-16 14:37:41.159592448+00:00,True,f
2020-11-16 14:40:37.456320512+00:00,2020-11-16 14:40:42.756320512+00:00,False,
2020-11-16 14:44:20.391114496+00:00,2020-11-16 14:44:25.691114496+00:00,True,f
2020-11-16 14:49:28.149019648+00:00,2020-11-16 14:49:33.449019648+00:00,False,
2020-11-16 15:02:24.778086400+00:00,2020-11-16 15:02:30.078086400+00:00,True,s
2020-11-16 15:07:50.160568832+00:00,2020-11-16 15:07:55.460568832+00:00,False,
2020-11-16 15:46:49.719326464+00:00,2020-11-16 15:46:55.019326464+00:00,False,
2020-11-16 15:49:09.290143744+00:00,2020-11-16 15:49:14.590143744+00:00,True,f
2020-11-16 16:05:51.517755392+00:00,2020-11-16 16:05:56.817755392+00:00,False,
2020-11-16 16:10:02.456765696+00:00,2020-11-16 16:10:07.756765696+00:00,False,
2020-11-16 16:47:31.598737408+00:00,2020-11-16 16:47:36.898737408+00:00,True,f
2020-11-17 05:31:14.735595776+00:00,2020-11-17 05:31:20.035595776+00:00,True,f
2020-11-17 06:04:58.378211328+00:00,2020-11-17 06:05:03.678211328+00:00,False,
2020-11-17 06:28:18.126723584+00:00,2020-11-17 06:28:23.426723584+00:00,False,
2020-11-17 06:58:34.272894976+00:00,2020-11-17 06:58:39.572894976+00:00,True,s
2020-11-17 07:09:57.681143552+00:00,2020-11-17 07:10:02.981143552+00:00,False,
2020-11-17 07:37:29.509940224+00:00,2020-11-17 07:37:34.809940224+00:00,False,
2020-11-17 07:37:39.507687168+00:00,2020-11-17 07:37:44.807687168+00:00,False,
2020-11-17 07:38:19.499870720+00:00,2020-11-17 07:38:24.799870720+00:00,False,
2020-11-17 07:39:19.488302336+00:00,2020-11-17 07:39:24.788302336+00:00,False,
2020-11-17 07:39:43.353570304+00:00,2020-11-17 07:39:48.653570304+00:00,True,f
2020-11-17 07:39:49.482311936+00:00,2020-11-17 07:39:54.782311936+00:00,False,
2020-11-17 07:39:59.491983616+00:00,2020-11-17 07:40:04.791983616+00:00,False,
2020-11-17 07:40:19.477215488+00:00,2020-11-17 07:40:24.777215488+00:00,False,
2020-11-17 07:40:29.475401472+00:00,2020-11-17 07:40:34.775401472+00:00,False,
2020-11-17 07:40:49.471212032+00:00,2020-11-17 07:40:54.771212032+00:00,False,
2020-11-17 07:42:09.455944448+00:00,2020-11-17 07:42:14.755944448+00:00,False,
2020-11-17 07:42:49.448526336+00:00,2020-11-17 07:42:54.748526336+00:00,False,
2020-11-17 07:42:59.446749696+00:00,2020-11-17 07:43:04.746749696+00:00,False,
2020-11-17 07:43:09.444594944+00:00,2020-11-17 07:43:14.744594944+00:00,False,
2020-11-17 07:43:19.442454528+00:00,2020-11-17 07:43:24.742454528+00:00,False,
2020-11-17 07:43:29.440261376+00:00,2020-11-17 07:43:34.740261376+00:00,False,
2020-11-17 07:47:24.657301760+00:00,2020-11-17 07:47:29.957301760+00:00,True,s
2020-11-17 07:47:33.740640768+00:00,2020-11-17 07:47:39.040640768+00:00,False,
2020-11-17 08:25:16.248270336+00:00,2020-11-17 08:25:21.548270336+00:00,True,f
2020-11-17 08:51:03.071453184+00:00,2020-11-17 08:51:08.371453184+00:00,False,
2020-11-17 09:19:22.752428288+00:00,2020-11-17 09:19:28.052428288+00:00,False,
2020-11-17 09:59:00.404790272+00:00,2020-11-17 09:59:05.704790272+00:00,True,f
2020-11-17 10:25:53.661348352+00:00,2020-11-17 10:25:58.961348352+00:00,False,
2020-11-17 10:37:00.550958080+00:00,2020-11-17 10:37:05.850958080+00:00,True,f
2020-11-17 10:51:56.808798976+00:00,2020-11-17 10:52:02.108798976+00:00,False,
2020-11-17 11:04:38.250285312+00:00,2020-11-17 11:04:43.550285312+00:00,False,
2020-11-17 11:39:25.063437824+00:00,2020-11-17 11:39:30.363437824+00:00,False,
2020-11-17 12:26:15.568201216+00:00,2020-11-17 12:26:20.868201216+00:00,False,
2020-11-17 12:45:15.839236864+00:00,2020-11-17 12:45:21.139236864+00:00,False,
2020-11-17 12:51:08.937284352+00:00,2020-11-17 12:51:14.237284352+00:00,True,f
2020-11-17 13:43:32.044137728+00:00,2020-11-17 13:43:37.344137728+00:00,False,
2020-11-17 13:46:28.347161600+00:00,2020-11-17 13:46:33.647161600+00:00,False,
2020-11-17 14:23:57.776824320+00:00,2020-11-17 14:24:03.076824320+00:00,False,
2020-11-17 14:46:59.596222720+00:00,2020-11-17 14:47:04.896222720+00:00,False,
2020-11-17 14:50:19.558369024+00:00,2020-11-17 14:50:24.858369024+00:00,False,
2020-11-17 14:50:59.550904064+00:00,2020-11-17 14:51:04.850904064+00:00,False,
2020-11-17 14:51:09.560440064+00:00,2020-11-17 14:51:14.860440064+00:00,False,
2020-11-17 14:51:19.546963712+00:00,2020-11-17 14:51:24.846963712+00:00,False,
2020-11-17 14:52:09.551001856+00:00,2020-11-17 14:52:14.851001856+00:00,False,
2020-11-17 14:52:19.535124736+00:00,2020-11-17 14:52:24.835124736+00:00,False,
2020-11-17 14:52:29.534176768+00:00,2020-11-17 14:52:34.834176768+00:00,False,
2020-11-17 15:28:17.529538048+00:00,2020-11-17 15:28:22.829538048+00:00,False,
2020-11-17 15:37:07.443661824+00:00,2020-11-17 15:37:12.743661824+00:00,False,
2020-11-17 15:38:19.434415872+00:00,2020-11-17 15:38:24.734415872+00:00,False,
2020-11-17 15:38:43.434125824+00:00,2020-11-17 15:38:48.734125824+00:00,False,
2020-11-17 15:54:26.526568704+00:00,2020-11-17 15:54:31.826568704+00:00,False,
2020-11-17 16:22:51.954112768+00:00,2020-11-17 16:22:57.254112768+00:00,False,
2020-11-17 17:01:23.066147840+00:00,2020-11-17 17:01:28.366147840+00:00,False,
2020-11-20 03:05:48.768790528+00:00,2020-11-20 03:05:54.068790528+00:00,False,
2020-11-20 03:07:55.127767808+00:00,2020-11-20 03:08:00.427767808+00:00,True,s
2020-11-20 04:06:54.657103104+00:00,2020-11-20 04:06:59.957103104+00:00,False,
2020-11-20 04:18:14.377415168+00:00,2020-11-20 04:18:19.677415168+00:00,True,s
2020-11-20 04:18:24.365363200+00:00,2020-11-20 04:18:29.665363200+00:00,True,f
2020-11-20 04:20:12.551336960+00:00,2020-11-20 04:20:17.851336960+00:00,False,
2020-11-20 04:42:12.168247552+00:00,2020-11-20 04:42:17.468247552+00:00,True,f
2020-11-20 04:42:52.160794112+00:00,2020-11-20 04:42:57.460794112+00:00,False,
2020-11-20 04:44:52.137854720+00:00,2020-11-20 04:44:57.437854720+00:00,False,
2020-11-20 05:00:32.878539008+00:00,2020-11-20 05:00:38.178539008+00:00,False,
2020-11-20 05:32:47.572368384+00:00,2020-11-20 05:32:52.872368384+00:00,False,
2020-11-20 05:38:39.003188992+00:00,2020-11-20 05:38:44.303188992+00:00,False,
2020-11-20 06:02:12.257021696+00:00,2020-11-20 06:02:17.557021696+00:00,False,
2020-11-20 06:13:41.971540224+00:00,2020-11-20 06:13:47.271540224+00:00,False,
2020-11-20 06:19:39.855451136+00:00,2020-11-20 06:19:45.155451136+00:00,True,s
2020-11-20 07:33:45.396316416+00:00,2020-11-20 07:33:50.696316416+00:00,False,
2020-11-20 09:00:05.549981184+00:00,2020-11-20 09:00:10.849981184+00:00,True,f
2020-11-20 09:00:14.199318272+00:00,2020-11-20 09:00:19.499318272+00:00,False,
2020-11-20 09:02:51.807203584+00:00,2020-11-20 09:02:57.107203584+00:00,False,
2020-11-20 09:08:43.404681728+00:00,2020-11-20 09:08:48.704681728+00:00,True,s
2020-11-20 09:19:51.563207936+00:00,2020-11-20 09:19:56.863207936+00:00,True,s
2020-11-20 09:24:37.683220480+00:00,2020-11-20 09:24:42.983220480+00:00,True,s
2020-11-20 09:25:59.542839808+00:00,2020-11-20 09:26:04.842839808+00:00,False,
2020-11-20 09:28:56.551680768+00:00,2020-11-20 09:29:01.851680768+00:00,False,
2020-11-20 09:39:11.667487744+00:00,2020-11-20 09:39:16.967487744+00:00,False,
2020-11-20 09:43:44.713267456+00:00,2020-11-20 09:43:50.013267456+00:00,False,
2020-11-20 10:00:47.861907968+00:00,2020-11-20 10:00:53.161907968+00:00,True,s
2020-11-20 10:00:59.864155648+00:00,2020-11-20 10:01:05.164155648+00:00,False,
2020-11-20 10:21:45.993207552+00:00,2020-11-20 10:21:51.293207552+00:00,True,s
2020-11-20 10:38:43.549456896+00:00,2020-11-20 10:38:48.849456896+00:00,False,
2020-11-21 05:01:57.772096512+00:00,2020-11-21 05:02:03.072096512+00:00,False,
2020-11-21 05:30:38.844023296+00:00,2020-11-21 05:30:44.144023296+00:00,True,f
2020-11-21 05:40:33.722801408+00:00,2020-11-21 05:40:39.022801408+00:00,True,f
2020-11-21 05:40:48.720017920+00:00,2020-11-21 05:40:54.020017920+00:00,True,f
2020-11-21 05:51:33.606081792+00:00,2020-11-21 05:51:38.906081792+00:00,True,f
2020-11-21 05:51:53.603596032+00:00,2020-11-21 05:51:58.903596032+00:00,True,f
2020-11-21 05:54:11.078346240+00:00,2020-11-21 05:54:16.378346240+00:00,False,
2020-11-21 07:06:55.889627648+00:00,2020-11-21 07:07:01.189627648+00:00,False,
2020-11-21 07:07:16.532072704+00:00,2020-11-21 07:07:21.832072704+00:00,True,f
2020-11-21 07:07:25.885157376+00:00,2020-11-21 07:07:31.185157376+00:00,False,
2020-11-21 07:54:09.859158528+00:00,2020-11-21 07:54:15.159158528+00:00,False,
2020-11-21 08:31:15.475280640+00:00,2020-11-21 08:31:20.775280640+00:00,True,f
2020-11-21 08:54:00.232757760+00:00,2020-11-21 08:54:05.532757760+00:00,False,
2020-11-21 09:21:34.851492352+00:00,2020-11-21 09:21:40.151492352+00:00,False,
2020-11-21 09:31:23.995702784+00:00,2020-11-21 09:31:29.295702784+00:00,True,s
2020-11-21 09:44:33.867255552+00:00,2020-11-21 09:44:39.167255552+00:00,False,
2020-11-21 10:12:33.554167296+00:00,2020-11-21 10:12:38.854167296+00:00,False,
2020-11-21 10:18:53.499428608+00:00,2020-11-21 10:18:58.799428608+00:00,True,f
2020-11-21 10:19:48.472668416+00:00,2020-11-21 10:19:53.772668416+00:00,False,
2020-11-21 10:46:49.339763968+00:00,2020-11-21 10:46:54.639763968+00:00,True,f
2020-11-21 11:00:51.402869504+00:00,2020-11-21 11:00:56.702869504+00:00,False,
2020-11-21 11:02:21.248612096+00:00,2020-11-21 11:02:26.548612096+00:00,True,s
2020-11-21 11:03:21.242254336+00:00,2020-11-21 11:03:26.542254336+00:00,False,
2020-11-21 11:03:41.239677440+00:00,2020-11-21 11:03:46.539677440+00:00,False,
2020-11-21 11:37:04.722725632+00:00,2020-11-21 11:37:10.022725632+00:00,True,f
2020-11-21 11:46:58.792166656+00:00,2020-11-21 11:47:04.092166656+00:00,False,
2020-11-21 11:48:19.117232640+00:00,2020-11-21 11:48:24.417232640+00:00,False,
2020-11-21 12:00:43.751546880+00:00,2020-11-21 12:00:49.051546880+00:00,False,
2020-11-21 12:15:15.166280192+00:00,2020-11-21 12:15:20.466280192+00:00,False,
2020-11-21 12:58:28.766723072+00:00,2020-11-21 12:58:34.066723072+00:00,False,
2020-11-21 13:28:14.985340672+00:00,2020-11-21 13:28:20.285340672+00:00,True,f
2020-11-21 13:43:30.099064064+00:00,2020-11-21 13:43:35.399064064+00:00,True,f
2020-11-21 13:43:40.096006656+00:00,2020-11-21 13:43:45.396006656+00:00,False,
2020-11-21 14:48:20.542856960+00:00,2020-11-21 14:48:25.842856960+00:00,False,
2020-11-21 14:57:30.518234368+00:00,2020-11-21 14:57:35.818234368+00:00,False,
2020-11-21 15:04:49.493164032+00:00,2020-11-21 15:04:54.793164032+00:00,False,
2020-11-21 15:05:04.499258112+00:00,2020-11-21 15:05:09.799258112+00:00,False,
2020-11-21 16:00:19.882842880+00:00,2020-11-21 16:00:25.182842880+00:00,True,f
2020-11-21 16:05:49.044384768+00:00,2020-11-21 16:05:54.344384768+00:00,False,
2020-11-21 16:18:47.920759552+00:00,2020-11-21 16:18:53.220759552+00:00,True,s
2020-11-21 16:24:57.857475584+00:00,2020-11-21 16:25:03.157475584+00:00,True,s
2020-11-21 16:41:48.648586496+00:00,2020-11-21 16:41:53.948586496+00:00,True,f
2020-11-21 16:46:54.357118976+00:00,2020-11-21 16:46:59.657118976+00:00,False,
2020-11-21 16:57:22.643040512+00:00,2020-11-21 16:57:27.943040512+00:00,False,
2020-11-22 10:33:30.147406592+00:00,2020-11-22 10:33:35.447406592+00:00,False,
2020-11-22 10:36:19.816718080+00:00,2020-11-22 10:36:25.116718080+00:00,False,
2020-11-22 10:52:13.524584960+00:00,2020-11-22 10:52:18.824584960+00:00,False,
2020-11-22 11:27:08.652909824+00:00,2020-11-22 11:27:13.952909824+00:00,False,
2020-11-22 11:29:59.377999104+00:00,2020-11-22 11:30:04.677999104+00:00,True,f
2020-11-22 11:33:23.449650176+00:00,2020-11-22 11:33:28.749650176+00:00,False,
2020-11-22 11:55:17.235430144+00:00,2020-11-22 11:55:22.535430144+00:00,False,
2020-11-22 14:10:08.710550528+00:00,2020-11-22 14:10:14.010550528+00:00,False,
2020-11-23 09:52:13.622184960+00:00,2020-11-23 09:52:18.922184960+00:00,False,
2020-11-23 10:01:53.578724096+00:00,2020-11-23 10:01:58.878724096+00:00,False,
2020-11-23 10:04:08.938831872+00:00,2020-11-23 10:04:14.238831872+00:00,True,f
2020-11-23 10:19:56.113290752+00:00,2020-11-23 10:20:01.413290752+00:00,True,s
2020-11-23 10:31:05.068558848+00:00,2020-11-23 10:31:10.368558848+00:00,True,s
2020-11-23 10:50:23.234061056+00:00,2020-11-23 10:50:28.534061056+00:00,False,
2020-11-23 12:39:39.543156224+00:00,2020-11-23 12:39:44.843156224+00:00,True,s
2020-11-23 12:39:54.539722752+00:00,2020-11-23 12:39:59.839722752+00:00,False,
2020-11-23 12:55:39.943185152+00:00,2020-11-23 12:55:45.243185152+00:00,False,
2020-11-23 12:58:01.843835904+00:00,2020-11-23 12:58:07.143835904+00:00,True,f
2020-11-23 12:58:54.328307200+00:00,2020-11-23 12:58:59.628307200+00:00,False,
2020-11-23 13:26:21.047946752+00:00,2020-11-23 13:26:26.347946752+00:00,True,f
2020-11-23 13:37:04.218468864+00:00,2020-11-23 13:37:09.518468864+00:00,True,s
2020-11-23 13:47:18.945204224+00:00,2020-11-23 13:47:24.245204224+00:00,False,
2020-11-23 14:18:40.916707072+00:00,2020-11-23 14:18:46.216707072+00:00,False,
2020-11-23 14:21:40.881784576+00:00,2020-11-23 14:21:46.181784576+00:00,False,
2020-11-23 14:22:00.878704640+00:00,2020-11-23 14:22:06.178704640+00:00,False,
2020-11-23 15:19:10.817981952+00:00,2020-11-23 15:19:16.117981952+00:00,False,
2020-11-23 15:38:28.889665536+00:00,2020-11-23 15:38:34.189665536+00:00,False,
2020-11-23 15:45:12.597130752+00:00,2020-11-23 15:45:17.897130752+00:00,True,s
2020-11-23 15:45:47.581797888+00:00,2020-11-23 15:45:52.881797888+00:00,False,
2020-11-23 15:46:20.491873024+00:00,2020-11-23 15:46:25.791873024+00:00,False,
2020-11-23 15:48:22.550752+00:00,2020-11-23 15:48:27.850752+00:00,False,
2020-11-23 15:48:47.546812928+00:00,2020-11-23 15:48:52.846812928+00:00,False,
2020-11-23 15:48:55.210085632+00:00,2020-11-23 15:49:00.510085632+00:00,False,
2020-11-23 16:29:05.738206464+00:00,2020-11-23 16:29:11.038206464+00:00,False,
2020-11-23 16:37:04.925006080+00:00,2020-11-23 16:37:10.225006080+00:00,False,
2020-11-23 17:50:49.958665728+00:00,2020-11-23 17:50:55.258665728+00:00,True,f
2020-11-23 18:03:10.198920960+00:00,2020-11-23 18:03:15.498920960+00:00,False,
2020-11-23 18:08:35.140412416+00:00,2020-11-23 18:08:40.440412416+00:00,False,
2020-11-23 18:52:30.207905024+00:00,2020-11-23 18:52:35.507905024+00:00,False,
2020-11-23 19:23:19.553327872+00:00,2020-11-23 19:23:24.853327872+00:00,False,
2020-11-23 19:24:25.565649920+00:00,2020-11-23 19:24:30.865649920+00:00,False,
2020-11-23 19:29:14.529618944+00:00,2020-11-23 19:29:19.829618944+00:00,False,
2020-11-23 19:56:08.241913600+00:00,2020-11-23 19:56:13.541913600+00:00,False,
2020-11-23 20:26:29.680693248+00:00,2020-11-23 20:26:34.980693248+00:00,False,
2020-11-23 20:30:42.864433408+00:00,2020-11-23 20:30:48.164433408+00:00,False,
2020-11-23 20:45:53.717723648+00:00,2020-11-23 20:45:59.017723648+00:00,False,
2020-11-23 21:03:31.493795072+00:00,2020-11-23 21:03:36.793795072+00:00,False,
2020-11-23 21:06:11.076447744+00:00,2020-11-23 21:06:16.376447744+00:00,True,s
2020-11-23 21:42:10.843087616+00:00,2020-11-23 21:42:16.143087616+00:00,False,
2020-11-23 21:42:40.847045888+00:00,2020-11-23 21:42:46.147045888+00:00,False,
2020-11-23 21:42:55.529845760+00:00,2020-11-23 21:43:00.829845760+00:00,True,f
2020-11-23 21:43:10.853331968+00:00,2020-11-23 21:43:16.153331968+00:00,False,
2020-11-23 21:44:40.814446336+00:00,2020-11-23 21:44:46.114446336+00:00,False,
2020-11-23 21:44:50.811894016+00:00,2020-11-23 21:44:56.111894016+00:00,False,
2020-11-23 21:53:23.009220096+00:00,2020-11-23 21:53:28.309220096+00:00,True,f
2020-11-23 22:01:11.913390848+00:00,2020-11-23 22:01:17.213390848+00:00,False,
2020-11-23 22:07:16.846263296+00:00,2020-11-23 22:07:22.146263296+00:00,False,
2020-11-23 22:23:28.390068480+00:00,2020-11-23 22:23:33.690068480+00:00,True,s
2020-11-23 22:33:06.783141632+00:00,2020-11-23 22:33:12.083141632+00:00,False,
2020-11-23 23:05:09.848854016+00:00,2020-11-23 23:05:15.148854016+00:00,True,s
2020-11-23 23:25:14.942515968+00:00,2020-11-23 23:25:20.242515968+00:00,False,
2020-11-23 23:52:02.411047424+00:00,2020-11-23 23:52:07.711047424+00:00,True,s
2020-11-24 00:04:57.911438080+00:00,2020-11-24 00:05:03.211438080+00:00,False,
2020-11-24 00:11:42.990388736+00:00,2020-11-24 00:11:48.290388736+00:00,True,f
2020-11-24 00:16:48.001701888+00:00,2020-11-24 00:16:53.301701888+00:00,False,
2020-11-24 00:18:48.491482880+00:00,2020-11-24 00:18:53.791482880+00:00,False,
2020-11-24 00:35:02.874899200+00:00,2020-11-24 00:35:08.174899200+00:00,False,
2020-11-24 00:39:50.528761088+00:00,2020-11-24 00:39:55.828761088+00:00,True,f
2020-11-24 02:15:07.441720320+00:00,2020-11-24 02:15:12.741720320+00:00,False,
2020-11-24 02:31:26.313894144+00:00,2020-11-24 02:31:31.613894144+00:00,True,s
2020-11-24 02:46:38.712367360+00:00,2020-11-24 02:46:44.012367360+00:00,False,
2020-11-24 02:55:37.290721792+00:00,2020-11-24 02:55:42.590721792+00:00,False,
2020-11-24 03:04:51.202545920+00:00,2020-11-24 03:04:56.502545920+00:00,False,
2020-11-24 03:16:16.079522560+00:00,2020-11-24 03:16:21.379522560+00:00,True,s
2020-11-24 03:19:58.045028864+00:00,2020-11-24 03:20:03.345028864+00:00,True,f
2020-11-24 03:24:02.988295424+00:00,2020-11-24 03:24:08.288295424+00:00,False,
2020-11-24 03:34:51.810284544+00:00,2020-11-24 03:34:57.110284544+00:00,False,
2020-11-24 04:07:30.545826048+00:00,2020-11-24 04:07:35.845826048+00:00,True,s
2020-11-24 04:13:02.966193920+00:00,2020-11-24 04:13:08.266193920+00:00,False,
2020-11-24 04:20:01.518607104+00:00,2020-11-24 04:20:06.818607104+00:00,False,
2020-11-24 04:46:47.859363584+00:00,2020-11-24 04:46:53.159363584+00:00,False,
2020-11-24 05:00:52.728870912+00:00,2020-11-24 05:00:58.028870912+00:00,False,
2020-11-24 05:26:50.761860352+00:00,2020-11-24 05:26:56.061860352+00:00,False,
2020-11-24 05:33:56.818764032+00:00,2020-11-24 05:34:02.118764032+00:00,True,f
2020-11-24 05:35:23.890664192+00:00,2020-11-24 05:35:29.190664192+00:00,False,
2020-11-24 06:04:10.766987520+00:00,2020-11-24 06:04:16.066987520+00:00,False,
2020-11-24 06:27:14.829955584+00:00,2020-11-24 06:27:20.129955584+00:00,True,f
2020-11-24 06:28:51.242113792+00:00,2020-11-24 06:28:56.542113792+00:00,True,s
2020-11-24 06:33:09.762071808+00:00,2020-11-24 06:33:15.062071808+00:00,True,f
2020-11-24 06:33:34.756816640+00:00,2020-11-24 06:33:40.056816640+00:00,True,f
2020-11-24 06:34:14.749053440+00:00,2020-11-24 06:34:20.049053440+00:00,True,f
2020-11-24 06:54:09.519501568+00:00,2020-11-24 06:54:14.819501568+00:00,False,
2020-11-24 06:55:19.505363456+00:00,2020-11-24 06:55:24.805363456+00:00,False,
2020-11-24 06:55:44.500822272+00:00,2020-11-24 06:55:49.800822272+00:00,True,f
2020-11-24 06:56:35.081512704+00:00,2020-11-24 06:56:40.381512704+00:00,True,f
2020-11-24 06:57:09.484620800+00:00,2020-11-24 06:57:14.784620800+00:00,False,
2020-11-24 06:57:19.491116544+00:00,2020-11-24 06:57:24.791116544+00:00,True,f
2020-11-24 06:59:29.457205248+00:00,2020-11-24 06:59:34.757205248+00:00,False,
2020-11-24 07:00:19.447310592+00:00,2020-11-24 07:00:24.747310592+00:00,True,f
2020-11-24 07:01:34.971269376+00:00,2020-11-24 07:01:40.271269376+00:00,False,
2020-11-24 07:03:19.413644288+00:00,2020-11-24 07:03:24.713644288+00:00,True,f
2020-11-24 07:04:14.403056128+00:00,2020-11-24 07:04:19.703056128+00:00,False,
2020-11-24 09:15:43.745869824+00:00,2020-11-24 09:15:49.045869824+00:00,False,
2020-11-24 09:19:52.838029056+00:00,2020-11-24 09:19:58.138029056+00:00,True,f
2020-11-24 11:57:01.026927872+00:00,2020-11-24 11:57:06.326927872+00:00,False,
2020-11-24 11:57:21.023951360+00:00,2020-11-24 11:57:26.323951360+00:00,False,
2020-11-24 11:58:21.011961600+00:00,2020-11-24 11:58:26.311961600+00:00,False,
2020-11-24 11:59:40.996556544+00:00,2020-11-24 11:59:46.296556544+00:00,False,
2020-11-24 11:59:50.993829376+00:00,2020-11-24 11:59:56.293829376+00:00,False,
2020-11-24 12:00:00.992256+00:00,2020-11-24 12:00:06.292256+00:00,False,
2020-11-24 12:00:10.990231040+00:00,2020-11-24 12:00:16.290231040+00:00,False,
2020-11-24 12:13:54.497307136+00:00,2020-11-24 12:13:59.797307136+00:00,False,
2020-11-24 12:47:41.116949760+00:00,2020-11-24 12:47:46.416949760+00:00,False,
2020-11-24 12:56:16.120670976+00:00,2020-11-24 12:56:21.420670976+00:00,True,f
2020-11-24 12:57:08.696867840+00:00,2020-11-24 12:57:13.996867840+00:00,True,f
2020-11-24 13:18:09.365811200+00:00,2020-11-24 13:18:14.665811200+00:00,False,
2020-11-24 13:30:51.212701440+00:00,2020-11-24 13:30:56.512701440+00:00,False,
2020-11-24 14:08:30.342203648+00:00,2020-11-24 14:08:35.642203648+00:00,False,
2020-11-24 15:04:49.137751040+00:00,2020-11-24 15:04:54.437751040+00:00,False,
2020-11-24 15:45:23.050223360+00:00,2020-11-24 15:45:28.350223360+00:00,True,s
2020-11-24 15:45:39.579272704+00:00,2020-11-24 15:45:44.879272704+00:00,False,
2020-11-24 15:47:03.032747776+00:00,2020-11-24 15:47:08.332747776+00:00,False,
2020-11-24 16:02:27.859593984+00:00,2020-11-24 16:02:33.159593984+00:00,True,s
2020-11-24 17:04:42.247501056+00:00,2020-11-24 17:04:47.547501056+00:00,False,
2020-11-24 17:51:28.012443392+00:00,2020-11-24 17:51:33.312443392+00:00,True,s
2020-11-24 18:08:12.828013824+00:00,2020-11-24 18:08:18.128013824+00:00,False,
2020-11-24 18:16:42.960033792+00:00,2020-11-24 18:16:48.260033792+00:00,True,s
2020-11-24 18:43:27.449682432+00:00,2020-11-24 18:43:32.749682432+00:00,False,
2020-11-24 18:59:17.533899264+00:00,2020-11-24 18:59:22.833899264+00:00,False,
2020-11-24 19:00:18.580106240+00:00,2020-11-24 19:00:23.880106240+00:00,False,
2020-11-24 19:06:51.086317824+00:00,2020-11-24 19:06:56.386317824+00:00,False,
2020-11-24 19:07:01.085169664+00:00,2020-11-24 19:07:06.385169664+00:00,False,
2020-11-24 19:07:31.078882304+00:00,2020-11-24 19:07:36.378882304+00:00,False,
2020-11-24 19:29:26.060939776+00:00,2020-11-24 19:29:31.360939776+00:00,False,
2020-11-24 19:43:50.552954624+00:00,2020-11-24 19:43:55.852954624+00:00,False,
2020-11-24 20:40:21.119133952+00:00,2020-11-24 20:40:26.419133952+00:00,False,
2020-11-24 20:41:22.494129664+00:00,2020-11-24 20:41:27.794129664+00:00,False,
2020-11-24 20:52:46.928785408+00:00,2020-11-24 20:52:52.228785408+00:00,False,
2020-11-24 21:04:27.760259072+00:00,2020-11-24 21:04:33.060259072+00:00,False,
2020-11-24 21:15:25.759198976+00:00,2020-11-24 21:15:31.059198976+00:00,False,
2020-11-24 21:19:44.713117440+00:00,2020-11-24 21:19:50.013117440+00:00,True,s
2020-11-24 21:29:36.664579584+00:00,2020-11-24 21:29:41.964579584+00:00,True,s
2020-11-24 21:43:44.474472704+00:00,2020-11-24 21:43:49.774472704+00:00,False,
2020-11-24 21:50:30.395036416+00:00,2020-11-24 21:50:35.695036416+00:00,True,s
2020-11-24 21:54:15.874637056+00:00,2020-11-24 21:54:21.174637056+00:00,True,s
2020-11-24 22:26:04.187537152+00:00,2020-11-24 22:26:09.487537152+00:00,True,s
2020-11-24 22:45:23.835955968+00:00,2020-11-24 22:45:29.135955968+00:00,False,
2020-11-24 22:49:58.920366592+00:00,2020-11-24 22:50:04.220366592+00:00,True,s
2020-11-24 22:55:24.699145472+00:00,2020-11-24 22:55:29.999145472+00:00,True,s
2020-11-25 00:30:10.359676672+00:00,2020-11-25 00:30:15.659676672+00:00,False,
2020-11-25 00:47:03.541014016+00:00,2020-11-25 00:47:08.841014016+00:00,True,s
2020-11-25 00:47:15.504501760+00:00,2020-11-25 00:47:20.804501760+00:00,False,
2020-11-25 01:00:44.904739840+00:00,2020-11-25 01:00:50.204739840+00:00,False,
2020-11-25 01:05:14.850744064+00:00,2020-11-25 01:05:20.150744064+00:00,False,
2020-11-25 09:38:21.113411584+00:00,2020-11-25 09:38:26.413411584+00:00,False,
2020-11-25 09:47:40.700638208+00:00,2020-11-25 09:47:46.000638208+00:00,False,
2020-11-25 09:50:17.978948096+00:00,2020-11-25 09:50:23.278948096+00:00,False,
2020-11-25 09:53:10.942245888+00:00,2020-11-25 09:53:16.242245888+00:00,False,
2020-11-25 09:53:50.935081472+00:00,2020-11-25 09:53:56.235081472+00:00,True,s
2020-11-25 10:01:27.359458048+00:00,2020-11-25 10:01:32.659458048+00:00,False,
2020-11-25 10:02:42.346066176+00:00,2020-11-25 10:02:47.646066176+00:00,False,
2020-11-25 10:11:40.739246336+00:00,2020-11-25 10:11:46.039246336+00:00,False,
2020-11-25 10:15:03.368129536+00:00,2020-11-25 10:15:08.668129536+00:00,True,s
2020-11-25 10:17:35.661779968+00:00,2020-11-25 10:17:40.961779968+00:00,True,f
2020-11-25 13:32:20.637386496+00:00,2020-11-25 13:32:25.937386496+00:00,True,f
2020-11-25 13:32:34.518126080+00:00,2020-11-25 13:32:39.818126080+00:00,True,f
2020-11-25 13:33:05.709826560+00:00,2020-11-25 13:33:11.009826560+00:00,True,f
2020-11-25 13:35:20.605172992+00:00,2020-11-25 13:35:25.905172992+00:00,False,
2020-11-25 13:35:48.672280320+00:00,2020-11-25 13:35:53.972280320+00:00,True,s
2020-11-25 13:43:00.522770176+00:00,2020-11-25 13:43:05.822770176+00:00,False,
2020-11-25 13:47:35.520307200+00:00,2020-11-25 13:47:40.820307200+00:00,False,
2020-11-25 13:47:45.374178048+00:00,2020-11-25 13:47:50.674178048+00:00,True,s
2020-11-25 13:48:10.496089344+00:00,2020-11-25 13:48:15.796089344+00:00,False,
2020-11-25 13:56:15.381405184+00:00,2020-11-25 13:56:20.681405184+00:00,True,f
2020-11-25 14:23:09.990754560+00:00,2020-11-25 14:23:15.290754560+00:00,False,
2020-11-25 14:47:29.721840896+00:00,2020-11-25 14:47:35.021840896+00:00,True,s
2020-11-25 14:59:13.131593728+00:00,2020-11-25 14:59:18.431593728+00:00,False,
2020-11-25 15:25:34.775211264+00:00,2020-11-25 15:25:40.075211264+00:00,False,
2020-11-25 15:37:38.120268032+00:00,2020-11-25 15:37:43.420268032+00:00,False,
2020-11-25 15:41:42.476054272+00:00,2020-11-25 15:41:47.776054272+00:00,False,
2020-11-25 15:45:54.636114432+00:00,2020-11-25 15:45:59.936114432+00:00,False,
2020-11-25 15:49:41.845377280+00:00,2020-11-25 15:49:47.145377280+00:00,True,s
2020-11-25 16:09:26.620020224+00:00,2020-11-25 16:09:31.920020224+00:00,True,f
2020-11-25 16:11:18.817807360+00:00,2020-11-25 16:11:24.117807360+00:00,True,s
2020-11-25 17:02:21.013977600+00:00,2020-11-25 17:02:26.313977600+00:00,True,s
2020-11-25 17:02:41.010709248+00:00,2020-11-25 17:02:46.310709248+00:00,False,
2020-11-25 17:03:40.999343872+00:00,2020-11-25 17:03:46.299343872+00:00,False,
2020-11-25 17:05:30.977061888+00:00,2020-11-25 17:05:36.277061888+00:00,False,
2020-11-25 17:05:41.201728768+00:00,2020-11-25 17:05:46.501728768+00:00,False,
2020-11-25 17:06:11.227792640+00:00,2020-11-25 17:06:16.527792640+00:00,True,s
2020-11-25 17:06:19.126639360+00:00,2020-11-25 17:06:24.426639360+00:00,False,
2020-11-25 17:09:38.100175872+00:00,2020-11-25 17:09:43.400175872+00:00,True,f
2020-11-25 17:16:43.474529536+00:00,2020-11-25 17:16:48.774529536+00:00,False,
2020-11-25 17:18:23.955771392+00:00,2020-11-25 17:18:29.255771392+00:00,True,s
2020-11-25 17:19:18.509112064+00:00,2020-11-25 17:19:23.809112064+00:00,True,s
2020-11-25 17:21:28.969958912+00:00,2020-11-25 17:21:34.269958912+00:00,False,
2020-11-25 17:25:23.921393408+00:00,2020-11-25 17:25:29.221393408+00:00,False,
2020-11-25 17:27:53.895995392+00:00,2020-11-25 17:27:59.195995392+00:00,False,
2020-11-25 17:33:12.973028352+00:00,2020-11-25 17:33:18.273028352+00:00,False,
2020-11-25 17:37:38.792391168+00:00,2020-11-25 17:37:44.092391168+00:00,False,
2020-11-25 17:42:53.738012160+00:00,2020-11-25 17:42:59.038012160+00:00,True,s
2020-11-25 17:45:23.711276288+00:00,2020-11-25 17:45:29.011276288+00:00,False,
2020-11-25 17:45:43.705702400+00:00,2020-11-25 17:45:49.005702400+00:00,False,
2020-11-25 17:47:33.639324416+00:00,2020-11-25 17:47:38.939324416+00:00,False,
2020-11-25 17:48:12.790652928+00:00,2020-11-25 17:48:18.090652928+00:00,False,
2020-11-25 17:49:59.265161984+00:00,2020-11-25 17:50:04.565161984+00:00,False,
2020-11-25 17:50:08.208122880+00:00,2020-11-25 17:50:13.508122880+00:00,False,
2020-11-25 17:52:33.634472448+00:00,2020-11-25 17:52:38.934472448+00:00,False,
2020-11-25 17:53:08.627453952+00:00,2020-11-25 17:53:13.927453952+00:00,False,
2020-11-25 17:53:38.621490432+00:00,2020-11-25 17:53:43.921490432+00:00,False,
2020-11-25 17:55:12.711688960+00:00,2020-11-25 17:55:18.011688960+00:00,False,
2020-11-25 18:00:13.547551744+00:00,2020-11-25 18:00:18.847551744+00:00,False,
2020-11-25 18:02:03.530797312+00:00,2020-11-25 18:02:08.830797312+00:00,False,
2020-11-25 18:03:52.614962944+00:00,2020-11-25 18:03:57.914962944+00:00,False,
2020-11-25 18:04:17.608875008+00:00,2020-11-25 18:04:22.908875008+00:00,False,
2020-11-25 18:05:33.492660480+00:00,2020-11-25 18:05:38.792660480+00:00,False,
2020-11-25 18:07:00.328457728+00:00,2020-11-25 18:07:05.628457728+00:00,True,f
2020-11-25 18:11:13.430154240+00:00,2020-11-25 18:11:18.730154240+00:00,False,
2020-11-25 18:12:13.417209600+00:00,2020-11-25 18:12:18.717209600+00:00,False,
2020-11-25 18:21:38.315896320+00:00,2020-11-25 18:21:43.615896320+00:00,False,
2020-11-25 18:24:53.331659008+00:00,2020-11-25 18:24:58.631659008+00:00,False,
2020-11-25 18:26:15.453315584+00:00,2020-11-25 18:26:20.753315584+00:00,False,
2020-11-25 18:31:43.240573696+00:00,2020-11-25 18:31:48.540573696+00:00,False,
2020-11-25 18:33:18.056220160+00:00,2020-11-25 18:33:23.356220160+00:00,False,
2020-11-25 18:41:28.109137408+00:00,2020-11-25 18:41:33.409137408+00:00,False,
2020-11-25 18:46:13.058276608+00:00,2020-11-25 18:46:18.358276608+00:00,False,
2020-11-25 18:47:52.128683264+00:00,2020-11-25 18:47:57.428683264+00:00,True,s
2020-11-25 18:57:14.038320128+00:00,2020-11-25 18:57:19.338320128+00:00,True,s
2020-11-25 18:57:56.944708096+00:00,2020-11-25 18:58:02.244708096+00:00,True,f
2020-11-25 19:00:40.091677440+00:00,2020-11-25 19:00:45.391677440+00:00,True,f
2020-11-25 19:06:15.845915392+00:00,2020-11-25 19:06:21.145915392+00:00,True,f
2020-11-25 19:14:27.758930432+00:00,2020-11-25 19:14:33.058930432+00:00,False,
2020-11-25 19:14:40.321997824+00:00,2020-11-25 19:14:45.621997824+00:00,True,s
2020-11-25 19:22:17.715712+00:00,2020-11-25 19:22:23.015712+00:00,False,
2020-11-25 19:29:02.339499264+00:00,2020-11-25 19:29:07.639499264+00:00,False,
2020-11-25 19:29:26.664601344+00:00,2020-11-25 19:29:31.964601344+00:00,False,
2020-11-25 19:45:53.421966336+00:00,2020-11-25 19:45:58.721966336+00:00,False,
2020-11-25 19:47:02.449846016+00:00,2020-11-25 19:47:07.749846016+00:00,False,
2020-11-25 20:01:32.292662528+00:00,2020-11-25 20:01:37.592662528+00:00,False,
2020-11-25 20:03:46.281191680+00:00,2020-11-25 20:03:51.581191680+00:00,False,
2020-11-25 20:04:51.267357696+00:00,2020-11-25 20:04:56.567357696+00:00,False,
2020-11-25 20:08:38.291160064+00:00,2020-11-25 20:08:43.591160064+00:00,True,s
2020-11-25 20:13:47.161233152+00:00,2020-11-25 20:13:52.461233152+00:00,False,
2020-11-25 20:14:37.153183744+00:00,2020-11-25 20:14:42.453183744+00:00,False,
2020-11-25 20:19:57.096680192+00:00,2020-11-25 20:20:02.396680192+00:00,False,
2020-11-25 20:20:27.091832064+00:00,2020-11-25 20:20:32.391832064+00:00,False,
2020-11-25 20:25:42.047061760+00:00,2020-11-25 20:25:47.347061760+00:00,False,
2020-11-25 20:27:02.023466752+00:00,2020-11-25 20:27:07.323466752+00:00,False,
2020-11-25 20:30:21.986681088+00:00,2020-11-25 20:30:27.286681088+00:00,False,
2020-11-25 20:43:11.858241280+00:00,2020-11-25 20:43:17.158241280+00:00,False,
2020-11-25 20:50:01.782904064+00:00,2020-11-25 20:50:07.082904064+00:00,False,
2020-11-25 20:52:57.107623680+00:00,2020-11-25 20:53:02.407623680+00:00,False,
2020-11-25 20:55:50.698138112+00:00,2020-11-25 20:55:55.998138112+00:00,False,
2020-11-25 20:59:41.678114048+00:00,2020-11-25 20:59:46.978114048+00:00,False,
2020-11-25 21:01:30.710419968+00:00,2020-11-25 21:01:36.010419968+00:00,False,
2020-11-25 21:01:46.782713600+00:00,2020-11-25 21:01:52.082713600+00:00,False,
2020-11-25 21:02:00.702966272+00:00,2020-11-25 21:02:06.002966272+00:00,True,s
2020-11-25 21:07:41.597341952+00:00,2020-11-25 21:07:46.897341952+00:00,False,
2020-11-25 21:14:06.531969024+00:00,2020-11-25 21:14:11.831969024+00:00,False,
2020-11-25 21:17:16.514872320+00:00,2020-11-25 21:17:21.814872320+00:00,False,
2020-11-25 21:18:11.525868032+00:00,2020-11-25 21:18:16.825868032+00:00,False,
2020-11-25 21:19:02.393160192+00:00,2020-11-25 21:19:07.693160192+00:00,False,
2020-11-25 21:19:36.548685824+00:00,2020-11-25 21:19:41.848685824+00:00,False,
2020-11-25 21:21:39.578402048+00:00,2020-11-25 21:21:44.878402048+00:00,False,
2020-11-25 21:22:01.588279296+00:00,2020-11-25 21:22:06.888279296+00:00,False,
2020-11-25 21:22:15.936092928+00:00,2020-11-25 21:22:21.236092928+00:00,False,
2020-11-25 21:31:46.723726848+00:00,2020-11-25 21:31:52.023726848+00:00,False,
2020-11-25 21:32:45.570079744+00:00,2020-11-25 21:32:50.870079744+00:00,False,
2020-11-25 21:40:01.740462336+00:00,2020-11-25 21:40:07.040462336+00:00,False,
2020-11-25 21:40:41.719479296+00:00,2020-11-25 21:40:47.019479296+00:00,False,
2020-11-25 21:41:55.301382144+00:00,2020-11-25 21:42:00.601382144+00:00,True,s
2020-11-25 21:42:11.719149568+00:00,2020-11-25 21:42:17.019149568+00:00,False,
2020-11-25 21:43:51.900060928+00:00,2020-11-25 21:43:57.200060928+00:00,False,
2020-11-25 21:46:11.905529088+00:00,2020-11-25 21:46:17.205529088+00:00,False,
2020-11-25 21:47:44.418763776+00:00,2020-11-25 21:47:49.718763776+00:00,False,
2020-11-25 21:48:14.415962880+00:00,2020-11-25 21:48:19.715962880+00:00,False,
2020-11-25 21:49:24.403054336+00:00,2020-11-25 21:49:29.703054336+00:00,False,
2020-11-25 21:49:34.403918592+00:00,2020-11-25 21:49:39.703918592+00:00,False,
2020-11-25 21:51:15.734913280+00:00,2020-11-25 21:51:21.034913280+00:00,True,s
2020-11-25 21:56:41.687040+00:00,2020-11-25 21:56:46.987040+00:00,False,
2020-11-25 21:58:00.136733440+00:00,2020-11-25 21:58:05.436733440+00:00,False,
2020-11-25 22:01:05.254519040+00:00,2020-11-25 22:01:10.554519040+00:00,False,
2020-11-25 22:02:19.649463808+00:00,2020-11-25 22:02:24.949463808+00:00,False,
2020-11-25 22:03:26.641173504+00:00,2020-11-25 22:03:31.941173504+00:00,True,s
2020-11-25 22:03:51.631814656+00:00,2020-11-25 22:03:56.931814656+00:00,False,
2020-11-25 22:06:21.611451648+00:00,2020-11-25 22:06:26.911451648+00:00,False,
2020-11-25 22:14:41.603376128+00:00,2020-11-25 22:14:46.903376128+00:00,False,
2020-11-25 22:20:21.859413504+00:00,2020-11-25 22:20:27.159413504+00:00,False,
2020-11-25 22:25:29.037921024+00:00,2020-11-25 22:25:34.337921024+00:00,False,
2020-11-25 22:29:06.439399168+00:00,2020-11-25 22:29:11.739399168+00:00,False,
2020-11-25 22:36:04.866915584+00:00,2020-11-25 22:36:10.166915584+00:00,False,
2020-11-25 22:37:51.538431232+00:00,2020-11-25 22:37:56.838431232+00:00,False,
2020-11-25 22:40:26.497282048+00:00,2020-11-25 22:40:31.797282048+00:00,False,
2020-11-25 22:47:36.586605568+00:00,2020-11-25 22:47:41.886605568+00:00,False,
2020-11-25 22:54:26.719782400+00:00,2020-11-25 22:54:32.019782400+00:00,False,
2020-11-25 22:55:56.746380288+00:00,2020-11-25 22:56:02.046380288+00:00,False,
2020-11-25 23:01:18.834424576+00:00,2020-11-25 23:01:24.134424576+00:00,False,
2020-11-25 23:02:31.862570496+00:00,2020-11-25 23:02:37.162570496+00:00,False,
2020-11-25 23:04:31.988479744+00:00,2020-11-25 23:04:37.288479744+00:00,False,
2020-11-25 23:07:57.381913600+00:00,2020-11-25 23:08:02.681913600+00:00,False,
2020-11-25 23:13:52.195112448+00:00,2020-11-25 23:13:57.495112448+00:00,False,
2020-11-25 23:17:22.627019264+00:00,2020-11-25 23:17:27.927019264+00:00,False,
2020-11-25 23:19:24.057175808+00:00,2020-11-25 23:19:29.357175808+00:00,False,
2020-11-25 23:20:42.462857216+00:00,2020-11-25 23:20:47.762857216+00:00,False,
2020-11-25 23:21:43.703973632+00:00,2020-11-25 23:21:49.003973632+00:00,False,
2020-11-25 23:38:41.482629632+00:00,2020-11-25 23:38:46.782629632+00:00,False,
2020-11-25 23:39:01.478887424+00:00,2020-11-25 23:39:06.778887424+00:00,False,
2020-11-25 23:43:28.231491840+00:00,2020-11-25 23:43:33.531491840+00:00,False,
2020-11-25 23:44:18.454115584+00:00,2020-11-25 23:44:23.754115584+00:00,False,
2020-11-25 23:52:43.541857024+00:00,2020-11-25 23:52:48.841857024+00:00,False,
2020-11-25 23:54:18.548389376+00:00,2020-11-25 23:54:23.848389376+00:00,False,
2020-11-25 23:54:38.553780224+00:00,2020-11-25 23:54:43.853780224+00:00,False,
2020-11-25 23:56:23.579982592+00:00,2020-11-25 23:56:28.879982592+00:00,False,
2020-11-25 23:57:13.584714240+00:00,2020-11-25 23:57:18.884714240+00:00,False,
2020-11-26 00:00:19.521811968+00:00,2020-11-26 00:00:24.821811968+00:00,True,s
2020-11-26 00:03:08.570046976+00:00,2020-11-26 00:03:13.870046976+00:00,False,
2020-11-26 00:05:33.629228544+00:00,2020-11-26 00:05:38.929228544+00:00,False,
2020-11-26 00:09:31.198907904+00:00,2020-11-26 00:09:36.498907904+00:00,False,
2020-11-26 00:13:04.625401088+00:00,2020-11-26 00:13:09.925401088+00:00,False,
2020-11-26 00:19:14.469659392+00:00,2020-11-26 00:19:19.769659392+00:00,False,
2020-11-26 00:20:13.803570688+00:00,2020-11-26 00:20:19.103570688+00:00,False,
2020-11-26 00:31:13.915502592+00:00,2020-11-26 00:31:19.215502592+00:00,False,
2020-11-26 00:39:18.570905600+00:00,2020-11-26 00:39:23.870905600+00:00,False,
2020-11-26 00:51:34.081189120+00:00,2020-11-26 00:51:39.381189120+00:00,False,
2020-11-26 01:00:54.066860288+00:00,2020-11-26 01:00:59.366860288+00:00,False,
2020-11-26 01:02:14.052081664+00:00,2020-11-26 01:02:19.352081664+00:00,False,
2020-11-26 01:04:09.038632960+00:00,2020-11-26 01:04:14.338632960+00:00,False,
2020-11-26 01:05:53.144299264+00:00,2020-11-26 01:05:58.444299264+00:00,True,s
2020-11-26 01:18:54.019203840+00:00,2020-11-26 01:18:59.319203840+00:00,False,
2020-11-26 01:29:43.093604864+00:00,2020-11-26 01:29:48.393604864+00:00,False,
2020-11-26 01:32:48.924168192+00:00,2020-11-26 01:32:54.224168192+00:00,True,f
2020-11-26 01:37:12.927940608+00:00,2020-11-26 01:37:18.227940608+00:00,False,
2020-11-26 01:38:37.857161984+00:00,2020-11-26 01:38:43.157161984+00:00,True,s
2020-11-26 01:42:48.823262464+00:00,2020-11-26 01:42:54.123262464+00:00,False,
2020-11-26 01:49:38.762317312+00:00,2020-11-26 01:49:44.062317312+00:00,True,s
2020-11-26 01:54:43.697484288+00:00,2020-11-26 01:54:48.997484288+00:00,False,
2020-11-26 02:02:17.646931968+00:00,2020-11-26 02:02:22.946931968+00:00,False,
2020-11-26 02:02:27.645018880+00:00,2020-11-26 02:02:32.945018880+00:00,False,
2020-11-26 02:10:42.556434176+00:00,2020-11-26 02:10:47.856434176+00:00,False,
2020-11-26 02:10:57.513310208+00:00,2020-11-26 02:11:02.813310208+00:00,True,s
2020-11-26 02:15:38.469383168+00:00,2020-11-26 02:15:43.769383168+00:00,False,
2020-11-26 02:16:42.418000640+00:00,2020-11-26 02:16:47.718000640+00:00,True,s
2020-11-26 02:17:07.483838464+00:00,2020-11-26 02:17:12.783838464+00:00,False,
2020-11-26 02:18:23.446608640+00:00,2020-11-26 02:18:28.746608640+00:00,False,
2020-11-26 02:18:58.434679040+00:00,2020-11-26 02:19:03.734679040+00:00,False,
2020-11-26 02:29:08.226639616+00:00,2020-11-26 02:29:13.526639616+00:00,False,
2020-11-26 02:30:32.829483264+00:00,2020-11-26 02:30:38.129483264+00:00,False,
2020-11-26 02:32:42.426804224+00:00,2020-11-26 02:32:47.726804224+00:00,False,
2020-11-26 02:33:58.945390080+00:00,2020-11-26 02:34:04.245390080+00:00,False,
2020-11-26 02:55:57.327945472+00:00,2020-11-26 02:56:02.627945472+00:00,False,
2020-11-26 02:57:48.322099968+00:00,2020-11-26 02:57:53.622099968+00:00,False,
2020-11-26 02:58:43.329856256+00:00,2020-11-26 02:58:48.629856256+00:00,False,
2020-11-26 03:02:32.706661888+00:00,2020-11-26 03:02:38.006661888+00:00,False,
2020-11-26 03:03:57.306426368+00:00,2020-11-26 03:04:02.606426368+00:00,True,s
2020-11-26 03:05:22.348837888+00:00,2020-11-26 03:05:27.648837888+00:00,True,s
2020-11-26 03:06:35.021530112+00:00,2020-11-26 03:06:40.321530112+00:00,True,s
2020-11-26 03:07:47.997296640+00:00,2020-11-26 03:07:53.297296640+00:00,True,s
2020-11-26 03:12:58.280819968+00:00,2020-11-26 03:13:03.580819968+00:00,False,
2020-11-26 03:15:32.914301952+00:00,2020-11-26 03:15:38.214301952+00:00,True,s
2020-11-26 03:16:55.263624192+00:00,2020-11-26 03:17:00.563624192+00:00,False,
2020-11-26 03:19:43.802246144+00:00,2020-11-26 03:19:49.102246144+00:00,False,
2020-11-26 03:23:57.186031360+00:00,2020-11-26 03:24:02.486031360+00:00,False,
2020-11-26 03:28:55.176198144+00:00,2020-11-26 03:29:00.476198144+00:00,False,
2020-11-26 03:32:52.732818688+00:00,2020-11-26 03:32:58.032818688+00:00,True,s
2020-11-26 03:33:37.703182848+00:00,2020-11-26 03:33:43.003182848+00:00,True,s
2020-11-26 03:33:53.131216128+00:00,2020-11-26 03:33:58.431216128+00:00,False,
2020-11-26 03:34:32.123451648+00:00,2020-11-26 03:34:37.423451648+00:00,True,s
2020-11-26 03:35:38.614486528+00:00,2020-11-26 03:35:43.914486528+00:00,False,
2020-11-26 03:36:36.730896640+00:00,2020-11-26 03:36:42.030896640+00:00,True,s
2020-11-26 03:50:02.015816704+00:00,2020-11-26 03:50:07.315816704+00:00,False,
2020-11-26 03:50:32.012604928+00:00,2020-11-26 03:50:37.312604928+00:00,False,
2020-11-26 03:50:38.016337920+00:00,2020-11-26 03:50:43.316337920+00:00,False,
2020-11-26 04:00:07.077738240+00:00,2020-11-26 04:00:12.377738240+00:00,False,
2020-11-26 04:01:33.100281600+00:00,2020-11-26 04:01:38.400281600+00:00,False,
2020-11-26 04:12:22.242727168+00:00,2020-11-26 04:12:27.542727168+00:00,False,
2020-11-26 04:15:07.292318464+00:00,2020-11-26 04:15:12.592318464+00:00,True,s
2020-11-26 04:28:53.749136640+00:00,2020-11-26 04:28:59.049136640+00:00,False,
2020-11-26 04:40:48.265658624+00:00,2020-11-26 04:40:53.565658624+00:00,False,
2020-11-26 04:45:16.791657984+00:00,2020-11-26 04:45:22.091657984+00:00,False,
2020-11-26 04:46:03.336861440+00:00,2020-11-26 04:46:08.636861440+00:00,False,
2020-11-26 04:47:26.607343104+00:00,2020-11-26 04:47:31.907343104+00:00,False,
2020-11-26 04:50:21.570543104+00:00,2020-11-26 04:50:26.870543104+00:00,True,s
2020-11-26 04:50:41.567956992+00:00,2020-11-26 04:50:46.867956992+00:00,False,
2020-11-26 04:58:31.480239616+00:00,2020-11-26 04:58:36.780239616+00:00,False,
2020-11-26 04:58:56.485881344+00:00,2020-11-26 04:59:01.785881344+00:00,False,
2020-11-26 05:01:11.449510400+00:00,2020-11-26 05:01:16.749510400+00:00,False,
2020-11-26 05:02:47.311506432+00:00,2020-11-26 05:02:52.611506432+00:00,False,
2020-11-26 05:06:22.330537216+00:00,2020-11-26 05:06:27.630537216+00:00,False,
2020-11-26 05:10:23.321972992+00:00,2020-11-26 05:10:28.621972992+00:00,False,
2020-11-26 05:11:46.457325056+00:00,2020-11-26 05:11:51.757325056+00:00,False,
2020-11-26 05:14:49.170711296+00:00,2020-11-26 05:14:54.470711296+00:00,False,
2020-11-26 05:24:42.894054144+00:00,2020-11-26 05:24:48.194054144+00:00,True,s
2020-11-26 05:32:53.105861888+00:00,2020-11-26 05:32:58.405861888+00:00,False,
2020-11-26 05:34:38.088204032+00:00,2020-11-26 05:34:43.388204032+00:00,False,
2020-11-26 05:37:23.058283520+00:00,2020-11-26 05:37:28.358283520+00:00,False,
2020-11-26 05:41:48.010271488+00:00,2020-11-26 05:41:53.310271488+00:00,False,
2020-11-26 05:42:08.006934016+00:00,2020-11-26 05:42:13.306934016+00:00,False,
2020-11-26 06:07:48.015674368+00:00,2020-11-26 06:07:53.315674368+00:00,False,
2020-11-26 06:21:17.920321536+00:00,2020-11-26 06:21:23.220321536+00:00,False,
2020-11-27 01:24:20.179810304+00:00,2020-11-27 01:24:25.479810304+00:00,False,
2020-11-27 01:24:30.082529536+00:00,2020-11-27 01:24:35.382529536+00:00,False,
2020-11-27 01:25:35.077467904+00:00,2020-11-27 01:25:40.377467904+00:00,False,
2020-11-27 01:25:50.065761280+00:00,2020-11-27 01:25:55.365761280+00:00,False,
2020-11-27 01:26:07.677626112+00:00,2020-11-27 01:26:12.977626112+00:00,True,s
2020-11-27 01:27:00.159595008+00:00,2020-11-27 01:27:05.459595008+00:00,False,
2020-11-27 01:27:15.146750720+00:00,2020-11-27 01:27:20.446750720+00:00,False,
2020-11-27 01:28:00.138246656+00:00,2020-11-27 01:28:05.438246656+00:00,False,
2020-11-27 01:32:15.092278016+00:00,2020-11-27 01:32:20.392278016+00:00,False,
2020-11-27 02:54:21.791470592+00:00,2020-11-27 02:54:27.091470592+00:00,True,s
2020-11-27 02:55:47.157482240+00:00,2020-11-27 02:55:52.457482240+00:00,True,s
2020-11-27 02:59:54.172310016+00:00,2020-11-27 02:59:59.472310016+00:00,False,
2020-11-27 03:03:32.205861888+00:00,2020-11-27 03:03:37.505861888+00:00,True,s
2020-11-27 03:10:07.974219264+00:00,2020-11-27 03:10:13.274219264+00:00,False,
2020-11-27 03:10:44.069582848+00:00,2020-11-27 03:10:49.369582848+00:00,False,
2020-11-27 03:14:24.448196608+00:00,2020-11-27 03:14:29.748196608+00:00,False,
2020-11-27 03:22:16.890054400+00:00,2020-11-27 03:22:22.190054400+00:00,True,s
2020-11-27 03:28:43.710265344+00:00,2020-11-27 03:28:49.010265344+00:00,False,
2020-11-27 03:28:56.817634560+00:00,2020-11-27 03:29:02.117634560+00:00,True,s
2020-11-27 03:29:03.832148224+00:00,2020-11-27 03:29:09.132148224+00:00,False,
2020-11-27 03:33:53.837865472+00:00,2020-11-27 03:33:59.137865472+00:00,False,
2020-11-27 03:34:53.640466944+00:00,2020-11-27 03:34:58.940466944+00:00,False,
2020-11-27 03:35:47.369372416+00:00,2020-11-27 03:35:52.669372416+00:00,True,s
2020-11-27 03:36:02.586028288+00:00,2020-11-27 03:36:07.886028288+00:00,True,s
2020-11-27 03:37:11.733387008+00:00,2020-11-27 03:37:17.033387008+00:00,True,s
2020-11-27 03:39:41.291335936+00:00,2020-11-27 03:39:46.591335936+00:00,True,s
2020-11-27 03:40:06.287260160+00:00,2020-11-27 03:40:11.587260160+00:00,False,
2020-11-27 03:42:13.753293824+00:00,2020-11-27 03:42:19.053293824+00:00,False,
2020-11-27 03:47:21.209529344+00:00,2020-11-27 03:47:26.509529344+00:00,True,s
2020-11-27 03:53:43.628153856+00:00,2020-11-27 03:53:48.928153856+00:00,False,
2020-11-27 03:53:51.137384704+00:00,2020-11-27 03:53:56.437384704+00:00,True,s
2020-11-27 03:59:13.374298624+00:00,2020-11-27 03:59:18.674298624+00:00,False,
2020-11-27 03:59:46.513781760+00:00,2020-11-27 03:59:51.813781760+00:00,False,
2020-11-27 04:04:48.813778944+00:00,2020-11-27 04:04:54.113778944+00:00,False,
2020-11-27 04:13:33.209402880+00:00,2020-11-27 04:13:38.509402880+00:00,True,s
2020-11-27 04:30:27.553685504+00:00,2020-11-27 04:30:32.853685504+00:00,False,
2020-11-27 04:32:38.001127680+00:00,2020-11-27 04:32:43.301127680+00:00,False,
2020-11-27 04:34:08.522457088+00:00,2020-11-27 04:34:13.822457088+00:00,False,
2020-11-27 04:40:42.065876480+00:00,2020-11-27 04:40:47.365876480+00:00,True,s
2020-11-27 04:42:07.463980032+00:00,2020-11-27 04:42:12.763980032+00:00,False,
2020-11-27 05:03:31.486774784+00:00,2020-11-27 05:03:36.786774784+00:00,False,
2020-11-27 05:08:23.280597504+00:00,2020-11-27 05:08:28.580597504+00:00,False,
2020-11-27 05:08:53.241634560+00:00,2020-11-27 05:08:58.541634560+00:00,False,
2020-11-27 05:10:31.240708096+00:00,2020-11-27 05:10:36.540708096+00:00,True,s
2020-11-27 05:13:46.248226048+00:00,2020-11-27 05:13:51.548226048+00:00,True,s
2020-11-27 05:16:51.359165184+00:00,2020-11-27 05:16:56.659165184+00:00,True,s
2020-11-27 05:19:06.285430272+00:00,2020-11-27 05:19:11.585430272+00:00,True,s
2020-11-27 05:19:43.318847488+00:00,2020-11-27 05:19:48.618847488+00:00,False,
2020-11-27 08:53:12.407410432+00:00,2020-11-27 08:53:17.707410432+00:00,False,
2020-11-27 08:54:00.441521152+00:00,2020-11-27 08:54:05.741521152+00:00,False,
2020-11-27 08:59:46.282321408+00:00,2020-11-27 08:59:51.582321408+00:00,True,f
2020-11-27 09:04:37.325669632+00:00,2020-11-27 09:04:42.625669632+00:00,False,
2020-11-27 09:06:55.159761152+00:00,2020-11-27 09:07:00.459761152+00:00,False,
2020-11-27 09:16:38.129021952+00:00,2020-11-27 09:16:43.429021952+00:00,False,
2020-11-27 09:36:31.995010048+00:00,2020-11-27 09:36:37.295010048+00:00,False,
2020-11-27 09:43:05.835389440+00:00,2020-11-27 09:43:11.135389440+00:00,False,
2020-11-27 09:44:51.909918464+00:00,2020-11-27 09:44:57.209918464+00:00,False,
2020-11-27 10:13:34.425834240+00:00,2020-11-27 10:13:39.725834240+00:00,False,
2020-11-27 10:18:16.907210752+00:00,2020-11-27 10:18:22.207210752+00:00,False,
2020-11-27 10:27:51.648350208+00:00,2020-11-27 10:27:56.948350208+00:00,False,
2020-11-27 10:31:23.715426048+00:00,2020-11-27 10:31:29.015426048+00:00,True,s
2020-11-27 10:50:26.845797888+00:00,2020-11-27 10:50:32.145797888+00:00,True,f
2020-11-27 10:59:43.902877440+00:00,2020-11-27 10:59:49.202877440+00:00,False,
2020-11-27 11:18:22.294426368+00:00,2020-11-27 11:18:27.594426368+00:00,False,
2020-11-27 11:19:56.463889152+00:00,2020-11-27 11:20:01.763889152+00:00,False,
2020-11-27 11:24:09.553527296+00:00,2020-11-27 11:24:14.853527296+00:00,False,
2020-11-27 11:24:39.547696896+00:00,2020-11-27 11:24:44.847696896+00:00,False,
2020-11-27 11:56:13.884560896+00:00,2020-11-27 11:56:19.184560896+00:00,False,
2020-11-27 12:14:28.157794816+00:00,2020-11-27 12:14:33.457794816+00:00,False,
2020-11-27 12:18:36.207738112+00:00,2020-11-27 12:18:41.507738112+00:00,False,
2020-11-27 12:40:08.698547200+00:00,2020-11-27 12:40:13.998547200+00:00,False,
2020-11-27 12:43:48.800480512+00:00,2020-11-27 12:43:54.100480512+00:00,False,
2020-11-27 12:57:54.428134144+00:00,2020-11-27 12:57:59.728134144+00:00,False,
2020-11-27 13:04:30.346901760+00:00,2020-11-27 13:04:35.646901760+00:00,False,
2020-11-27 13:17:30.523906560+00:00,2020-11-27 13:17:35.823906560+00:00,False,
2020-11-27 13:18:24.394675456+00:00,2020-11-27 13:18:29.694675456+00:00,False,
2020-11-27 13:32:24.778752+00:00,2020-11-27 13:32:30.078752+00:00,False,
2020-11-27 13:35:20.248843008+00:00,2020-11-27 13:35:25.548843008+00:00,False,
2020-11-27 13:41:40.240979968+00:00,2020-11-27 13:41:45.540979968+00:00,False,
2020-11-27 13:42:50.227432192+00:00,2020-11-27 13:42:55.527432192+00:00,False,
2020-11-27 13:43:10.223065600+00:00,2020-11-27 13:43:15.523065600+00:00,False,
2020-11-27 14:01:55.235579904+00:00,2020-11-27 14:02:00.535579904+00:00,False,
2020-11-27 14:41:41.930314752+00:00,2020-11-27 14:41:47.230314752+00:00,False,
2020-11-27 14:42:09.928579584+00:00,2020-11-27 14:42:15.228579584+00:00,False,
2020-11-27 14:53:26.794200320+00:00,2020-11-27 14:53:32.094200320+00:00,True,f
2020-11-27 14:55:26.772209920+00:00,2020-11-27 14:55:32.072209920+00:00,False,
2020-11-27 14:56:06.764088064+00:00,2020-11-27 14:56:12.064088064+00:00,False,
2020-11-27 14:56:20.370275072+00:00,2020-11-27 14:56:25.670275072+00:00,False,
2020-11-27 14:58:49.756674304+00:00,2020-11-27 14:58:55.056674304+00:00,False,
2020-11-27 15:00:21.717509120+00:00,2020-11-27 15:00:27.017509120+00:00,False,
2020-11-27 15:04:45.722320384+00:00,2020-11-27 15:04:51.022320384+00:00,True,s
2020-11-27 15:29:35.009046528+00:00,2020-11-27 15:29:40.309046528+00:00,True,s
2020-11-27 15:45:16.210360064+00:00,2020-11-27 15:45:21.510360064+00:00,False,
2020-11-27 16:08:42.985871616+00:00,2020-11-27 16:08:48.285871616+00:00,False,
2020-11-27 16:13:49.119258880+00:00,2020-11-27 16:13:54.419258880+00:00,False,
2020-11-27 16:13:58.480772352+00:00,2020-11-27 16:14:03.780772352+00:00,False,
2020-11-27 16:14:38.472155648+00:00,2020-11-27 16:14:43.772155648+00:00,False,
2020-11-27 16:20:40.458512640+00:00,2020-11-27 16:20:45.758512640+00:00,True,f
2020-11-27 16:37:23.686804480+00:00,2020-11-27 16:37:28.986804480+00:00,False,
2020-11-27 16:37:43.684455168+00:00,2020-11-27 16:37:48.984455168+00:00,False,
2020-11-27 17:36:38.050778624+00:00,2020-11-27 17:36:43.350778624+00:00,False,
2020-11-27 17:40:28.010588416+00:00,2020-11-27 17:40:33.310588416+00:00,False,
2020-11-27 17:49:12.925151232+00:00,2020-11-27 17:49:18.225151232+00:00,False,
2020-11-27 17:55:27.858556672+00:00,2020-11-27 17:55:33.158556672+00:00,False,
2020-11-27 17:59:44.864604672+00:00,2020-11-27 17:59:50.164604672+00:00,True,s
2020-11-27 18:14:58.139314432+00:00,2020-11-27 18:15:03.439314432+00:00,False,
2020-11-27 18:15:19.525440+00:00,2020-11-27 18:15:24.825440+00:00,False,
2020-11-27 18:18:04.495078912+00:00,2020-11-27 18:18:09.795078912+00:00,False,
2020-11-27 18:19:36.523811840+00:00,2020-11-27 18:19:41.823811840+00:00,True,s
2020-11-27 18:25:39.599548416+00:00,2020-11-27 18:25:44.899548416+00:00,True,s
2020-11-27 18:29:32.496446208+00:00,2020-11-27 18:29:37.796446208+00:00,False,
2020-11-27 18:39:08.488498432+00:00,2020-11-27 18:39:13.788498432+00:00,True,s
2020-11-27 18:50:19.134487040+00:00,2020-11-27 18:50:24.434487040+00:00,False,
2020-11-27 18:51:48.364266496+00:00,2020-11-27 18:51:53.664266496+00:00,True,s
2020-11-27 18:52:26.166967552+00:00,2020-11-27 18:52:31.466967552+00:00,True,s
2020-11-27 18:57:22.204696832+00:00,2020-11-27 18:57:27.504696832+00:00,False,
2020-11-27 19:01:07.163275776+00:00,2020-11-27 19:01:12.463275776+00:00,False,
2020-11-27 19:04:38.975729408+00:00,2020-11-27 19:04:44.275729408+00:00,False,
2020-11-27 19:08:56.432318208+00:00,2020-11-27 19:09:01.732318208+00:00,False,
2020-11-27 19:11:07.081682176+00:00,2020-11-27 19:11:12.381682176+00:00,False,
2020-11-27 19:12:52.063613696+00:00,2020-11-27 19:12:57.363613696+00:00,False,
2020-11-27 19:19:11.322306304+00:00,2020-11-27 19:19:16.622306304+00:00,False,
2020-11-27 19:19:56.988103936+00:00,2020-11-27 19:20:02.288103936+00:00,False,
2020-11-27 19:26:03.847383296+00:00,2020-11-27 19:26:09.147383296+00:00,False,
2020-11-27 19:27:28.721071104+00:00,2020-11-27 19:27:34.021071104+00:00,False,
2020-11-27 19:31:47.498844160+00:00,2020-11-27 19:31:52.798844160+00:00,False,
2020-11-27 19:33:31.848706816+00:00,2020-11-27 19:33:37.148706816+00:00,False,
2020-11-27 19:41:16.779552512+00:00,2020-11-27 19:41:22.079552512+00:00,False,
2020-11-27 19:43:11.755083008+00:00,2020-11-27 19:43:17.055083008+00:00,False,
2020-11-27 19:45:46.714801152+00:00,2020-11-27 19:45:52.014801152+00:00,False,
2020-11-27 19:46:31.706324480+00:00,2020-11-27 19:46:37.006324480+00:00,False,
2020-11-27 19:47:26.697749760+00:00,2020-11-27 19:47:31.997749760+00:00,False,
2020-11-27 19:47:36.695149056+00:00,2020-11-27 19:47:41.995149056+00:00,False,
2020-11-27 19:51:06.656905728+00:00,2020-11-27 19:51:11.956905728+00:00,False,
2020-11-27 19:51:41.652060672+00:00,2020-11-27 19:51:46.952060672+00:00,False,
2020-11-27 19:56:31.598344448+00:00,2020-11-27 19:56:36.898344448+00:00,False,
2020-11-27 19:57:31.586897920+00:00,2020-11-27 19:57:36.886897920+00:00,True,s
2020-11-27 19:57:42.229423360+00:00,2020-11-27 19:57:47.529423360+00:00,False,
2020-11-27 19:59:28.369455104+00:00,2020-11-27 19:59:33.669455104+00:00,False,
2020-11-27 20:00:48.634859008+00:00,2020-11-27 20:00:53.934859008+00:00,True,s
2020-11-27 20:01:09.132029696+00:00,2020-11-27 20:01:14.432029696+00:00,False,
2020-11-27 20:04:56.508695552+00:00,2020-11-27 20:05:01.808695552+00:00,False,
2020-11-27 20:13:33.212816384+00:00,2020-11-27 20:13:38.512816384+00:00,False,
2020-11-27 20:22:27.339772160+00:00,2020-11-27 20:22:32.639772160+00:00,False,
2020-11-27 20:26:31.281120512+00:00,2020-11-27 20:26:36.581120512+00:00,False,
2020-11-27 20:33:26.206643200+00:00,2020-11-27 20:33:31.506643200+00:00,False,
2020-11-27 20:35:20.061982208+00:00,2020-11-27 20:35:25.361982208+00:00,False,
2020-11-27 20:38:51.158661120+00:00,2020-11-27 20:38:56.458661120+00:00,False,
2020-11-27 20:40:41.138660608+00:00,2020-11-27 20:40:46.438660608+00:00,False,
2020-11-27 20:43:20.404552960+00:00,2020-11-27 20:43:25.704552960+00:00,False,
2020-11-27 20:43:26.107143680+00:00,2020-11-27 20:43:31.407143680+00:00,False,
2020-11-27 20:44:10.394453760+00:00,2020-11-27 20:44:15.694453760+00:00,False,
2020-11-27 20:44:30.390479616+00:00,2020-11-27 20:44:35.690479616+00:00,False,
2020-11-27 20:44:40.388864768+00:00,2020-11-27 20:44:45.688864768+00:00,False,
2020-11-27 20:45:00.384856064+00:00,2020-11-27 20:45:05.684856064+00:00,False,
2020-11-27 20:45:10.383698432+00:00,2020-11-27 20:45:15.683698432+00:00,False,
2020-11-27 20:46:50.364260096+00:00,2020-11-27 20:46:55.664260096+00:00,False,
2020-11-27 20:50:51.027296+00:00,2020-11-27 20:50:56.327296+00:00,False,
2020-11-27 20:57:50.946632448+00:00,2020-11-27 20:57:56.246632448+00:00,False,
2020-11-27 21:03:15.892654080+00:00,2020-11-27 21:03:21.192654080+00:00,False,
2020-11-27 21:08:06.502708480+00:00,2020-11-27 21:08:11.802708480+00:00,False,
2020-11-27 21:08:50.963071488+00:00,2020-11-27 21:08:56.263071488+00:00,False,
2020-11-27 21:13:41.595099392+00:00,2020-11-27 21:13:46.895099392+00:00,False,
2020-11-27 21:14:00.777390080+00:00,2020-11-27 21:14:06.077390080+00:00,False,
2020-11-27 21:15:45.770993664+00:00,2020-11-27 21:15:51.070993664+00:00,True,s
2020-11-27 21:18:35.741143808+00:00,2020-11-27 21:18:41.041143808+00:00,True,f
2020-11-27 21:24:52.418086400+00:00,2020-11-27 21:24:57.718086400+00:00,True,s
2020-11-27 21:28:20.554169856+00:00,2020-11-27 21:28:25.854169856+00:00,False,
2020-11-27 21:30:00.388615936+00:00,2020-11-27 21:30:05.688615936+00:00,False,
2020-11-27 21:30:07.734635520+00:00,2020-11-27 21:30:13.034635520+00:00,True,s
2020-11-27 21:31:45.586649856+00:00,2020-11-27 21:31:50.886649856+00:00,False,
2020-11-27 21:35:02.682282496+00:00,2020-11-27 21:35:07.982282496+00:00,True,s
2020-11-27 21:37:25.653249536+00:00,2020-11-27 21:37:30.953249536+00:00,False,
2020-11-27 21:38:35.512388608+00:00,2020-11-27 21:38:40.812388608+00:00,False,
2020-11-27 21:41:50.477285888+00:00,2020-11-27 21:41:55.777285888+00:00,False,
2020-11-27 21:46:00.431590144+00:00,2020-11-27 21:46:05.731590144+00:00,False,
2020-11-27 21:57:00.317332736+00:00,2020-11-27 21:57:05.617332736+00:00,False,
2020-11-27 21:58:47.156415744+00:00,2020-11-27 21:58:52.456415744+00:00,False,
2020-11-27 22:02:14.139992576+00:00,2020-11-27 22:02:19.439992576+00:00,False,
2020-11-27 22:03:50.247211776+00:00,2020-11-27 22:03:55.547211776+00:00,False,
2020-11-27 22:09:12.970652416+00:00,2020-11-27 22:09:18.270652416+00:00,False,
2020-11-27 22:16:32.247121920+00:00,2020-11-27 22:16:37.547121920+00:00,True,s
2020-11-27 22:22:58.910415360+00:00,2020-11-27 22:23:04.210415360+00:00,False,
2020-11-27 22:24:46.890373632+00:00,2020-11-27 22:24:52.190373632+00:00,False,
2020-11-27 22:29:35.210135296+00:00,2020-11-27 22:29:40.510135296+00:00,False,
2020-11-27 22:31:15.211463680+00:00,2020-11-27 22:31:20.511463680+00:00,False,
2020-11-27 22:41:50.298901760+00:00,2020-11-27 22:41:55.598901760+00:00,False,
2020-11-27 22:48:16.630424576+00:00,2020-11-27 22:48:21.930424576+00:00,False,
2020-11-27 22:49:50.437168384+00:00,2020-11-27 22:49:55.737168384+00:00,False,
2020-11-27 22:51:11.417160960+00:00,2020-11-27 22:51:16.717160960+00:00,False,
2020-11-27 22:54:20.545270016+00:00,2020-11-27 22:54:25.845270016+00:00,False,
2020-11-27 22:55:25.572019968+00:00,2020-11-27 22:55:30.872019968+00:00,False,
2020-11-27 22:56:58.612889856+00:00,2020-11-27 22:57:03.912889856+00:00,False,
2020-11-27 22:57:50.640843008+00:00,2020-11-27 22:57:55.940843008+00:00,False,
2020-11-27 23:01:36.482657792+00:00,2020-11-27 23:01:41.782657792+00:00,False,
2020-11-27 23:04:22.244800768+00:00,2020-11-27 23:04:27.544800768+00:00,False,
2020-11-27 23:10:45.947456768+00:00,2020-11-27 23:10:51.247456768+00:00,False,
2020-11-27 23:12:15.995633664+00:00,2020-11-27 23:12:21.295633664+00:00,False,
2020-11-27 23:12:31.002929408+00:00,2020-11-27 23:12:36.302929408+00:00,False,
2020-11-27 23:16:17.118342400+00:00,2020-11-27 23:16:22.418342400+00:00,False,
2020-11-27 23:17:31.162173440+00:00,2020-11-27 23:17:36.462173440+00:00,False,
2020-11-27 23:19:26.204451328+00:00,2020-11-27 23:19:31.504451328+00:00,False,
2020-11-27 23:20:51.226716160+00:00,2020-11-27 23:20:56.526716160+00:00,False,
2020-11-27 23:22:31.361473280+00:00,2020-11-27 23:22:36.661473280+00:00,False,
2020-11-27 23:24:37.139652864+00:00,2020-11-27 23:24:42.439652864+00:00,False,
2020-11-27 23:25:06.342820608+00:00,2020-11-27 23:25:11.642820608+00:00,False,
2020-11-27 23:28:41.181993472+00:00,2020-11-27 23:28:46.481993472+00:00,True,s
2020-11-27 23:29:31.468518656+00:00,2020-11-27 23:29:36.768518656+00:00,False,
2020-11-27 23:35:58.612479744+00:00,2020-11-27 23:36:03.912479744+00:00,True,s
2020-11-27 23:39:46.853802752+00:00,2020-11-27 23:39:52.153802752+00:00,False,
2020-11-27 23:43:47.049144576+00:00,2020-11-27 23:43:52.349144576+00:00,False,
2020-11-27 23:50:47.378064640+00:00,2020-11-27 23:50:52.678064640+00:00,False,
2020-11-27 23:55:27.587582464+00:00,2020-11-27 23:55:32.887582464+00:00,False,
2020-11-27 23:57:17.717588992+00:00,2020-11-27 23:57:23.017588992+00:00,False,
2020-11-28 00:04:03.408643072+00:00,2020-11-28 00:04:08.708643072+00:00,False,
2020-11-28 00:04:22.880535552+00:00,2020-11-28 00:04:28.180535552+00:00,False,
2020-11-28 00:06:42.950693120+00:00,2020-11-28 00:06:48.250693120+00:00,False,
2020-11-28 00:08:38.533538304+00:00,2020-11-28 00:08:43.833538304+00:00,True,s
2020-11-28 00:12:39.089644032+00:00,2020-11-28 00:12:44.389644032+00:00,False,
2020-11-28 00:13:08.148869376+00:00,2020-11-28 00:13:13.448869376+00:00,False,
2020-11-28 00:14:04.180322816+00:00,2020-11-28 00:14:09.480322816+00:00,False,
2020-11-28 00:21:23.250421248+00:00,2020-11-28 00:21:28.550421248+00:00,False,
2020-11-28 00:23:23.260414720+00:00,2020-11-28 00:23:28.560414720+00:00,False,
2020-11-28 00:24:20.566940416+00:00,2020-11-28 00:24:25.866940416+00:00,False,
2020-11-28 00:27:33.279345920+00:00,2020-11-28 00:27:38.579345920+00:00,False,
2020-11-28 00:29:13.285513472+00:00,2020-11-28 00:29:18.585513472+00:00,False,
2020-11-28 00:32:23.328990976+00:00,2020-11-28 00:32:28.628990976+00:00,False,
2020-11-28 00:32:43.890237440+00:00,2020-11-28 00:32:49.190237440+00:00,False,
2020-11-28 00:34:40.450308608+00:00,2020-11-28 00:34:45.750308608+00:00,False,
2020-11-28 00:36:23.336545024+00:00,2020-11-28 00:36:28.636545024+00:00,False,
2020-11-28 00:39:43.381697536+00:00,2020-11-28 00:39:48.681697536+00:00,False,
2020-11-28 00:41:03.406001152+00:00,2020-11-28 00:41:08.706001152+00:00,False,
2020-11-28 00:42:53.419068928+00:00,2020-11-28 00:42:58.719068928+00:00,False,
2020-11-28 00:43:38.428660480+00:00,2020-11-28 00:43:43.728660480+00:00,False,
2020-11-28 00:44:53.446695936+00:00,2020-11-28 00:44:58.746695936+00:00,False,
2020-11-28 00:47:03.546433792+00:00,2020-11-28 00:47:08.846433792+00:00,False,
2020-11-28 00:47:43.503954944+00:00,2020-11-28 00:47:48.803954944+00:00,False,
2020-11-28 00:50:08.519404288+00:00,2020-11-28 00:50:13.819404288+00:00,False,
2020-11-28 00:59:02.726760448+00:00,2020-11-28 00:59:08.026760448+00:00,False,
2020-11-28 01:06:03.938669312+00:00,2020-11-28 01:06:09.238669312+00:00,False,
2020-11-28 01:06:16.117496064+00:00,2020-11-28 01:06:21.417496064+00:00,False,
2020-11-28 01:06:23.584628224+00:00,2020-11-28 01:06:28.884628224+00:00,False,
2020-11-28 01:11:58.522922752+00:00,2020-11-28 01:12:03.822922752+00:00,False,
2020-11-28 01:17:03.469053440+00:00,2020-11-28 01:17:08.769053440+00:00,False,
2020-11-28 01:24:20.373619200+00:00,2020-11-28 01:24:25.673619200+00:00,False,
2020-11-28 01:29:13.333743616+00:00,2020-11-28 01:29:18.633743616+00:00,False,
2020-11-28 01:30:30.745622528+00:00,2020-11-28 01:30:36.045622528+00:00,False,
2020-11-28 01:39:18.231941120+00:00,2020-11-28 01:39:23.531941120+00:00,False,
2020-11-28 01:43:10.160815360+00:00,2020-11-28 01:43:15.460815360+00:00,False,
2020-11-28 01:44:58.172343296+00:00,2020-11-28 01:45:03.472343296+00:00,False,
2020-11-28 01:54:38.067499264+00:00,2020-11-28 01:54:43.367499264+00:00,False,
2020-11-28 01:54:58.327322112+00:00,2020-11-28 01:55:03.627322112+00:00,False,
2020-11-28 01:56:28.840025344+00:00,2020-11-28 01:56:34.140025344+00:00,False,
2020-11-28 02:14:09.808460544+00:00,2020-11-28 02:14:15.108460544+00:00,False,
2020-11-28 02:16:34.784616192+00:00,2020-11-28 02:16:40.084616192+00:00,False,
2020-11-28 02:17:02.837048832+00:00,2020-11-28 02:17:08.137048832+00:00,False,
2020-11-28 02:24:27.758780672+00:00,2020-11-28 02:24:33.058780672+00:00,False,
2020-11-28 02:26:12.738673152+00:00,2020-11-28 02:26:18.038673152+00:00,False,
2020-11-28 02:33:49.587950080+00:00,2020-11-28 02:33:54.887950080+00:00,False,
2020-11-28 02:40:09.556984576+00:00,2020-11-28 02:40:14.856984576+00:00,False,
2020-11-28 02:48:39.429187584+00:00,2020-11-28 02:48:44.729187584+00:00,False,
2020-11-28 02:49:37.443456256+00:00,2020-11-28 02:49:42.743456256+00:00,False,
2020-11-28 02:51:24.690380288+00:00,2020-11-28 02:51:29.990380288+00:00,False,
2020-11-28 02:51:54.382158592+00:00,2020-11-28 02:51:59.682158592+00:00,False,
2020-11-28 02:54:17.433221632+00:00,2020-11-28 02:54:22.733221632+00:00,False,
2020-11-28 02:57:49.579397632+00:00,2020-11-28 02:57:54.879397632+00:00,True,s
2020-11-28 03:07:32.295703808+00:00,2020-11-28 03:07:37.595703808+00:00,False,
2020-11-28 03:26:48.994461952+00:00,2020-11-28 03:26:54.294461952+00:00,False,
2020-11-28 03:28:17.076172032+00:00,2020-11-28 03:28:22.376172032+00:00,False,
2020-11-28 03:30:12.059533056+00:00,2020-11-28 03:30:17.359533056+00:00,False,
2020-11-28 03:37:20.667845120+00:00,2020-11-28 03:37:25.967845120+00:00,False,
2020-11-28 03:37:30.665796352+00:00,2020-11-28 03:37:35.965796352+00:00,False,
2020-11-28 03:37:40.664421888+00:00,2020-11-28 03:37:45.964421888+00:00,False,
2020-11-28 03:37:50.663572992+00:00,2020-11-28 03:37:55.963572992+00:00,False,
2020-11-28 03:38:00.660568064+00:00,2020-11-28 03:38:05.960568064+00:00,False,
2020-11-28 03:39:30.643380736+00:00,2020-11-28 03:39:35.943380736+00:00,False,
2020-11-28 03:39:50.639032064+00:00,2020-11-28 03:39:55.939032064+00:00,False,
2020-11-28 03:40:10.634865920+00:00,2020-11-28 03:40:15.934865920+00:00,False,
2020-11-28 03:40:40.675968+00:00,2020-11-28 03:40:45.975968+00:00,False,
2020-11-28 03:40:50.627200256+00:00,2020-11-28 03:40:55.927200256+00:00,False,
2020-11-28 03:41:10.624214784+00:00,2020-11-28 03:41:15.924214784+00:00,False,
2020-11-28 03:41:20.621144576+00:00,2020-11-28 03:41:25.921144576+00:00,False,
2020-11-28 03:46:26.881515008+00:00,2020-11-28 03:46:32.181515008+00:00,False,
2020-11-28 03:52:53.708192+00:00,2020-11-28 03:52:59.008192+00:00,True,s
2020-11-28 03:58:56.749134592+00:00,2020-11-28 03:59:02.049134592+00:00,False,
2020-11-28 04:00:36.729768704+00:00,2020-11-28 04:00:42.029768704+00:00,False,
2020-11-28 04:04:52.117581312+00:00,2020-11-28 04:04:57.417581312+00:00,False,
2020-11-28 04:19:50.598068736+00:00,2020-11-28 04:19:55.898068736+00:00,False,
2020-11-28 04:21:26.763010560+00:00,2020-11-28 04:21:32.063010560+00:00,False,
2020-11-28 04:29:11.434558976+00:00,2020-11-28 04:29:16.734558976+00:00,False,
2020-11-28 04:29:56.420318720+00:00,2020-11-28 04:30:01.720318720+00:00,False,
2020-11-28 04:50:21.217568+00:00,2020-11-28 04:50:26.517568+00:00,False,
2020-11-28 04:57:56.116204544+00:00,2020-11-28 04:58:01.416204544+00:00,False,
2020-11-28 04:58:53.273393664+00:00,2020-11-28 04:58:58.573393664+00:00,False,
2020-11-28 04:59:47.307075328+00:00,2020-11-28 04:59:52.607075328+00:00,True,s
2020-11-28 05:01:03.586903808+00:00,2020-11-28 05:01:08.886903808+00:00,True,s
2020-11-28 05:01:27.637239296+00:00,2020-11-28 05:01:32.937239296+00:00,False,
2020-11-28 05:03:06.061298432+00:00,2020-11-28 05:03:11.361298432+00:00,False,
2020-11-28 17:43:20.671732736+00:00,2020-11-28 17:43:25.971732736+00:00,True,s
2020-11-28 17:53:14.554720768+00:00,2020-11-28 17:53:19.854720768+00:00,False,
2020-11-28 18:06:59.988154368+00:00,2020-11-28 18:07:05.288154368+00:00,True,s
2020-11-28 18:12:24.339954944+00:00,2020-11-28 18:12:29.639954944+00:00,False,
2020-11-28 18:12:54.283316992+00:00,2020-11-28 18:12:59.583316992+00:00,True,s
2020-11-28 18:14:51.733335808+00:00,2020-11-28 18:14:57.033335808+00:00,True,f
2020-11-28 18:18:50.506183168+00:00,2020-11-28 18:18:55.806183168+00:00,True,f
2020-11-28 18:30:04.091949056+00:00,2020-11-28 18:30:09.391949056+00:00,False,
2020-11-28 18:49:20.157620992+00:00,2020-11-28 18:49:25.457620992+00:00,False,
2020-11-28 18:49:50.152062976+00:00,2020-11-28 18:49:55.452062976+00:00,False,
2020-11-28 18:50:00.149579264+00:00,2020-11-28 18:50:05.449579264+00:00,False,
2020-11-28 18:52:17.910006528+00:00,2020-11-28 18:52:23.210006528+00:00,True,f
2020-11-28 18:59:38.738988544+00:00,2020-11-28 18:59:44.038988544+00:00,False,
2020-11-28 19:04:48.787381760+00:00,2020-11-28 19:04:54.087381760+00:00,False,
2020-11-28 19:05:13.782202880+00:00,2020-11-28 19:05:19.082202880+00:00,False,
2020-11-28 19:07:29.503870464+00:00,2020-11-28 19:07:34.803870464+00:00,False,
2020-11-28 19:09:43.737182208+00:00,2020-11-28 19:09:49.037182208+00:00,False,
2020-11-28 19:14:13.689258240+00:00,2020-11-28 19:14:18.989258240+00:00,False,
2020-11-28 19:16:29.420325888+00:00,2020-11-28 19:16:34.720325888+00:00,False,
2020-11-28 19:21:03.622201088+00:00,2020-11-28 19:21:08.922201088+00:00,False,
2020-11-28 19:24:23.633091584+00:00,2020-11-28 19:24:28.933091584+00:00,False,
2020-11-28 19:27:13.610257664+00:00,2020-11-28 19:27:18.910257664+00:00,False,
2020-11-28 19:30:43.573691904+00:00,2020-11-28 19:30:48.873691904+00:00,False,
2020-11-28 19:31:33.564894720+00:00,2020-11-28 19:31:38.864894720+00:00,False,
2020-11-28 19:33:20.019427840+00:00,2020-11-28 19:33:25.319427840+00:00,False,
2020-11-28 19:35:43.519381248+00:00,2020-11-28 19:35:48.819381248+00:00,False,
2020-11-28 19:39:13.974297600+00:00,2020-11-28 19:39:19.274297600+00:00,False,
2020-11-28 19:40:08.479696640+00:00,2020-11-28 19:40:13.779696640+00:00,False,
2020-11-28 19:43:33.434299648+00:00,2020-11-28 19:43:38.734299648+00:00,False,
2020-11-28 19:45:58.407451392+00:00,2020-11-28 19:46:03.707451392+00:00,False,
2020-11-28 19:52:58.392603648+00:00,2020-11-28 19:53:03.692603648+00:00,False,
2020-11-28 19:53:58.692032+00:00,2020-11-28 19:54:03.992032+00:00,False,
2020-11-28 19:56:33.977821184+00:00,2020-11-28 19:56:39.277821184+00:00,False,
2020-11-28 19:58:54.283856384+00:00,2020-11-28 19:58:59.583856384+00:00,True,s
2020-11-28 20:00:18.253263360+00:00,2020-11-28 20:00:23.553263360+00:00,False,
2020-11-28 20:02:18.230720768+00:00,2020-11-28 20:02:23.530720768+00:00,False,
2020-11-28 20:09:18.154465280+00:00,2020-11-28 20:09:23.454465280+00:00,False,
2020-11-28 20:13:53.108865536+00:00,2020-11-28 20:13:58.408865536+00:00,False,
2020-11-28 20:18:58.260408320+00:00,2020-11-28 20:19:03.560408320+00:00,False,
2020-11-28 20:22:28.020761600+00:00,2020-11-28 20:22:33.320761600+00:00,False,
2020-11-28 20:24:42.999490304+00:00,2020-11-28 20:24:48.299490304+00:00,False,
2020-11-28 20:31:48.439424+00:00,2020-11-28 20:31:53.739424+00:00,False,
2020-11-28 20:32:52.951684096+00:00,2020-11-28 20:32:58.251684096+00:00,False,
2020-11-28 20:40:43.069452544+00:00,2020-11-28 20:40:48.369452544+00:00,False,
2020-11-28 20:42:58.095846912+00:00,2020-11-28 20:43:03.395846912+00:00,False,
2020-11-28 20:46:38.114656768+00:00,2020-11-28 20:46:43.414656768+00:00,False,
2020-11-28 20:47:28.120565248+00:00,2020-11-28 20:47:33.420565248+00:00,False,
2020-11-28 20:48:38.127496448+00:00,2020-11-28 20:48:43.427496448+00:00,False,
2020-11-28 20:49:53.131322624+00:00,2020-11-28 20:49:58.431322624+00:00,False,
2020-11-28 20:53:18.154756864+00:00,2020-11-28 20:53:23.454756864+00:00,False,
2020-11-28 20:55:43.156068352+00:00,2020-11-28 20:55:48.456068352+00:00,False,
2020-11-28 20:55:53.154903808+00:00,2020-11-28 20:55:58.454903808+00:00,False,
2020-11-28 20:57:08.149426176+00:00,2020-11-28 20:57:13.449426176+00:00,False,
2020-11-28 20:57:59.042973952+00:00,2020-11-28 20:58:04.342973952+00:00,False,
2020-11-28 20:58:23.229749248+00:00,2020-11-28 20:58:28.529749248+00:00,False,
2020-11-28 20:58:53.735316736+00:00,2020-11-28 20:58:59.035316736+00:00,False,
2020-11-28 20:59:08.146558464+00:00,2020-11-28 20:59:13.446558464+00:00,False,
2020-11-28 21:01:18.165471744+00:00,2020-11-28 21:01:23.465471744+00:00,False,
2020-11-28 21:03:03.184374784+00:00,2020-11-28 21:03:08.484374784+00:00,False,
2020-11-28 21:04:00.184530688+00:00,2020-11-28 21:04:05.484530688+00:00,False,
2020-11-28 21:06:22.393349632+00:00,2020-11-28 21:06:27.693349632+00:00,False,
2020-11-28 21:10:49.100126720+00:00,2020-11-28 21:10:54.400126720+00:00,False,
2020-11-28 21:13:48.160315392+00:00,2020-11-28 21:13:53.460315392+00:00,False,
2020-11-28 21:14:18.162578176+00:00,2020-11-28 21:14:23.462578176+00:00,False,
2020-11-28 21:16:02.929051648+00:00,2020-11-28 21:16:08.229051648+00:00,False,
2020-11-28 21:16:18.143978752+00:00,2020-11-28 21:16:23.443978752+00:00,False,
2020-11-28 21:16:33.205786624+00:00,2020-11-28 21:16:38.505786624+00:00,False,
2020-11-28 21:20:06.258944256+00:00,2020-11-28 21:20:11.558944256+00:00,False,
2020-11-28 21:20:33.502297344+00:00,2020-11-28 21:20:38.802297344+00:00,False,
2020-11-28 21:21:08.091602432+00:00,2020-11-28 21:21:13.391602432+00:00,False,
2020-11-28 21:33:18.033327872+00:00,2020-11-28 21:33:23.333327872+00:00,False,
2020-11-28 21:34:53.023115776+00:00,2020-11-28 21:34:58.323115776+00:00,False,
2020-11-28 21:38:03.804942080+00:00,2020-11-28 21:38:09.104942080+00:00,False,
2020-11-28 21:41:03.001612032+00:00,2020-11-28 21:41:08.301612032+00:00,False,
2020-11-28 21:44:05.019090688+00:00,2020-11-28 21:44:10.319090688+00:00,True,s
2020-11-28 21:45:58.026179840+00:00,2020-11-28 21:46:03.326179840+00:00,False,
2020-11-28 21:47:23.037387776+00:00,2020-11-28 21:47:28.337387776+00:00,False,
2020-11-28 21:47:58.045749760+00:00,2020-11-28 21:48:03.345749760+00:00,False,
2020-11-28 21:48:23.061937664+00:00,2020-11-28 21:48:28.361937664+00:00,False,
2020-11-28 21:55:53.456457472+00:00,2020-11-28 21:55:58.756457472+00:00,False,
2020-11-28 21:57:28.037508352+00:00,2020-11-28 21:57:33.337508352+00:00,False,
2020-11-28 22:02:00.985294336+00:00,2020-11-28 22:02:06.285294336+00:00,True,s
2020-11-28 22:03:22.971999744+00:00,2020-11-28 22:03:28.271999744+00:00,False,
2020-11-28 22:06:32.939512320+00:00,2020-11-28 22:06:38.239512320+00:00,False,
2020-11-28 22:07:47.935812096+00:00,2020-11-28 22:07:53.235812096+00:00,False,
2020-11-28 22:09:17.917863680+00:00,2020-11-28 22:09:23.217863680+00:00,False,
2020-11-28 22:09:25.904795392+00:00,2020-11-28 22:09:31.204795392+00:00,False,
2020-11-28 22:09:32.905498880+00:00,2020-11-28 22:09:38.205498880+00:00,False,
2020-11-28 22:14:31.859329024+00:00,2020-11-28 22:14:37.159329024+00:00,True,s
2020-11-28 22:15:12.852231168+00:00,2020-11-28 22:15:18.152231168+00:00,False,
2020-11-28 22:15:32.284314624+00:00,2020-11-28 22:15:37.584314624+00:00,True,s
2020-11-28 22:18:07.841708032+00:00,2020-11-28 22:18:13.141708032+00:00,True,s
2020-11-28 22:20:28.614649600+00:00,2020-11-28 22:20:33.914649600+00:00,False,
2020-11-28 22:27:32.393423104+00:00,2020-11-28 22:27:37.693423104+00:00,False,
2020-11-28 22:33:54.864436224+00:00,2020-11-28 22:34:00.164436224+00:00,True,s
2020-11-28 22:36:37.852575488+00:00,2020-11-28 22:36:43.152575488+00:00,False,
2020-11-28 22:41:32.904423936+00:00,2020-11-28 22:41:38.204423936+00:00,False,
2020-11-28 22:46:38.011245568+00:00,2020-11-28 22:46:43.311245568+00:00,False,
2020-11-28 22:47:38.028722944+00:00,2020-11-28 22:47:43.328722944+00:00,False,
2020-11-28 22:50:28.114963456+00:00,2020-11-28 22:50:33.414963456+00:00,False,
2020-11-28 23:07:14.292343040+00:00,2020-11-28 23:07:19.592343040+00:00,False,
2020-11-28 23:10:52.170607360+00:00,2020-11-28 23:10:57.470607360+00:00,True,f
2020-11-28 23:10:58.358713088+00:00,2020-11-28 23:11:03.658713088+00:00,False,
2020-11-28 23:35:43.711187200+00:00,2020-11-28 23:35:49.011187200+00:00,False,
2020-11-28 23:38:29.616621312+00:00,2020-11-28 23:38:34.916621312+00:00,False,
2020-11-28 23:40:26.380285440+00:00,2020-11-28 23:40:31.680285440+00:00,True,s
2020-11-28 23:41:28.650404096+00:00,2020-11-28 23:41:33.950404096+00:00,False,
2020-11-28 23:46:30.729117952+00:00,2020-11-28 23:46:36.029117952+00:00,True,s
2020-11-28 23:50:13.558073856+00:00,2020-11-28 23:50:18.858073856+00:00,False,
2020-11-28 23:50:33.555811328+00:00,2020-11-28 23:50:38.855811328+00:00,False,
2020-11-28 23:51:08.549756416+00:00,2020-11-28 23:51:13.849756416+00:00,False,
2020-11-28 23:52:18.537233408+00:00,2020-11-28 23:52:23.837233408+00:00,False,
2020-11-28 23:53:17.072935168+00:00,2020-11-28 23:53:22.372935168+00:00,False,
2020-11-28 23:53:33.523492608+00:00,2020-11-28 23:53:38.823492608+00:00,False,
2020-11-28 23:55:22.046702336+00:00,2020-11-28 23:55:27.346702336+00:00,True,s
2020-11-28 23:59:21.999890176+00:00,2020-11-28 23:59:27.299890176+00:00,True,s
2020-11-29 00:02:58.733496320+00:00,2020-11-29 00:03:04.033496320+00:00,False,
2020-11-29 00:05:03.784866816+00:00,2020-11-29 00:05:09.084866816+00:00,False,
2020-11-29 00:05:51.926892544+00:00,2020-11-29 00:05:57.226892544+00:00,False,
2020-11-29 00:20:28.964961280+00:00,2020-11-29 00:20:34.264961280+00:00,False,
2020-11-29 00:21:08.977539072+00:00,2020-11-29 00:21:14.277539072+00:00,False,
2020-11-29 00:30:22.619025664+00:00,2020-11-29 00:30:27.919025664+00:00,False,
2020-11-29 00:32:49.189737216+00:00,2020-11-29 00:32:54.489737216+00:00,False,
2020-11-29 00:34:25.044071168+00:00,2020-11-29 00:34:30.344071168+00:00,False,
2020-11-29 00:34:44.213310464+00:00,2020-11-29 00:34:49.513310464+00:00,False,
2020-11-29 00:39:04.276061184+00:00,2020-11-29 00:39:09.576061184+00:00,False,
2020-11-29 00:44:59.326922496+00:00,2020-11-29 00:45:04.626922496+00:00,False,
2020-11-29 00:55:59.552483840+00:00,2020-11-29 00:56:04.852483840+00:00,False,
2020-11-29 00:56:14.522416896+00:00,2020-11-29 00:56:19.822416896+00:00,True,s
2020-11-29 01:03:05.791471872+00:00,2020-11-29 01:03:11.091471872+00:00,False,
2020-11-29 01:09:31.238013440+00:00,2020-11-29 01:09:36.538013440+00:00,False,
2020-11-29 01:09:40.552722688+00:00,2020-11-29 01:09:45.852722688+00:00,False,
2020-11-29 01:11:02.568972288+00:00,2020-11-29 01:11:07.868972288+00:00,False,
2020-11-29 01:30:09.515532544+00:00,2020-11-29 01:30:14.815532544+00:00,False,
2020-11-29 01:32:29.364579584+00:00,2020-11-29 01:32:34.664579584+00:00,False,
2020-11-29 01:34:24.344302336+00:00,2020-11-29 01:34:29.644302336+00:00,False,
2020-11-29 01:37:34.309005312+00:00,2020-11-29 01:37:39.609005312+00:00,False,
2020-11-29 01:40:44.278808064+00:00,2020-11-29 01:40:49.578808064+00:00,False,
2020-11-29 01:41:34.327118848+00:00,2020-11-29 01:41:39.627118848+00:00,False,
2020-11-29 01:48:59.190121728+00:00,2020-11-29 01:49:04.490121728+00:00,False,
2020-11-29 01:50:39.706139136+00:00,2020-11-29 01:50:45.006139136+00:00,False,
2020-11-29 01:56:04.111181568+00:00,2020-11-29 01:56:09.411181568+00:00,False,
2020-11-29 01:56:15.281767680+00:00,2020-11-29 01:56:20.581767680+00:00,True,f
2020-11-29 02:01:44.048085504+00:00,2020-11-29 02:01:49.348085504+00:00,False,
2020-11-29 02:02:39.037300480+00:00,2020-11-29 02:02:44.337300480+00:00,False,
2020-11-29 02:06:14.267144448+00:00,2020-11-29 02:06:19.567144448+00:00,False,
2020-11-29 02:22:48.817970944+00:00,2020-11-29 02:22:54.117970944+00:00,False,
2020-11-29 02:31:16.732546560+00:00,2020-11-29 02:31:22.032546560+00:00,False,
2020-11-29 02:35:40.015346944+00:00,2020-11-29 02:35:45.315346944+00:00,False,
2020-11-29 02:37:33.658110208+00:00,2020-11-29 02:37:38.958110208+00:00,False,
2020-11-29 02:37:39.804492288+00:00,2020-11-29 02:37:45.104492288+00:00,False,
2020-11-29 02:41:13.631158784+00:00,2020-11-29 02:41:18.931158784+00:00,False,
2020-11-29 02:45:18.591033856+00:00,2020-11-29 02:45:23.891033856+00:00,False,
2020-11-29 02:49:33.559397888+00:00,2020-11-29 02:49:38.859397888+00:00,False,
2020-11-29 02:51:34.376552960+00:00,2020-11-29 02:51:39.676552960+00:00,False,
2020-11-29 02:56:55.431463680+00:00,2020-11-29 02:57:00.731463680+00:00,False,
2020-11-29 03:01:29.523638016+00:00,2020-11-29 03:01:34.823638016+00:00,False,
2020-11-29 03:02:38.548324608+00:00,2020-11-29 03:02:43.848324608+00:00,True,s
2020-11-29 03:05:19.507191296+00:00,2020-11-29 03:05:24.807191296+00:00,True,s
2020-11-29 03:09:13.690594560+00:00,2020-11-29 03:09:18.990594560+00:00,False,
2020-11-29 03:10:24.870986752+00:00,2020-11-29 03:10:30.170986752+00:00,False,
2020-11-29 03:12:24.850966528+00:00,2020-11-29 03:12:30.150966528+00:00,False,
2020-11-29 03:13:05.591222784+00:00,2020-11-29 03:13:10.891222784+00:00,False,
2020-11-29 03:17:33.851052288+00:00,2020-11-29 03:17:39.151052288+00:00,False,
2020-11-29 03:31:13.338312192+00:00,2020-11-29 03:31:18.638312192+00:00,True,s
2020-11-29 03:32:39.086834176+00:00,2020-11-29 03:32:44.386834176+00:00,False,
2020-11-29 03:40:49.382685696+00:00,2020-11-29 03:40:54.682685696+00:00,False,
2020-11-29 03:42:08.997941248+00:00,2020-11-29 03:42:14.297941248+00:00,False,
2020-11-29 03:42:59.986874880+00:00,2020-11-29 03:43:05.286874880+00:00,False,
2020-11-29 03:46:30.005003264+00:00,2020-11-29 03:46:35.305003264+00:00,False,
2020-11-29 03:49:09.025399296+00:00,2020-11-29 03:49:14.325399296+00:00,False,
2020-11-29 03:58:03.987242240+00:00,2020-11-29 03:58:09.287242240+00:00,False,
2020-11-29 04:00:08.990212096+00:00,2020-11-29 04:00:14.290212096+00:00,True,s
2020-11-29 04:07:24.484571904+00:00,2020-11-29 04:07:29.784571904+00:00,False,
2020-11-29 04:07:49.172188928+00:00,2020-11-29 04:07:54.472188928+00:00,False,
2020-11-29 04:10:03.827704320+00:00,2020-11-29 04:10:09.127704320+00:00,False,
2020-11-29 04:12:24.977258752+00:00,2020-11-29 04:12:30.277258752+00:00,False,
2020-11-29 04:13:34.225662208+00:00,2020-11-29 04:13:39.525662208+00:00,False,
2020-11-29 04:21:34.208283136+00:00,2020-11-29 04:21:39.508283136+00:00,False,
2020-11-29 04:22:44.194797056+00:00,2020-11-29 04:22:49.494797056+00:00,False,
2020-11-29 04:27:03.654120960+00:00,2020-11-29 04:27:08.954120960+00:00,False,
2020-11-29 04:31:24.118491648+00:00,2020-11-29 04:31:29.418491648+00:00,True,s
2020-11-29 04:49:58.918129920+00:00,2020-11-29 04:50:04.218129920+00:00,False,
2020-11-29 04:56:08.851081216+00:00,2020-11-29 04:56:14.151081216+00:00,False,
2020-11-29 04:56:34.481605888+00:00,2020-11-29 04:56:39.781605888+00:00,False,
2020-11-29 17:01:23.700709888+00:00,2020-11-29 17:01:29.000709888+00:00,False,
2020-11-29 17:04:35.082471680+00:00,2020-11-29 17:04:40.382471680+00:00,False,
2020-11-29 17:05:49.102019328+00:00,2020-11-29 17:05:54.402019328+00:00,True,f
2020-11-29 18:05:04.539255808+00:00,2020-11-29 18:05:09.839255808+00:00,True,s
2020-11-29 18:11:28.409461760+00:00,2020-11-29 18:11:33.709461760+00:00,False,
2020-11-30 00:00:26.486209280+00:00,2020-11-30 00:00:31.786209280+00:00,False,
2020-11-30 00:04:01.542003456+00:00,2020-11-30 00:04:06.842003456+00:00,False,
2020-11-30 00:04:51.554009088+00:00,2020-11-30 00:04:56.854009088+00:00,False,
2020-11-30 00:11:33.694079232+00:00,2020-11-30 00:11:38.994079232+00:00,True,s
2020-11-30 00:14:51.584737024+00:00,2020-11-30 00:14:56.884737024+00:00,False,
2020-11-30 00:16:21.571857408+00:00,2020-11-30 00:16:26.871857408+00:00,True,s
2020-11-30 00:16:31.572330496+00:00,2020-11-30 00:16:36.872330496+00:00,True,s
2020-11-30 00:18:21.579891456+00:00,2020-11-30 00:18:26.879891456+00:00,False,
2020-11-30 00:18:56.584133376+00:00,2020-11-30 00:19:01.884133376+00:00,False,
2020-11-30 00:19:21.594120192+00:00,2020-11-30 00:19:26.894120192+00:00,False,
2020-11-30 00:22:16.620687872+00:00,2020-11-30 00:22:21.920687872+00:00,False,
2020-11-30 00:22:31.619524352+00:00,2020-11-30 00:22:36.919524352+00:00,False,
2020-11-30 00:29:46.589331712+00:00,2020-11-30 00:29:51.889331712+00:00,False,
2020-11-30 00:30:02.356543232+00:00,2020-11-30 00:30:07.656543232+00:00,False,
2020-11-30 00:38:19.624425216+00:00,2020-11-30 00:38:24.924425216+00:00,False,
2020-11-30 00:38:29.623561472+00:00,2020-11-30 00:38:34.923561472+00:00,False,
2020-11-30 00:38:39.621139712+00:00,2020-11-30 00:38:44.921139712+00:00,False,
2020-11-30 00:38:49.618897152+00:00,2020-11-30 00:38:54.918897152+00:00,False,
2020-11-30 00:39:19.612919296+00:00,2020-11-30 00:39:24.912919296+00:00,False,
2020-11-30 00:40:09.603269888+00:00,2020-11-30 00:40:14.903269888+00:00,False,
2020-11-30 00:40:39.598337024+00:00,2020-11-30 00:40:44.898337024+00:00,False,
2020-11-30 00:49:26.770271744+00:00,2020-11-30 00:49:32.070271744+00:00,False,
2020-11-30 00:53:32.815815680+00:00,2020-11-30 00:53:38.115815680+00:00,False,
2020-11-30 00:55:41.848262144+00:00,2020-11-30 00:55:47.148262144+00:00,True,s
2020-11-30 00:58:47.018071040+00:00,2020-11-30 00:58:52.318071040+00:00,False,
2020-11-30 01:03:06.916762112+00:00,2020-11-30 01:03:12.216762112+00:00,False,
2020-11-30 01:19:36.936661504+00:00,2020-11-30 01:19:42.236661504+00:00,False,
2020-11-30 01:25:06.878167296+00:00,2020-11-30 01:25:12.178167296+00:00,True,f
2020-11-30 01:29:01.834980352+00:00,2020-11-30 01:29:07.134980352+00:00,False,
2020-11-30 01:29:21.831359232+00:00,2020-11-30 01:29:27.131359232+00:00,False,
2020-11-30 01:33:11.792274688+00:00,2020-11-30 01:33:17.092274688+00:00,False,
2020-11-30 01:36:26.756267520+00:00,2020-11-30 01:36:32.056267520+00:00,False,
2020-11-30 01:37:21.600516608+00:00,2020-11-30 01:37:26.900516608+00:00,False,
2020-11-30 01:45:11.662056960+00:00,2020-11-30 01:45:16.962056960+00:00,False,
2020-11-30 01:51:01.597086464+00:00,2020-11-30 01:51:06.897086464+00:00,False,
2020-11-30 01:52:01.585707264+00:00,2020-11-30 01:52:06.885707264+00:00,False,
2020-11-30 01:53:36.568393728+00:00,2020-11-30 01:53:41.868393728+00:00,False,
2020-11-30 02:01:26.331168256+00:00,2020-11-30 02:01:31.631168256+00:00,False,
2020-11-30 02:03:56.717541888+00:00,2020-11-30 02:04:02.017541888+00:00,False,
2020-11-30 02:10:51.223338752+00:00,2020-11-30 02:10:56.523338752+00:00,True,s
2020-11-30 02:16:01.562186496+00:00,2020-11-30 02:16:06.862186496+00:00,False,
2020-11-30 02:22:36.373441536+00:00,2020-11-30 02:22:41.673441536+00:00,False,
2020-11-30 02:39:26.633121792+00:00,2020-11-30 02:39:31.933121792+00:00,False,
2020-11-30 02:39:41.093346304+00:00,2020-11-30 02:39:46.393346304+00:00,False,
2020-11-30 02:49:05.986264064+00:00,2020-11-30 02:49:11.286264064+00:00,False,
2020-11-30 02:50:31.710011648+00:00,2020-11-30 02:50:37.010011648+00:00,False,
2020-11-30 02:54:55.928422656+00:00,2020-11-30 02:55:01.228422656+00:00,False,
2020-11-30 02:56:01.711095552+00:00,2020-11-30 02:56:07.011095552+00:00,False,
2020-11-30 03:02:56.670832640+00:00,2020-11-30 03:03:01.970832640+00:00,False,
2020-11-30 03:04:30.823193600+00:00,2020-11-30 03:04:36.123193600+00:00,False,
2020-11-30 03:08:05.783381760+00:00,2020-11-30 03:08:11.083381760+00:00,False,
2020-11-30 03:10:36.683357440+00:00,2020-11-30 03:10:41.983357440+00:00,False,
2020-11-30 03:23:26.734993920+00:00,2020-11-30 03:23:32.034993920+00:00,False,
2020-11-30 03:30:26.758696704+00:00,2020-11-30 03:30:32.058696704+00:00,False,
2020-11-30 03:33:38.745754624+00:00,2020-11-30 03:33:44.045754624+00:00,True,s
2020-11-30 03:34:41.940596224+00:00,2020-11-30 03:34:47.240596224+00:00,True,s
2020-11-30 03:38:05.710774272+00:00,2020-11-30 03:38:11.010774272+00:00,False,
2020-11-30 03:39:06.708697856+00:00,2020-11-30 03:39:12.008697856+00:00,False,
2020-11-30 03:40:06.717829888+00:00,2020-11-30 03:40:12.017829888+00:00,False,
2020-11-30 03:42:16.694822144+00:00,2020-11-30 03:42:21.994822144+00:00,False,
2020-11-30 03:56:36.967696128+00:00,2020-11-30 03:56:42.267696128+00:00,False,
2020-11-30 04:03:18.930574592+00:00,2020-11-30 04:03:24.230574592+00:00,True,s
2020-11-30 04:14:12.097374976+00:00,2020-11-30 04:14:17.397374976+00:00,False,
2020-11-30 04:14:33.060869632+00:00,2020-11-30 04:14:38.360869632+00:00,True,s
2020-11-30 04:16:33.040156160+00:00,2020-11-30 04:16:38.340156160+00:00,True,s
2020-11-30 04:16:47.099277568+00:00,2020-11-30 04:16:52.399277568+00:00,False,
2020-11-30 04:23:22.597603328+00:00,2020-11-30 04:23:27.897603328+00:00,False,
2020-11-30 04:28:52.951608576+00:00,2020-11-30 04:28:58.251608576+00:00,False,
2020-11-30 04:43:11.888292864+00:00,2020-11-30 04:43:17.188292864+00:00,False,
2020-11-30 04:47:50.283208448+00:00,2020-11-30 04:47:55.583208448+00:00,False,
2020-11-30 04:53:41.791311616+00:00,2020-11-30 04:53:47.091311616+00:00,False,
2020-11-30 05:01:01.765818112+00:00,2020-11-30 05:01:07.065818112+00:00,False,
2020-12-01 05:56:40.477225472+00:00,2020-12-01 05:56:45.777225472+00:00,False,
2020-12-01 05:56:55.475847168+00:00,2020-12-01 05:57:00.775847168+00:00,False,
2020-12-01 06:02:25.425274368+00:00,2020-12-01 06:02:30.725274368+00:00,False,
2020-12-01 06:10:00.350487296+00:00,2020-12-01 06:10:05.650487296+00:00,False,
2020-12-01 06:15:04.920335616+00:00,2020-12-01 06:15:10.220335616+00:00,True,s
2020-12-01 06:19:00.252880128+00:00,2020-12-01 06:19:05.552880128+00:00,False,
2020-12-01 06:25:00.188327680+00:00,2020-12-01 06:25:05.488327680+00:00,False,
2020-12-01 06:27:50.182756864+00:00,2020-12-01 06:27:55.482756864+00:00,False,
2020-12-01 06:32:20.278127616+00:00,2020-12-01 06:32:25.578127616+00:00,False,
2020-12-01 06:35:35.069557504+00:00,2020-12-01 06:35:40.369557504+00:00,False,
2020-12-01 06:40:39.721174784+00:00,2020-12-01 06:40:45.021174784+00:00,False,
2020-12-01 06:41:22.918850816+00:00,2020-12-01 06:41:28.218850816+00:00,False,
2020-12-01 06:43:06.280674560+00:00,2020-12-01 06:43:11.580674560+00:00,True,s
2020-12-01 06:45:59.662247680+00:00,2020-12-01 06:46:04.962247680+00:00,False,
2020-12-01 06:58:19.111645440+00:00,2020-12-01 06:58:24.411645440+00:00,False,
2020-12-01 06:59:49.505777664+00:00,2020-12-01 06:59:54.805777664+00:00,False,
2020-12-01 07:02:09.813453568+00:00,2020-12-01 07:02:15.113453568+00:00,False,
2020-12-01 07:10:15.006519552+00:00,2020-12-01 07:10:20.306519552+00:00,False,
2020-12-01 07:16:20.241583616+00:00,2020-12-01 07:16:25.541583616+00:00,False,
2020-12-01 07:18:05.089845248+00:00,2020-12-01 07:18:10.389845248+00:00,False,
2020-12-01 07:28:44.181987072+00:00,2020-12-01 07:28:49.481987072+00:00,False,
2020-12-01 07:29:54.480083200+00:00,2020-12-01 07:29:59.780083200+00:00,False,
2020-12-01 07:36:05.025822464+00:00,2020-12-01 07:36:10.325822464+00:00,False,
2020-12-01 07:43:04.020335104+00:00,2020-12-01 07:43:09.320335104+00:00,False,
2020-12-01 07:48:58.145013760+00:00,2020-12-01 07:49:03.445013760+00:00,False,
2020-12-01 07:49:08.133809408+00:00,2020-12-01 07:49:13.433809408+00:00,False,
2020-12-01 07:49:55.235099392+00:00,2020-12-01 07:50:00.535099392+00:00,False,
2020-12-01 07:53:50.180119296+00:00,2020-12-01 07:53:55.480119296+00:00,False,
2020-12-01 08:12:40.584365312+00:00,2020-12-01 08:12:45.884365312+00:00,False,
2020-12-01 08:13:59.604535552+00:00,2020-12-01 08:14:04.904535552+00:00,False,
2020-12-01 08:28:16.833219584+00:00,2020-12-01 08:28:22.133219584+00:00,True,s
2020-12-01 08:28:26.830928896+00:00,2020-12-01 08:28:32.130928896+00:00,False,
2020-12-01 16:11:59.225341952+00:00,2020-12-01 16:12:04.525341952+00:00,False,
2020-12-01 16:16:29.176665344+00:00,2020-12-01 16:16:34.476665344+00:00,False,
2020-12-01 16:16:54.168926976+00:00,2020-12-01 16:16:59.468926976+00:00,False,
2020-12-01 16:25:41.084427264+00:00,2020-12-01 16:25:46.384427264+00:00,False,
2020-12-01 16:35:15.986489600+00:00,2020-12-01 16:35:21.286489600+00:00,False,
2020-12-01 16:36:05.978342656+00:00,2020-12-01 16:36:11.278342656+00:00,False,
2020-12-01 16:39:10.951408128+00:00,2020-12-01 16:39:16.251408128+00:00,True,s
2020-12-01 16:43:03.882337024+00:00,2020-12-01 16:43:09.182337024+00:00,False,
2020-12-01 16:47:45.855419136+00:00,2020-12-01 16:47:51.155419136+00:00,False,
2020-12-01 16:51:13.314060288+00:00,2020-12-01 16:51:18.614060288+00:00,True,s
2020-12-01 16:55:30.769886208+00:00,2020-12-01 16:55:36.069886208+00:00,False,
2020-12-04 02:33:02.864525824+00:00,2020-12-04 02:33:08.164525824+00:00,False,
2020-12-04 02:37:03.727982592+00:00,2020-12-04 02:37:09.027982592+00:00,False,
2020-12-04 02:37:45.709987584+00:00,2020-12-04 02:37:51.009987584+00:00,False,
2020-12-04 02:38:23.717571328+00:00,2020-12-04 02:38:29.017571328+00:00,False,
2020-12-04 02:46:20.611223552+00:00,2020-12-04 02:46:25.911223552+00:00,False,
2020-12-04 03:01:28.478852352+00:00,2020-12-04 03:01:33.778852352+00:00,False,
2020-12-04 03:03:20.914180352+00:00,2020-12-04 03:03:26.214180352+00:00,False,
2020-12-04 03:06:03.430295552+00:00,2020-12-04 03:06:08.730295552+00:00,False,
2020-12-04 03:12:05.329518592+00:00,2020-12-04 03:12:10.629518592+00:00,False,
2020-12-04 03:12:13.371328256+00:00,2020-12-04 03:12:18.671328256+00:00,False,
2020-12-04 03:13:50.311376384+00:00,2020-12-04 03:13:55.611376384+00:00,False,
2020-12-04 03:14:20.304789504+00:00,2020-12-04 03:14:25.604789504+00:00,False,
2020-12-04 03:22:33.319807744+00:00,2020-12-04 03:22:38.619807744+00:00,False,
2020-12-04 03:27:20.159128320+00:00,2020-12-04 03:27:25.459128320+00:00,False,
2020-12-04 03:30:58.167352064+00:00,2020-12-04 03:31:03.467352064+00:00,False,
2020-12-04 03:34:48.127135232+00:00,2020-12-04 03:34:53.427135232+00:00,False,
2020-12-04 03:49:14.957589504+00:00,2020-12-04 03:49:20.257589504+00:00,False,
2020-12-04 03:54:32.948719872+00:00,2020-12-04 03:54:38.248719872+00:00,False,
2020-12-04 03:56:20.633483008+00:00,2020-12-04 03:56:25.933483008+00:00,False,
2020-12-04 04:01:17.901476096+00:00,2020-12-04 04:01:23.201476096+00:00,False,
2020-12-04 04:05:47.964481792+00:00,2020-12-04 04:05:53.264481792+00:00,False,
2020-12-04 04:13:27.903993088+00:00,2020-12-04 04:13:33.203993088+00:00,True,f
2020-12-04 04:14:27.920933632+00:00,2020-12-04 04:14:33.220933632+00:00,False,
2020-12-04 04:18:12.955041024+00:00,2020-12-04 04:18:18.255041024+00:00,False,
2020-12-04 04:19:48.128866560+00:00,2020-12-04 04:19:53.428866560+00:00,False,
2020-12-04 04:23:08.213830912+00:00,2020-12-04 04:23:13.513830912+00:00,False,
2020-12-04 04:37:38.026377472+00:00,2020-12-04 04:37:43.326377472+00:00,False,
2020-12-04 04:41:28.039109376+00:00,2020-12-04 04:41:33.339109376+00:00,False,
2020-12-04 05:06:33.090524928+00:00,2020-12-04 05:06:38.390524928+00:00,False,
2020-12-04 05:16:38.163009536+00:00,2020-12-04 05:16:43.463009536+00:00,False,
2020-12-04 05:18:53.145932032+00:00,2020-12-04 05:18:58.445932032+00:00,False,
2020-12-04 05:21:48.120870400+00:00,2020-12-04 05:21:53.420870400+00:00,False,
2020-12-04 05:26:13.446911744+00:00,2020-12-04 05:26:18.746911744+00:00,False,
2020-12-04 05:26:55.426142208+00:00,2020-12-04 05:27:00.726142208+00:00,True,f
2020-12-04 05:56:34.933765632+00:00,2020-12-04 05:56:40.233765632+00:00,False,
2020-12-04 05:57:14.926182400+00:00,2020-12-04 05:57:20.226182400+00:00,False,
2020-12-04 05:59:24.901454592+00:00,2020-12-04 05:59:30.201454592+00:00,False,
2020-12-04 05:59:34.899295488+00:00,2020-12-04 05:59:40.199295488+00:00,False,
2020-12-04 05:59:44.908229376+00:00,2020-12-04 05:59:50.208229376+00:00,False,
2020-12-04 05:59:54.896122368+00:00,2020-12-04 06:00:00.196122368+00:00,False,
2020-12-04 06:00:34.887534336+00:00,2020-12-04 06:00:40.187534336+00:00,False,
2020-12-04 06:00:54.884137472+00:00,2020-12-04 06:01:00.184137472+00:00,True,s
2020-12-04 06:01:04.891149056+00:00,2020-12-04 06:01:10.191149056+00:00,False,
2020-12-04 06:03:23.125469440+00:00,2020-12-04 06:03:28.425469440+00:00,False,
2020-12-04 06:07:23.165566464+00:00,2020-12-04 06:07:28.465566464+00:00,False,
2020-12-04 06:08:50.771268608+00:00,2020-12-04 06:08:56.071268608+00:00,True,f
2020-12-04 06:12:18.212715008+00:00,2020-12-04 06:12:23.512715008+00:00,False,
2020-12-04 06:21:55.297080832+00:00,2020-12-04 06:22:00.597080832+00:00,True,s
2020-12-04 06:34:05.279447552+00:00,2020-12-04 06:34:10.579447552+00:00,False,
2020-12-04 06:38:17.242377216+00:00,2020-12-04 06:38:22.542377216+00:00,True,s
2020-12-04 07:50:43.445268480+00:00,2020-12-04 07:50:48.745268480+00:00,False,
2020-12-04 07:51:22.439463680+00:00,2020-12-04 07:51:27.739463680+00:00,True,s
2020-12-04 07:52:33.431766272+00:00,2020-12-04 07:52:38.731766272+00:00,False,
2020-12-04 07:53:18.422484224+00:00,2020-12-04 07:53:23.722484224+00:00,False,
2020-12-04 07:58:05.380463872+00:00,2020-12-04 07:58:10.680463872+00:00,False,
2020-12-04 08:08:43.622887424+00:00,2020-12-04 08:08:48.922887424+00:00,False,
2020-12-04 08:13:48.729501184+00:00,2020-12-04 08:13:54.029501184+00:00,False,
2020-12-04 08:14:03.730343424+00:00,2020-12-04 08:14:09.030343424+00:00,False,
2020-12-04 08:15:03.743734784+00:00,2020-12-04 08:15:09.043734784+00:00,False,
2020-12-04 08:21:03.801389568+00:00,2020-12-04 08:21:09.101389568+00:00,False,
2020-12-04 08:24:03.854086656+00:00,2020-12-04 08:24:09.154086656+00:00,False,
2020-12-04 08:27:08.880114176+00:00,2020-12-04 08:27:14.180114176+00:00,False,
2020-12-04 08:29:00.214245888+00:00,2020-12-04 08:29:05.514245888+00:00,False,
2020-12-04 08:29:30.253010432+00:00,2020-12-04 08:29:35.553010432+00:00,True,f
2020-12-04 08:39:04.071985408+00:00,2020-12-04 08:39:09.371985408+00:00,False,
2020-12-04 08:42:40.078710016+00:00,2020-12-04 08:42:45.378710016+00:00,False,
2020-12-04 08:46:45.114865920+00:00,2020-12-04 08:46:50.414865920+00:00,False,
2020-12-04 08:51:25.129031936+00:00,2020-12-04 08:51:30.429031936+00:00,False,
2020-12-04 09:15:52.651582976+00:00,2020-12-04 09:15:57.951582976+00:00,False,
2020-12-04 09:18:59.248965376+00:00,2020-12-04 09:19:04.548965376+00:00,False,
2020-12-04 09:23:48.484436992+00:00,2020-12-04 09:23:53.784436992+00:00,True,s
2020-12-04 09:26:09.316488704+00:00,2020-12-04 09:26:14.616488704+00:00,False,
2020-12-04 09:37:24.507523840+00:00,2020-12-04 09:37:29.807523840+00:00,False,
2020-12-04 09:38:09.661534464+00:00,2020-12-04 09:38:14.961534464+00:00,True,f
2020-12-04 09:40:14.565994752+00:00,2020-12-04 09:40:19.865994752+00:00,True,s
2020-12-04 09:40:24.581654272+00:00,2020-12-04 09:40:29.881654272+00:00,False,
2020-12-04 09:42:42.342413056+00:00,2020-12-04 09:42:47.642413056+00:00,False,
2020-12-04 09:45:04.662614016+00:00,2020-12-04 09:45:09.962614016+00:00,False,
2020-12-04 09:46:05.643374592+00:00,2020-12-04 09:46:10.943374592+00:00,False,
2020-12-04 09:50:42.250607360+00:00,2020-12-04 09:50:47.550607360+00:00,False,
2020-12-04 09:53:25.561121536+00:00,2020-12-04 09:53:30.861121536+00:00,False,
2020-12-04 10:05:18.115943936+00:00,2020-12-04 10:05:23.415943936+00:00,False,
2020-12-04 10:13:30.212678400+00:00,2020-12-04 10:13:35.512678400+00:00,False,
2020-12-04 10:27:25.029785088+00:00,2020-12-04 10:27:30.329785088+00:00,False,
2020-12-04 10:29:50.007859456+00:00,2020-12-04 10:29:55.307859456+00:00,False,
2020-12-04 10:31:35.003209472+00:00,2020-12-04 10:31:40.303209472+00:00,False,
2020-12-04 10:31:54.998463232+00:00,2020-12-04 10:32:00.298463232+00:00,False,
2020-12-04 10:34:15.111484416+00:00,2020-12-04 10:34:20.411484416+00:00,False,
2020-12-04 10:45:30.043372288+00:00,2020-12-04 10:45:35.343372288+00:00,False,
2020-12-04 10:46:25.048235008+00:00,2020-12-04 10:46:30.348235008+00:00,False,
2020-12-04 10:46:45.051333120+00:00,2020-12-04 10:46:50.351333120+00:00,False,
2020-12-04 11:02:00.005584640+00:00,2020-12-04 11:02:05.305584640+00:00,False,
2020-12-04 11:07:09.964842496+00:00,2020-12-04 11:07:15.264842496+00:00,False,
2020-12-04 11:20:34.903152384+00:00,2020-12-04 11:20:40.203152384+00:00,False,
2020-12-04 11:41:19.921273600+00:00,2020-12-04 11:41:25.221273600+00:00,True,s
2020-12-04 11:41:30.899036160+00:00,2020-12-04 11:41:36.199036160+00:00,True,f
2020-12-04 11:43:45.476105984+00:00,2020-12-04 11:43:50.776105984+00:00,False,
2020-12-04 11:45:04.921611008+00:00,2020-12-04 11:45:10.221611008+00:00,False,
2020-12-04 12:07:15.228028928+00:00,2020-12-04 12:07:20.528028928+00:00,False,
2020-12-04 12:08:04.741996800+00:00,2020-12-04 12:08:10.041996800+00:00,False,
2020-12-04 12:16:54.740272640+00:00,2020-12-04 12:17:00.040272640+00:00,False,
2020-12-04 12:26:15.450777600+00:00,2020-12-04 12:26:20.750777600+00:00,False,
2020-12-04 12:26:29.833865472+00:00,2020-12-04 12:26:35.133865472+00:00,False,
2020-12-04 12:28:59.838829568+00:00,2020-12-04 12:29:05.138829568+00:00,True,s
2020-12-04 12:44:54.973649920+00:00,2020-12-04 12:45:00.273649920+00:00,False,
2020-12-04 12:46:15.233104896+00:00,2020-12-04 12:46:20.533104896+00:00,False,
2020-12-04 12:46:25.231148032+00:00,2020-12-04 12:46:30.531148032+00:00,False,
2020-12-04 12:48:10.001567232+00:00,2020-12-04 12:48:15.301567232+00:00,False,
2020-12-04 12:49:35.195116032+00:00,2020-12-04 12:49:40.495116032+00:00,False,
2020-12-04 12:53:45.642554624+00:00,2020-12-04 12:53:50.942554624+00:00,True,s
2020-12-04 12:55:10.019369984+00:00,2020-12-04 12:55:15.319369984+00:00,False,
2020-12-04 12:57:05.022673920+00:00,2020-12-04 12:57:10.322673920+00:00,False,
2020-12-04 13:01:14.990964736+00:00,2020-12-04 13:01:20.290964736+00:00,False,
2020-12-04 13:04:55.056342272+00:00,2020-12-04 13:05:00.356342272+00:00,True,s
2020-12-04 13:09:49.071717888+00:00,2020-12-04 13:09:54.371717888+00:00,False,
2020-12-04 13:10:29.069988352+00:00,2020-12-04 13:10:34.369988352+00:00,False,
2020-12-04 13:13:55.044113152+00:00,2020-12-04 13:14:00.344113152+00:00,False,
2020-12-04 13:16:45.016756480+00:00,2020-12-04 13:16:50.316756480+00:00,False,
2020-12-04 13:17:55.016286208+00:00,2020-12-04 13:18:00.316286208+00:00,False,
2020-12-04 13:19:20.003721472+00:00,2020-12-04 13:19:25.303721472+00:00,False,
2020-12-04 13:19:49.919193856+00:00,2020-12-04 13:19:55.219193856+00:00,False,
2020-12-04 13:22:00.006154496+00:00,2020-12-04 13:22:05.306154496+00:00,False,
2020-12-04 13:27:35.078384640+00:00,2020-12-04 13:27:40.378384640+00:00,False,
2020-12-04 13:28:04.085250816+00:00,2020-12-04 13:28:09.385250816+00:00,False,
2020-12-04 13:33:15.135908608+00:00,2020-12-04 13:33:20.435908608+00:00,False,
2020-12-04 13:37:47.206338048+00:00,2020-12-04 13:37:52.506338048+00:00,False,
2020-12-04 13:41:54.990328064+00:00,2020-12-04 13:42:00.290328064+00:00,False,
2020-12-04 13:43:40.612214272+00:00,2020-12-04 13:43:45.912214272+00:00,False,
2020-12-04 13:48:28.458651392+00:00,2020-12-04 13:48:33.758651392+00:00,False,
2020-12-04 13:50:04.832449792+00:00,2020-12-04 13:50:10.132449792+00:00,True,s
2020-12-04 14:06:46.413540096+00:00,2020-12-04 14:06:51.713540096+00:00,False,
2020-12-04 14:06:54.713621248+00:00,2020-12-04 14:07:00.013621248+00:00,False,
2020-12-04 14:11:29.672136192+00:00,2020-12-04 14:11:34.972136192+00:00,False,
2020-12-04 14:15:49.804289792+00:00,2020-12-04 14:15:55.104289792+00:00,False,
2020-12-04 14:18:01.488448256+00:00,2020-12-04 14:18:06.788448256+00:00,False,
2020-12-04 14:21:11.471066112+00:00,2020-12-04 14:21:16.771066112+00:00,False,
2020-12-04 14:23:46.516362496+00:00,2020-12-04 14:23:51.816362496+00:00,False,
2020-12-04 14:25:54.713574144+00:00,2020-12-04 14:26:00.013574144+00:00,False,
2020-12-04 14:26:56.845755392+00:00,2020-12-04 14:27:02.145755392+00:00,False,
2020-12-04 14:28:24.634289920+00:00,2020-12-04 14:28:29.934289920+00:00,False,
2020-12-04 14:48:29.249015808+00:00,2020-12-04 14:48:34.549015808+00:00,False,
2020-12-04 14:49:21.847686656+00:00,2020-12-04 14:49:27.147686656+00:00,False,
2020-12-04 14:57:37.142921984+00:00,2020-12-04 14:57:42.442921984+00:00,False,
2020-12-04 15:00:16.940665856+00:00,2020-12-04 15:00:22.240665856+00:00,False,
2020-12-04 15:00:31.943490304+00:00,2020-12-04 15:00:37.243490304+00:00,False,
2020-12-04 15:02:29.096374784+00:00,2020-12-04 15:02:34.396374784+00:00,False,
2020-12-04 15:07:29.043805184+00:00,2020-12-04 15:07:34.343805184+00:00,False,
2020-12-04 15:22:55.470550016+00:00,2020-12-04 15:23:00.770550016+00:00,True,s
2020-12-04 15:32:37.720997120+00:00,2020-12-04 15:32:43.020997120+00:00,False,
2020-12-04 15:50:57.212468736+00:00,2020-12-04 15:51:02.512468736+00:00,False,
2020-12-04 16:18:08.366292736+00:00,2020-12-04 16:18:13.666292736+00:00,False,
2020-12-04 16:18:20.759478272+00:00,2020-12-04 16:18:26.059478272+00:00,False,
2020-12-04 16:18:44.033803776+00:00,2020-12-04 16:18:49.333803776+00:00,False,
2020-12-04 16:18:51.964235264+00:00,2020-12-04 16:18:57.264235264+00:00,False,
2020-12-04 16:26:59.849771008+00:00,2020-12-04 16:27:05.149771008+00:00,True,s
2020-12-04 16:36:21.272681728+00:00,2020-12-04 16:36:26.572681728+00:00,False,
2020-12-04 16:43:07.646115840+00:00,2020-12-04 16:43:12.946115840+00:00,False,
2020-12-04 16:44:02.069044736+00:00,2020-12-04 16:44:07.369044736+00:00,False,
2020-12-04 16:53:02.085321728+00:00,2020-12-04 16:53:07.385321728+00:00,False,
2020-12-05 00:45:39.660779520+00:00,2020-12-05 00:45:44.960779520+00:00,False,
2020-12-05 00:56:59.545894144+00:00,2020-12-05 00:57:04.845894144+00:00,False,
2020-12-05 01:01:49.499413504+00:00,2020-12-05 01:01:54.799413504+00:00,False,
2020-12-05 01:04:24.472210432+00:00,2020-12-05 01:04:29.772210432+00:00,False,
2020-12-05 01:04:59.465635840+00:00,2020-12-05 01:05:04.765635840+00:00,False,
2020-12-05 01:07:24.324804096+00:00,2020-12-05 01:07:29.624804096+00:00,False,
2020-12-05 01:07:47.682080+00:00,2020-12-05 01:07:52.982080+00:00,False,
2020-12-05 01:12:23.318211328+00:00,2020-12-05 01:12:28.618211328+00:00,False,
2020-12-05 01:14:34.531441664+00:00,2020-12-05 01:14:39.831441664+00:00,False,
2020-12-05 01:21:07.539526656+00:00,2020-12-05 01:21:12.839526656+00:00,False,
2020-12-05 01:22:39.535440384+00:00,2020-12-05 01:22:44.835440384+00:00,False,
2020-12-05 01:23:24.652271104+00:00,2020-12-05 01:23:29.952271104+00:00,False,
2020-12-05 01:30:17.525145856+00:00,2020-12-05 01:30:22.825145856+00:00,False,
2020-12-05 01:31:24.538635264+00:00,2020-12-05 01:31:29.838635264+00:00,False,
2020-12-05 01:32:24.539771392+00:00,2020-12-05 01:32:29.839771392+00:00,False,
2020-12-05 01:37:14.530342656+00:00,2020-12-05 01:37:19.830342656+00:00,False,
2020-12-05 01:37:34.658456576+00:00,2020-12-05 01:37:39.958456576+00:00,False,
2020-12-05 01:42:12.565415936+00:00,2020-12-05 01:42:17.865415936+00:00,False,
2020-12-05 01:42:49.573321472+00:00,2020-12-05 01:42:54.873321472+00:00,False,
2020-12-05 01:44:22.584085760+00:00,2020-12-05 01:44:27.884085760+00:00,False,
2020-12-05 01:48:39.632430080+00:00,2020-12-05 01:48:44.932430080+00:00,False,
2020-12-05 01:48:54.614903040+00:00,2020-12-05 01:48:59.914903040+00:00,False,
2020-12-05 01:50:45.530076928+00:00,2020-12-05 01:50:50.830076928+00:00,False,
2020-12-05 01:53:29.655054592+00:00,2020-12-05 01:53:34.955054592+00:00,False,
2020-12-05 01:55:14.677209088+00:00,2020-12-05 01:55:19.977209088+00:00,False,
2020-12-05 02:00:02.710340096+00:00,2020-12-05 02:00:08.010340096+00:00,False,
2020-12-05 02:03:59.753162496+00:00,2020-12-05 02:04:05.053162496+00:00,False,
2020-12-05 02:06:37.760338944+00:00,2020-12-05 02:06:43.060338944+00:00,False,
2020-12-05 02:07:09.771693056+00:00,2020-12-05 02:07:15.071693056+00:00,False,
2020-12-05 02:11:39.835336960+00:00,2020-12-05 02:11:45.135336960+00:00,False,
2020-12-05 02:12:37.850691840+00:00,2020-12-05 02:12:43.150691840+00:00,False,
2020-12-05 02:13:02.858801920+00:00,2020-12-05 02:13:08.158801920+00:00,False,
2020-12-05 02:16:19.956262912+00:00,2020-12-05 02:16:25.256262912+00:00,False,
2020-12-05 02:23:05.118068992+00:00,2020-12-05 02:23:10.418068992+00:00,False,
2020-12-05 02:23:25.138953216+00:00,2020-12-05 02:23:30.438953216+00:00,False,
2020-12-05 02:24:10.644098304+00:00,2020-12-05 02:24:15.944098304+00:00,False,
2020-12-05 02:28:40.637646336+00:00,2020-12-05 02:28:45.937646336+00:00,False,
2020-12-05 02:36:18.944834048+00:00,2020-12-05 02:36:24.244834048+00:00,True,s
2020-12-05 02:49:35.627397376+00:00,2020-12-05 02:49:40.927397376+00:00,False,
2020-12-05 02:55:35.437863168+00:00,2020-12-05 02:55:40.737863168+00:00,False,
2020-12-05 02:57:23.791920128+00:00,2020-12-05 02:57:29.091920128+00:00,True,s
2020-12-05 03:02:53.449156352+00:00,2020-12-05 03:02:58.749156352+00:00,False,
2020-12-05 03:04:10.491234048+00:00,2020-12-05 03:04:15.791234048+00:00,False,
2020-12-05 03:12:30.703542272+00:00,2020-12-05 03:12:36.003542272+00:00,False,
2020-12-05 03:21:05.266998528+00:00,2020-12-05 03:21:10.566998528+00:00,False,
2020-12-05 03:21:15.264791808+00:00,2020-12-05 03:21:20.564791808+00:00,False,
2020-12-05 03:21:55.257961472+00:00,2020-12-05 03:22:00.557961472+00:00,False,
2020-12-05 03:26:41.210545152+00:00,2020-12-05 03:26:46.510545152+00:00,False,
2020-12-05 17:32:42.754771200+00:00,2020-12-05 17:32:48.054771200+00:00,False,
2020-12-05 17:38:28.574562048+00:00,2020-12-05 17:38:33.874562048+00:00,False,
2020-12-05 17:54:08.305472768+00:00,2020-12-05 17:54:13.605472768+00:00,False,
2020-12-05 18:02:54.391144192+00:00,2020-12-05 18:02:59.691144192+00:00,True,s
2020-12-05 18:20:12.245579264+00:00,2020-12-05 18:20:17.545579264+00:00,False,
2020-12-05 18:22:42.216138496+00:00,2020-12-05 18:22:47.516138496+00:00,False,
2020-12-05 18:28:57.158752512+00:00,2020-12-05 18:29:02.458752512+00:00,False,
2020-12-05 18:36:05.662586368+00:00,2020-12-05 18:36:10.962586368+00:00,False,
2020-12-05 18:38:02.074362112+00:00,2020-12-05 18:38:07.374362112+00:00,False,
2020-12-05 18:39:12.908046592+00:00,2020-12-05 18:39:18.208046592+00:00,False,
2020-12-05 18:48:43.199465216+00:00,2020-12-05 18:48:48.499465216+00:00,False,
2020-12-05 18:54:37.740425984+00:00,2020-12-05 18:54:43.040425984+00:00,False,
2020-12-05 19:00:52.829085952+00:00,2020-12-05 19:00:58.129085952+00:00,False,
2020-12-05 19:01:27.826271488+00:00,2020-12-05 19:01:33.126271488+00:00,False,
2020-12-05 19:03:06.867644160+00:00,2020-12-05 19:03:12.167644160+00:00,False,
2020-12-05 19:07:16.679897856+00:00,2020-12-05 19:07:21.979897856+00:00,True,s
2020-12-05 19:10:53.966434560+00:00,2020-12-05 19:10:59.266434560+00:00,True,s
2020-12-05 19:17:26.956284928+00:00,2020-12-05 19:17:32.256284928+00:00,False,
2020-12-05 19:23:14.896297984+00:00,2020-12-05 19:23:20.196297984+00:00,False,
2020-12-05 19:23:56.890777344+00:00,2020-12-05 19:24:02.190777344+00:00,False,
2020-12-05 19:26:51.862530304+00:00,2020-12-05 19:26:57.162530304+00:00,False,
2020-12-05 19:32:51.497795328+00:00,2020-12-05 19:32:56.797795328+00:00,False,
2020-12-05 19:34:31.778884096+00:00,2020-12-05 19:34:37.078884096+00:00,False,
2020-12-05 19:35:26.769985536+00:00,2020-12-05 19:35:32.069985536+00:00,False,
2020-12-05 19:37:26.747850496+00:00,2020-12-05 19:37:32.047850496+00:00,False,
2020-12-05 19:42:31.979817728+00:00,2020-12-05 19:42:37.279817728+00:00,False,
2020-12-05 19:48:41.892847872+00:00,2020-12-05 19:48:47.192847872+00:00,False,
2020-12-05 20:02:32.519541504+00:00,2020-12-05 20:02:37.819541504+00:00,False,
2020-12-05 20:03:36.514379264+00:00,2020-12-05 20:03:41.814379264+00:00,False,
2020-12-05 20:04:01.957518080+00:00,2020-12-05 20:04:07.257518080+00:00,False,
2020-12-05 20:06:56.493289984+00:00,2020-12-05 20:07:01.793289984+00:00,False,
2020-12-05 20:07:56.483973376+00:00,2020-12-05 20:08:01.783973376+00:00,False,
2020-12-05 20:15:56.434048256+00:00,2020-12-05 20:16:01.734048256+00:00,False,
2020-12-05 20:18:43.404201728+00:00,2020-12-05 20:18:48.704201728+00:00,True,s
2020-12-05 20:20:06.760481536+00:00,2020-12-05 20:20:12.060481536+00:00,False,
2020-12-05 20:20:26.395174912+00:00,2020-12-05 20:20:31.695174912+00:00,False,
2020-12-05 20:30:49.366105856+00:00,2020-12-05 20:30:54.666105856+00:00,True,s
2020-12-05 20:31:09.359747328+00:00,2020-12-05 20:31:14.659747328+00:00,True,f
2020-12-05 20:34:12.354028800+00:00,2020-12-05 20:34:17.654028800+00:00,False,
2020-12-05 20:35:36.331389952+00:00,2020-12-05 20:35:41.631389952+00:00,False,
2020-12-05 20:36:11.329294080+00:00,2020-12-05 20:36:16.629294080+00:00,False,
2020-12-05 20:36:36.321875712+00:00,2020-12-05 20:36:41.621875712+00:00,False,
2020-12-05 20:37:21.315195392+00:00,2020-12-05 20:37:26.615195392+00:00,False,
2020-12-05 20:38:28.300854016+00:00,2020-12-05 20:38:33.600854016+00:00,True,s
2020-12-05 20:41:01.667710720+00:00,2020-12-05 20:41:06.967710720+00:00,False,
2020-12-05 20:43:41.248468992+00:00,2020-12-05 20:43:46.548468992+00:00,False,
2020-12-05 20:44:21.241085696+00:00,2020-12-05 20:44:26.541085696+00:00,False,
2020-12-05 20:48:01.200778496+00:00,2020-12-05 20:48:06.500778496+00:00,False,
2020-12-05 20:50:26.814468864+00:00,2020-12-05 20:50:32.114468864+00:00,False,
2020-12-05 20:52:22.143179520+00:00,2020-12-05 20:52:27.443179520+00:00,False,
2020-12-05 20:52:40.110103552+00:00,2020-12-05 20:52:45.410103552+00:00,False,
2020-12-05 20:55:16.125338112+00:00,2020-12-05 20:55:21.425338112+00:00,False,
2020-12-05 20:57:16.115881984+00:00,2020-12-05 20:57:21.415881984+00:00,False,
2020-12-05 20:59:16.095689216+00:00,2020-12-05 20:59:21.395689216+00:00,False,
2020-12-05 21:03:11.053507840+00:00,2020-12-05 21:03:16.353507840+00:00,False,
2020-12-05 21:07:38.019837696+00:00,2020-12-05 21:07:43.319837696+00:00,False,
2020-12-05 21:08:50.998802944+00:00,2020-12-05 21:08:56.298802944+00:00,False,
2020-12-05 21:28:35.790136320+00:00,2020-12-05 21:28:41.090136320+00:00,False,
2020-12-05 21:31:53.761990400+00:00,2020-12-05 21:31:59.061990400+00:00,False,
2020-12-05 21:32:53.751214592+00:00,2020-12-05 21:32:59.051214592+00:00,False,
2020-12-05 21:34:25.742997504+00:00,2020-12-05 21:34:31.042997504+00:00,False,
2020-12-05 21:46:46.543149824+00:00,2020-12-05 21:46:51.843149824+00:00,False,
2020-12-05 21:59:46.253268224+00:00,2020-12-05 21:59:51.553268224+00:00,False,
2020-12-05 22:06:10.403378432+00:00,2020-12-05 22:06:15.703378432+00:00,False,
2020-12-05 22:18:25.282504192+00:00,2020-12-05 22:18:30.582504192+00:00,False,
2020-12-05 22:23:45.242409728+00:00,2020-12-05 22:23:50.542409728+00:00,False,
2020-12-05 22:25:30.227722496+00:00,2020-12-05 22:25:35.527722496+00:00,False,
2020-12-05 22:29:55.225278208+00:00,2020-12-05 22:30:00.525278208+00:00,False,
2020-12-05 22:31:32.194703104+00:00,2020-12-05 22:31:37.494703104+00:00,True,s
2020-12-05 22:34:17.846720+00:00,2020-12-05 22:34:23.146720+00:00,False,
2020-12-05 22:44:30.925535744+00:00,2020-12-05 22:44:36.225535744+00:00,False,
2020-12-05 22:44:45.484298240+00:00,2020-12-05 22:44:50.784298240+00:00,False,
2020-12-05 22:46:00.016577792+00:00,2020-12-05 22:46:05.316577792+00:00,False,
2020-12-05 22:48:18.025135872+00:00,2020-12-05 22:48:23.325135872+00:00,True,f
2020-12-05 22:50:10.079957248+00:00,2020-12-05 22:50:15.379957248+00:00,False,
2020-12-05 22:55:55.245379584+00:00,2020-12-05 22:56:00.545379584+00:00,False,
2020-12-05 22:57:30.298792448+00:00,2020-12-05 22:57:35.598792448+00:00,False,
2020-12-05 23:03:15.445009664+00:00,2020-12-05 23:03:20.745009664+00:00,False,
2020-12-05 23:05:20.505978368+00:00,2020-12-05 23:05:25.805978368+00:00,False,
2020-12-05 23:11:50.746618624+00:00,2020-12-05 23:11:56.046618624+00:00,False,
2020-12-05 23:13:55.647395328+00:00,2020-12-05 23:14:00.947395328+00:00,False,
2020-12-05 23:17:51.293443840+00:00,2020-12-05 23:17:56.593443840+00:00,False,
2020-12-05 23:24:35.950947584+00:00,2020-12-05 23:24:41.250947584+00:00,False,
2020-12-05 23:24:53.709143296+00:00,2020-12-05 23:24:59.009143296+00:00,True,s
2020-12-05 23:25:35.636046080+00:00,2020-12-05 23:25:40.936046080+00:00,False,
2020-12-05 23:25:45.980824832+00:00,2020-12-05 23:25:51.280824832+00:00,False,
2020-12-05 23:29:01.076896256+00:00,2020-12-05 23:29:06.376896256+00:00,False,
2020-12-05 23:31:01.126097664+00:00,2020-12-05 23:31:06.426097664+00:00,False,
2020-12-05 23:35:51.216775680+00:00,2020-12-05 23:35:56.516775680+00:00,False,
2020-12-05 23:39:16.278977024+00:00,2020-12-05 23:39:21.578977024+00:00,False,
2020-12-05 23:44:11.422112+00:00,2020-12-05 23:44:16.722112+00:00,False,
2020-12-05 23:44:26.428858112+00:00,2020-12-05 23:44:31.728858112+00:00,False,
2020-12-05 23:45:36.465579776+00:00,2020-12-05 23:45:41.765579776+00:00,False,
2020-12-05 23:46:01.487130880+00:00,2020-12-05 23:46:06.787130880+00:00,False,
2020-12-05 23:47:16.512196608+00:00,2020-12-05 23:47:21.812196608+00:00,False,
2020-12-05 23:50:13.628557056+00:00,2020-12-05 23:50:18.928557056+00:00,True,s
2020-12-05 23:53:00.343786496+00:00,2020-12-05 23:53:05.643786496+00:00,False,
2020-12-05 23:55:46.819902976+00:00,2020-12-05 23:55:52.119902976+00:00,False,
2020-12-05 23:55:56.828545024+00:00,2020-12-05 23:56:02.128545024+00:00,False,
2020-12-05 23:57:11.878057984+00:00,2020-12-05 23:57:17.178057984+00:00,False,
2020-12-06 00:01:25.248829440+00:00,2020-12-06 00:01:30.548829440+00:00,False,
2020-12-06 00:10:42.581633024+00:00,2020-12-06 00:10:47.881633024+00:00,False,
2020-12-06 00:12:40.200662272+00:00,2020-12-06 00:12:45.500662272+00:00,False,
2020-12-06 00:14:40.217889536+00:00,2020-12-06 00:14:45.517889536+00:00,False,
2020-12-06 00:15:07.229684480+00:00,2020-12-06 00:15:12.529684480+00:00,False,
2020-12-06 00:16:55.241080832+00:00,2020-12-06 00:17:00.541080832+00:00,False,
2020-12-06 00:23:27.273754880+00:00,2020-12-06 00:23:32.573754880+00:00,False,
2020-12-06 00:25:27.292634624+00:00,2020-12-06 00:25:32.592634624+00:00,False,
2020-12-06 00:28:27.520434688+00:00,2020-12-06 00:28:32.820434688+00:00,False,
2020-12-06 00:28:35.766134528+00:00,2020-12-06 00:28:41.066134528+00:00,False,
2020-12-06 00:29:57.360641280+00:00,2020-12-06 00:30:02.660641280+00:00,False,
2020-12-06 00:30:12.362617600+00:00,2020-12-06 00:30:17.662617600+00:00,False,
2020-12-06 00:30:27.367875584+00:00,2020-12-06 00:30:32.667875584+00:00,False,
2020-12-06 00:31:15.735550976+00:00,2020-12-06 00:31:21.035550976+00:00,False,
2020-12-06 00:31:25.733344512+00:00,2020-12-06 00:31:31.033344512+00:00,False,
2020-12-06 00:32:25.721742592+00:00,2020-12-06 00:32:31.021742592+00:00,False,
2020-12-06 00:33:15.421242624+00:00,2020-12-06 00:33:20.721242624+00:00,True,f
2020-12-06 00:44:35.461215232+00:00,2020-12-06 00:44:40.761215232+00:00,False,
2020-12-06 00:54:35.147706880+00:00,2020-12-06 00:54:40.447706880+00:00,False,
2020-12-06 00:55:52.926507008+00:00,2020-12-06 00:55:58.226507008+00:00,False,
2020-12-06 01:00:25.714035712+00:00,2020-12-06 01:00:31.014035712+00:00,False,
2020-12-06 01:01:17.962154496+00:00,2020-12-06 01:01:23.262154496+00:00,False,
2020-12-06 01:20:08.258395136+00:00,2020-12-06 01:20:13.558395136+00:00,False,
2020-12-06 01:20:20.462666752+00:00,2020-12-06 01:20:25.762666752+00:00,False,
2020-12-06 01:36:00.047746816+00:00,2020-12-06 01:36:05.347746816+00:00,False,
2020-12-06 01:36:08.277201664+00:00,2020-12-06 01:36:13.577201664+00:00,False,
2020-12-06 01:37:05.281990912+00:00,2020-12-06 01:37:10.581990912+00:00,False,
2020-12-06 01:37:23.289382400+00:00,2020-12-06 01:37:28.589382400+00:00,False,
2020-12-06 01:38:50.951143680+00:00,2020-12-06 01:38:56.251143680+00:00,False,
2020-12-06 01:43:08.351289344+00:00,2020-12-06 01:43:13.651289344+00:00,False,
2020-12-06 01:52:03.422300416+00:00,2020-12-06 01:52:08.722300416+00:00,True,s
2020-12-06 01:52:48.441611520+00:00,2020-12-06 01:52:53.741611520+00:00,False,
2020-12-06 01:55:43.461450496+00:00,2020-12-06 01:55:48.761450496+00:00,False,
2020-12-06 01:55:53.458567424+00:00,2020-12-06 01:55:58.758567424+00:00,False,
2020-12-06 02:07:23.538114560+00:00,2020-12-06 02:07:28.838114560+00:00,False,
2020-12-06 02:07:48.538637312+00:00,2020-12-06 02:07:53.838637312+00:00,False,
2020-12-06 02:18:03.649848064+00:00,2020-12-06 02:18:08.949848064+00:00,False,
2020-12-06 02:19:28.657673472+00:00,2020-12-06 02:19:33.957673472+00:00,False,
2020-12-06 02:22:20.671356160+00:00,2020-12-06 02:22:25.971356160+00:00,True,s
2020-12-06 02:23:33.677091584+00:00,2020-12-06 02:23:38.977091584+00:00,False,
2020-12-06 02:24:58.676426752+00:00,2020-12-06 02:25:03.976426752+00:00,False,
2020-12-06 02:25:08.680457216+00:00,2020-12-06 02:25:13.980457216+00:00,False,
2020-12-06 02:26:23.685781248+00:00,2020-12-06 02:26:28.985781248+00:00,False,
2020-12-06 02:28:53.679256320+00:00,2020-12-06 02:28:58.979256320+00:00,False,
2020-12-06 02:31:33.705924096+00:00,2020-12-06 02:31:39.005924096+00:00,False,
2020-12-06 02:50:08.900193536+00:00,2020-12-06 02:50:14.200193536+00:00,False,
2020-12-06 02:50:34.034730496+00:00,2020-12-06 02:50:39.334730496+00:00,False,
2020-12-06 02:52:13.913567488+00:00,2020-12-06 02:52:19.213567488+00:00,False,
2020-12-06 03:07:09.106514944+00:00,2020-12-06 03:07:14.406514944+00:00,False,
2020-12-06 03:09:39.108392960+00:00,2020-12-06 03:09:44.408392960+00:00,False,
2020-12-06 03:13:19.094640128+00:00,2020-12-06 03:13:24.394640128+00:00,False,
2020-12-06 03:16:14.088605184+00:00,2020-12-06 03:16:19.388605184+00:00,False,
2020-12-06 03:17:24.098285824+00:00,2020-12-06 03:17:29.398285824+00:00,False,
2020-12-06 03:18:14.212938240+00:00,2020-12-06 03:18:19.512938240+00:00,False,
2020-12-06 03:19:44.092777984+00:00,2020-12-06 03:19:49.392777984+00:00,False,
2020-12-06 03:25:16.064797440+00:00,2020-12-06 03:25:21.364797440+00:00,False,
2020-12-06 03:34:44.447038720+00:00,2020-12-06 03:34:49.747038720+00:00,False,
2020-12-06 03:37:08.987657216+00:00,2020-12-06 03:37:14.287657216+00:00,False,
2020-12-06 03:41:48.950223360+00:00,2020-12-06 03:41:54.250223360+00:00,False,
2020-12-06 03:42:30.981653248+00:00,2020-12-06 03:42:36.281653248+00:00,False,
2020-12-06 03:52:33.839955968+00:00,2020-12-06 03:52:39.139955968+00:00,False,
2020-12-06 03:52:48.836142848+00:00,2020-12-06 03:52:54.136142848+00:00,False,
2020-12-06 03:53:18.831019008+00:00,2020-12-06 03:53:24.131019008+00:00,False,
2020-12-06 04:05:50.677974528+00:00,2020-12-06 04:05:55.977974528+00:00,False,
2020-12-06 04:10:23.678317568+00:00,2020-12-06 04:10:28.978317568+00:00,False,
2020-12-06 04:21:53.556442880+00:00,2020-12-06 04:21:58.856442880+00:00,False,
2020-12-06 04:23:16.301640448+00:00,2020-12-06 04:23:21.601640448+00:00,False,
2020-12-06 04:24:45.465265152+00:00,2020-12-06 04:24:50.765265152+00:00,False,
2020-12-06 04:25:13.519625728+00:00,2020-12-06 04:25:18.819625728+00:00,False,
2020-12-06 04:32:03.447923968+00:00,2020-12-06 04:32:08.747923968+00:00,True,f
2020-12-06 04:35:13.417701376+00:00,2020-12-06 04:35:18.717701376+00:00,False,
2020-12-06 04:35:35.348701952+00:00,2020-12-06 04:35:40.648701952+00:00,False,
2020-12-06 04:42:38.349175296+00:00,2020-12-06 04:42:43.649175296+00:00,False,
2020-12-06 04:44:58.326709248+00:00,2020-12-06 04:45:03.626709248+00:00,False,
2020-12-06 04:55:33.234146048+00:00,2020-12-06 04:55:38.534146048+00:00,False,
2020-12-06 04:59:59.127399936+00:00,2020-12-06 05:00:04.427399936+00:00,True,f
2020-12-06 05:00:18.190214912+00:00,2020-12-06 05:00:23.490214912+00:00,True,s
2020-12-06 05:00:48.191150848+00:00,2020-12-06 05:00:53.491150848+00:00,False,
2020-12-06 05:03:13.144433920+00:00,2020-12-06 05:03:18.444433920+00:00,False,
2020-12-06 05:06:17.615145216+00:00,2020-12-06 05:06:22.915145216+00:00,True,f
2020-12-06 17:11:06.735529472+00:00,2020-12-06 17:11:12.035529472+00:00,False,
2020-12-06 17:15:27.750907136+00:00,2020-12-06 17:15:33.050907136+00:00,False,
2020-12-06 17:18:55.789376+00:00,2020-12-06 17:19:01.089376+00:00,False,
2020-12-06 17:26:50.708934144+00:00,2020-12-06 17:26:56.008934144+00:00,False,
2020-12-06 17:45:54.339729152+00:00,2020-12-06 17:45:59.639729152+00:00,False,
2020-12-06 17:55:30.423319296+00:00,2020-12-06 17:55:35.723319296+00:00,False,
2020-12-06 17:56:40.411147520+00:00,2020-12-06 17:56:45.711147520+00:00,False,
2020-12-06 18:05:15.578146816+00:00,2020-12-06 18:05:20.878146816+00:00,False,
2020-12-06 18:09:25.298490624+00:00,2020-12-06 18:09:30.598490624+00:00,False,
2020-12-06 18:10:25.474391296+00:00,2020-12-06 18:10:30.774391296+00:00,False,
2020-12-06 18:12:48.571914240+00:00,2020-12-06 18:12:53.871914240+00:00,True,f
2020-12-06 18:13:10.272183040+00:00,2020-12-06 18:13:15.572183040+00:00,False,
2020-12-06 18:15:52.348309504+00:00,2020-12-06 18:15:57.648309504+00:00,False,
2020-12-06 18:17:00.233917696+00:00,2020-12-06 18:17:05.533917696+00:00,False,
2020-12-06 18:18:30.406252288+00:00,2020-12-06 18:18:35.706252288+00:00,False,
2020-12-06 18:25:16.140534528+00:00,2020-12-06 18:25:21.440534528+00:00,False,
2020-12-06 18:33:25.064644352+00:00,2020-12-06 18:33:30.364644352+00:00,False,
2020-12-06 18:35:40.037289472+00:00,2020-12-06 18:35:45.337289472+00:00,False,
2020-12-06 18:37:35.020063488+00:00,2020-12-06 18:37:40.320063488+00:00,False,
2020-12-06 18:37:45.018094848+00:00,2020-12-06 18:37:50.318094848+00:00,False,
2020-12-06 18:38:46.375880448+00:00,2020-12-06 18:38:51.675880448+00:00,True,s
2020-12-06 18:46:40.911338752+00:00,2020-12-06 18:46:46.211338752+00:00,False,
2020-12-06 18:53:29.868420096+00:00,2020-12-06 18:53:35.168420096+00:00,False,
2020-12-06 18:59:33.585391360+00:00,2020-12-06 18:59:38.885391360+00:00,True,s
2020-12-06 19:04:56.441803776+00:00,2020-12-06 19:05:01.741803776+00:00,False,
2020-12-06 19:16:29.640652288+00:00,2020-12-06 19:16:34.940652288+00:00,False,
2020-12-06 19:17:39.627696128+00:00,2020-12-06 19:17:44.927696128+00:00,False,
2020-12-06 19:26:44.535685120+00:00,2020-12-06 19:26:49.835685120+00:00,False,
2020-12-06 19:30:11.208255232+00:00,2020-12-06 19:30:16.508255232+00:00,True,s
2020-12-06 19:33:29.476533760+00:00,2020-12-06 19:33:34.776533760+00:00,False,
2020-12-06 19:35:10.374229248+00:00,2020-12-06 19:35:15.674229248+00:00,False,
2020-12-06 19:36:25.360895232+00:00,2020-12-06 19:36:30.660895232+00:00,False,
2020-12-06 19:38:29.415227904+00:00,2020-12-06 19:38:34.715227904+00:00,False,
2020-12-06 19:45:00.263480576+00:00,2020-12-06 19:45:05.563480576+00:00,False,
2020-12-06 19:54:44.267379456+00:00,2020-12-06 19:54:49.567379456+00:00,False,
2020-12-06 19:55:50.142127360+00:00,2020-12-06 19:55:55.442127360+00:00,False,
2020-12-06 19:56:09.235856896+00:00,2020-12-06 19:56:14.535856896+00:00,False,
2020-12-06 19:56:37.996184064+00:00,2020-12-06 19:56:43.296184064+00:00,False,
2020-12-06 20:01:59.271345920+00:00,2020-12-06 20:02:04.571345920+00:00,False,
2020-12-06 20:02:39.175068928+00:00,2020-12-06 20:02:44.475068928+00:00,False,
2020-12-06 20:07:30.761406976+00:00,2020-12-06 20:07:36.061406976+00:00,True,s
2020-12-06 20:08:24.114102272+00:00,2020-12-06 20:08:29.414102272+00:00,False,
2020-12-06 20:09:19.103566592+00:00,2020-12-06 20:09:24.403566592+00:00,False,
2020-12-06 20:19:54.009289472+00:00,2020-12-06 20:19:59.309289472+00:00,False,
2020-12-06 20:25:04.818037504+00:00,2020-12-06 20:25:10.118037504+00:00,False,
2020-12-06 20:27:58.927375616+00:00,2020-12-06 20:28:04.227375616+00:00,False,
2020-12-06 20:29:23.930874368+00:00,2020-12-06 20:29:29.230874368+00:00,False,
2020-12-06 20:44:43.777554688+00:00,2020-12-06 20:44:49.077554688+00:00,False,
2020-12-06 20:49:39.398297856+00:00,2020-12-06 20:49:44.698297856+00:00,False,
2020-12-06 20:54:28.681064704+00:00,2020-12-06 20:54:33.981064704+00:00,False,
2020-12-06 20:55:38.667910400+00:00,2020-12-06 20:55:43.967910400+00:00,False,
2020-12-06 20:58:48.646755072+00:00,2020-12-06 20:58:53.946755072+00:00,False,
2020-12-06 21:20:43.505377792+00:00,2020-12-06 21:20:48.805377792+00:00,False,
2020-12-06 21:23:46.391610624+00:00,2020-12-06 21:23:51.691610624+00:00,False,
2020-12-06 21:24:36.382545152+00:00,2020-12-06 21:24:41.682545152+00:00,False,
2020-12-06 21:25:48.464557568+00:00,2020-12-06 21:25:53.764557568+00:00,False,
2020-12-06 21:35:23.366394880+00:00,2020-12-06 21:35:28.666394880+00:00,False,
2020-12-06 21:39:03.328035072+00:00,2020-12-06 21:39:08.628035072+00:00,False,
2020-12-06 21:46:03.317289472+00:00,2020-12-06 21:46:08.617289472+00:00,False,
2020-12-06 22:02:04.247770368+00:00,2020-12-06 22:02:09.547770368+00:00,False,
2020-12-06 22:02:11.715965440+00:00,2020-12-06 22:02:17.015965440+00:00,False,
2020-12-06 22:03:36.700132352+00:00,2020-12-06 22:03:42.000132352+00:00,False,
2020-12-06 22:04:13.127432448+00:00,2020-12-06 22:04:18.427432448+00:00,False,
2020-12-06 22:10:58.220065536+00:00,2020-12-06 22:11:03.520065536+00:00,False,
2020-12-06 22:15:53.300456704+00:00,2020-12-06 22:15:58.600456704+00:00,False,
2020-12-06 22:16:39.118698496+00:00,2020-12-06 22:16:44.418698496+00:00,False,
2020-12-06 22:18:24.097623040+00:00,2020-12-06 22:18:29.397623040+00:00,False,
2020-12-06 22:18:38.553228032+00:00,2020-12-06 22:18:43.853228032+00:00,False,
2020-12-06 22:19:03.364710400+00:00,2020-12-06 22:19:08.664710400+00:00,False,
2020-12-06 22:19:23.377112064+00:00,2020-12-06 22:19:28.677112064+00:00,False,
2020-12-06 22:19:43.385957120+00:00,2020-12-06 22:19:48.685957120+00:00,False,
2020-12-06 22:20:23.395101440+00:00,2020-12-06 22:20:28.695101440+00:00,False,
2020-12-06 22:25:58.407317760+00:00,2020-12-06 22:26:03.707317760+00:00,False,
2020-12-06 22:26:33.401059840+00:00,2020-12-06 22:26:38.701059840+00:00,False,
2020-12-06 22:29:33.974624512+00:00,2020-12-06 22:29:39.274624512+00:00,False,
2020-12-06 22:33:58.330496256+00:00,2020-12-06 22:34:03.630496256+00:00,False,
2020-12-06 22:37:43.295673088+00:00,2020-12-06 22:37:48.595673088+00:00,False,
2020-12-06 22:39:08.281035008+00:00,2020-12-06 22:39:13.581035008+00:00,False,
2020-12-06 22:39:28.277838848+00:00,2020-12-06 22:39:33.577838848+00:00,False,
2020-12-06 22:41:23.257091840+00:00,2020-12-06 22:41:28.557091840+00:00,False,
2020-12-06 22:44:43.824131584+00:00,2020-12-06 22:44:49.124131584+00:00,False,
2020-12-06 22:46:03.224442112+00:00,2020-12-06 22:46:08.524442112+00:00,False,
2020-12-06 22:47:35.440335104+00:00,2020-12-06 22:47:40.740335104+00:00,True,f
2020-12-06 22:54:13.242406656+00:00,2020-12-06 22:54:18.542406656+00:00,False,
2020-12-06 23:05:18.499214848+00:00,2020-12-06 23:05:23.799214848+00:00,False,
2020-12-06 23:07:28.167176960+00:00,2020-12-06 23:07:33.467176960+00:00,False,
2020-12-06 23:10:51.905747712+00:00,2020-12-06 23:10:57.205747712+00:00,True,f
2020-12-06 23:11:21.901987072+00:00,2020-12-06 23:11:27.201987072+00:00,False,
2020-12-06 23:11:46.901204224+00:00,2020-12-06 23:11:52.201204224+00:00,False,
2020-12-06 23:16:48.748909824+00:00,2020-12-06 23:16:54.048909824+00:00,False,
2020-12-06 23:27:58.331003648+00:00,2020-12-06 23:28:03.631003648+00:00,False,
2020-12-06 23:30:23.333293568+00:00,2020-12-06 23:30:28.633293568+00:00,False,
2020-12-06 23:31:48.291576576+00:00,2020-12-06 23:31:53.591576576+00:00,False,
2020-12-06 23:33:23.284279552+00:00,2020-12-06 23:33:28.584279552+00:00,False,
2020-12-06 23:35:03.450112256+00:00,2020-12-06 23:35:08.750112256+00:00,False,
2020-12-06 23:39:08.566901248+00:00,2020-12-06 23:39:13.866901248+00:00,False,
2020-12-06 23:42:43.659300864+00:00,2020-12-06 23:42:48.959300864+00:00,False,
2020-12-06 23:43:33.697511680+00:00,2020-12-06 23:43:38.997511680+00:00,False,
2020-12-06 23:46:14.315778048+00:00,2020-12-06 23:46:19.615778048+00:00,False,
2020-12-06 23:46:33.772081664+00:00,2020-12-06 23:46:39.072081664+00:00,False,
2020-12-06 23:47:23.900091136+00:00,2020-12-06 23:47:29.200091136+00:00,False,
2020-12-06 23:50:38.914991360+00:00,2020-12-06 23:50:44.214991360+00:00,False,
2020-12-06 23:53:09.037300736+00:00,2020-12-06 23:53:14.337300736+00:00,False,
2020-12-06 23:55:44.116418560+00:00,2020-12-06 23:55:49.416418560+00:00,False,
2020-12-07 00:02:02.955475712+00:00,2020-12-07 00:02:08.255475712+00:00,True,s
2020-12-07 00:03:14.279252480+00:00,2020-12-07 00:03:19.579252480+00:00,False,
2020-12-07 00:05:09.324325376+00:00,2020-12-07 00:05:14.624325376+00:00,False,
2020-12-07 00:05:34.333281536+00:00,2020-12-07 00:05:39.633281536+00:00,False,
2020-12-07 00:11:59.421356800+00:00,2020-12-07 00:12:04.721356800+00:00,False,
2020-12-07 00:12:29.442759424+00:00,2020-12-07 00:12:34.742759424+00:00,False,
2020-12-07 00:18:37.773577728+00:00,2020-12-07 00:18:43.073577728+00:00,False,
2020-12-07 00:25:34.375595264+00:00,2020-12-07 00:25:39.675595264+00:00,False,
2020-12-07 00:27:49.344613888+00:00,2020-12-07 00:27:54.644613888+00:00,False,
2020-12-07 00:29:29.328999680+00:00,2020-12-07 00:29:34.628999680+00:00,False,
2020-12-07 00:31:42.409331456+00:00,2020-12-07 00:31:47.709331456+00:00,True,s
2020-12-07 00:39:34.770695168+00:00,2020-12-07 00:39:40.070695168+00:00,False,
2020-12-07 00:42:54.280921088+00:00,2020-12-07 00:42:59.580921088+00:00,False,
2020-12-07 00:47:04.159648512+00:00,2020-12-07 00:47:09.459648512+00:00,False,
2020-12-07 00:49:07.439949312+00:00,2020-12-07 00:49:12.739949312+00:00,True,s
2020-12-07 00:54:19.246697728+00:00,2020-12-07 00:54:24.546697728+00:00,True,s
2020-12-07 00:57:49.231486464+00:00,2020-12-07 00:57:54.531486464+00:00,False,
2020-12-07 01:04:04.233891840+00:00,2020-12-07 01:04:09.533891840+00:00,False,
2020-12-07 01:07:39.194704640+00:00,2020-12-07 01:07:44.494704640+00:00,False,
2020-12-07 01:11:49.154287616+00:00,2020-12-07 01:11:54.454287616+00:00,False,
2020-12-07 01:22:54.037224960+00:00,2020-12-07 01:22:59.337224960+00:00,False,
2020-12-07 01:27:56.045043456+00:00,2020-12-07 01:28:01.345043456+00:00,True,s
2020-12-07 01:40:18.851027456+00:00,2020-12-07 01:40:24.151027456+00:00,False,
2020-12-07 01:40:33.848765696+00:00,2020-12-07 01:40:39.148765696+00:00,False,
2020-12-07 01:44:21.837213696+00:00,2020-12-07 01:44:27.137213696+00:00,False,
2020-12-07 01:47:14.771461888+00:00,2020-12-07 01:47:20.071461888+00:00,True,s
2020-12-07 01:52:59.733749504+00:00,2020-12-07 01:53:05.033749504+00:00,True,s
2020-12-07 01:56:33.654179328+00:00,2020-12-07 01:56:38.954179328+00:00,True,s
2020-12-07 01:58:03.661240064+00:00,2020-12-07 01:58:08.961240064+00:00,False,
2020-12-07 02:02:33.613198848+00:00,2020-12-07 02:02:38.913198848+00:00,False,
2020-12-07 02:06:03.574497792+00:00,2020-12-07 02:06:08.874497792+00:00,False,
2020-12-07 02:10:40.602543360+00:00,2020-12-07 02:10:45.902543360+00:00,True,f
2020-12-07 02:11:43.533500160+00:00,2020-12-07 02:11:48.833500160+00:00,False,
2020-12-07 02:17:54.366082048+00:00,2020-12-07 02:17:59.666082048+00:00,False,
2020-12-07 02:21:21.607868160+00:00,2020-12-07 02:21:26.907868160+00:00,True,s
2020-12-07 02:24:13.620561664+00:00,2020-12-07 02:24:18.920561664+00:00,False,
2020-12-07 02:31:06.631268608+00:00,2020-12-07 02:31:11.931268608+00:00,False,
2020-12-07 02:31:23.646027264+00:00,2020-12-07 02:31:28.946027264+00:00,False,
2020-12-07 02:32:09.274059776+00:00,2020-12-07 02:32:14.574059776+00:00,False,
2020-12-07 02:33:00.769091584+00:00,2020-12-07 02:33:06.069091584+00:00,False,
2020-12-07 02:33:06.716025856+00:00,2020-12-07 02:33:12.016025856+00:00,False,
2020-12-07 02:43:11.624424448+00:00,2020-12-07 02:43:16.924424448+00:00,False,
2020-12-07 02:47:33.557136640+00:00,2020-12-07 02:47:38.857136640+00:00,False,
2020-12-07 02:47:58.553596416+00:00,2020-12-07 02:48:03.853596416+00:00,False,
2020-12-07 02:48:54.315830272+00:00,2020-12-07 02:48:59.615830272+00:00,False,
2020-12-07 02:50:22.342419712+00:00,2020-12-07 02:50:27.642419712+00:00,False,
2020-12-07 02:50:43.544016128+00:00,2020-12-07 02:50:48.844016128+00:00,False,
2020-12-07 02:58:13.467798528+00:00,2020-12-07 02:58:18.767798528+00:00,False,
2020-12-07 02:59:03.525209856+00:00,2020-12-07 02:59:08.825209856+00:00,False,
2020-12-07 03:05:21.397888+00:00,2020-12-07 03:05:26.697888+00:00,False,
2020-12-07 03:08:08.368726528+00:00,2020-12-07 03:08:13.668726528+00:00,True,f
2020-12-07 03:13:08.322392320+00:00,2020-12-07 03:13:13.622392320+00:00,False,
2020-12-07 03:18:13.283609344+00:00,2020-12-07 03:18:18.583609344+00:00,False,
2020-12-07 03:23:21.197494272+00:00,2020-12-07 03:23:26.497494272+00:00,False,
2020-12-07 03:28:33.843343104+00:00,2020-12-07 03:28:39.143343104+00:00,False,
2020-12-07 03:30:26.119272704+00:00,2020-12-07 03:30:31.419272704+00:00,False,
2020-12-07 03:33:11.097884928+00:00,2020-12-07 03:33:16.397884928+00:00,False,
2020-12-07 03:51:57.920487168+00:00,2020-12-07 03:52:03.220487168+00:00,False,
2020-12-07 03:52:52.909184+00:00,2020-12-07 03:52:58.209184+00:00,False,
2020-12-07 04:14:57.895304448+00:00,2020-12-07 04:15:03.195304448+00:00,False,
2020-12-07 04:19:12.702276352+00:00,2020-12-07 04:19:18.002276352+00:00,False,
2020-12-07 04:22:16.623102464+00:00,2020-12-07 04:22:21.923102464+00:00,False,
2020-12-07 04:23:06.612786944+00:00,2020-12-07 04:23:11.912786944+00:00,False,
2020-12-07 04:23:16.610741504+00:00,2020-12-07 04:23:21.910741504+00:00,False,
2020-12-07 04:23:36.607491840+00:00,2020-12-07 04:23:41.907491840+00:00,False,
2020-12-07 04:24:16.599349504+00:00,2020-12-07 04:24:21.899349504+00:00,False,
2020-12-07 04:24:46.593346816+00:00,2020-12-07 04:24:51.893346816+00:00,False,
2020-12-07 04:25:56.579906304+00:00,2020-12-07 04:26:01.879906304+00:00,False,
2020-12-07 04:26:16.576235264+00:00,2020-12-07 04:26:21.876235264+00:00,False,
2020-12-07 04:32:57.512397824+00:00,2020-12-07 04:33:02.812397824+00:00,True,s
2020-12-07 04:33:07.511066112+00:00,2020-12-07 04:33:12.811066112+00:00,False,
2020-12-07 04:46:07.371000064+00:00,2020-12-07 04:46:12.671000064+00:00,False,
2020-12-07 04:48:42.363631360+00:00,2020-12-07 04:48:47.663631360+00:00,False,
2020-12-07 04:58:22.350202368+00:00,2020-12-07 04:58:27.650202368+00:00,True,s
2020-12-07 04:58:33.038450432+00:00,2020-12-07 04:58:38.338450432+00:00,False,
2020-12-07 17:23:51.575924736+00:00,2020-12-07 17:23:56.875924736+00:00,False,
2020-12-07 17:24:41.567698432+00:00,2020-12-07 17:24:46.867698432+00:00,False,
2020-12-07 17:25:51.898151168+00:00,2020-12-07 17:25:57.198151168+00:00,False,
2020-12-07 17:27:56.538214144+00:00,2020-12-07 17:28:01.838214144+00:00,False,
2020-12-07 17:33:36.476286720+00:00,2020-12-07 17:33:41.776286720+00:00,False,
2020-12-07 17:34:01.640023552+00:00,2020-12-07 17:34:06.940023552+00:00,True,s
2020-12-07 17:35:01.631953664+00:00,2020-12-07 17:35:06.931953664+00:00,False,
2020-12-07 17:36:26.448810240+00:00,2020-12-07 17:36:31.748810240+00:00,False,
2020-12-07 17:38:36.428166400+00:00,2020-12-07 17:38:41.728166400+00:00,False,
2020-12-07 17:39:06.589782016+00:00,2020-12-07 17:39:11.889782016+00:00,True,s
2020-12-07 17:39:51.977784576+00:00,2020-12-07 17:39:57.277784576+00:00,True,s
2020-12-07 17:40:56.406693376+00:00,2020-12-07 17:41:01.706693376+00:00,False,
2020-12-07 17:43:45.816531968+00:00,2020-12-07 17:43:51.116531968+00:00,True,s
2020-12-07 17:55:56.793577216+00:00,2020-12-07 17:56:02.093577216+00:00,False,
2020-12-07 18:01:41.211262720+00:00,2020-12-07 18:01:46.511262720+00:00,False,
2020-12-07 18:05:56.167512576+00:00,2020-12-07 18:06:01.467512576+00:00,False,
2020-12-07 18:10:21.281637632+00:00,2020-12-07 18:10:26.581637632+00:00,False,
2020-12-07 18:12:11.554876160+00:00,2020-12-07 18:12:16.854876160+00:00,False,
2020-12-07 18:18:01.044552704+00:00,2020-12-07 18:18:06.344552704+00:00,False,
2020-12-07 18:19:11.188458752+00:00,2020-12-07 18:19:16.488458752+00:00,False,
2020-12-07 18:24:36.967411200+00:00,2020-12-07 18:24:42.267411200+00:00,False,
2020-12-07 18:27:06.939723776+00:00,2020-12-07 18:27:12.239723776+00:00,False,
2020-12-07 18:28:46.098604032+00:00,2020-12-07 18:28:51.398604032+00:00,False,
2020-12-07 18:30:06.915680768+00:00,2020-12-07 18:30:12.215680768+00:00,False,
2020-12-07 18:39:50.983564800+00:00,2020-12-07 18:39:56.283564800+00:00,False,
2020-12-07 18:41:01.238279680+00:00,2020-12-07 18:41:06.538279680+00:00,False,
2020-12-07 18:44:29.206854912+00:00,2020-12-07 18:44:34.506854912+00:00,True,s
2020-12-07 18:45:21.189019904+00:00,2020-12-07 18:45:26.489019904+00:00,False,
2020-12-07 18:48:16.156473344+00:00,2020-12-07 18:48:21.456473344+00:00,False,
2020-12-07 18:53:20.698226176+00:00,2020-12-07 18:53:25.998226176+00:00,False,
2020-12-07 18:53:50.702955776+00:00,2020-12-07 18:53:56.002955776+00:00,False,
2020-12-07 18:55:05.020327168+00:00,2020-12-07 18:55:10.320327168+00:00,False,
2020-12-07 18:59:35.632993280+00:00,2020-12-07 18:59:40.932993280+00:00,False,
2020-12-07 19:00:00.632271872+00:00,2020-12-07 19:00:05.932271872+00:00,False,
2020-12-07 19:02:00.610796544+00:00,2020-12-07 19:02:05.910796544+00:00,False,
2020-12-07 19:02:50.996196096+00:00,2020-12-07 19:02:56.296196096+00:00,False,
2020-12-07 19:03:20.991304192+00:00,2020-12-07 19:03:26.291304192+00:00,False,
2020-12-07 19:03:31.458785280+00:00,2020-12-07 19:03:36.758785280+00:00,False,
2020-12-07 19:03:58.422377728+00:00,2020-12-07 19:04:03.722377728+00:00,True,s
2020-12-07 19:04:31.726219008+00:00,2020-12-07 19:04:37.026219008+00:00,False,
2020-12-07 19:06:56.771505664+00:00,2020-12-07 19:07:02.071505664+00:00,False,
2020-12-07 19:12:35.514259968+00:00,2020-12-07 19:12:40.814259968+00:00,False,
2020-12-07 19:13:20.509142784+00:00,2020-12-07 19:13:25.809142784+00:00,False,
2020-12-07 19:31:20.339905536+00:00,2020-12-07 19:31:25.639905536+00:00,False,
2020-12-07 19:32:55.367531776+00:00,2020-12-07 19:33:00.667531776+00:00,False,
2020-12-07 19:36:55.306292224+00:00,2020-12-07 19:37:00.606292224+00:00,False,
2020-12-07 19:39:40.240142080+00:00,2020-12-07 19:39:45.540142080+00:00,False,
2020-12-07 19:42:50.054777856+00:00,2020-12-07 19:42:55.354777856+00:00,True,s
2020-12-07 19:44:44.604790016+00:00,2020-12-07 19:44:49.904790016+00:00,True,s
2020-12-07 19:45:25.179463936+00:00,2020-12-07 19:45:30.479463936+00:00,False,
2020-12-07 19:46:20.227942400+00:00,2020-12-07 19:46:25.527942400+00:00,False,
2020-12-07 19:47:50.154367488+00:00,2020-12-07 19:47:55.454367488+00:00,False,
2020-12-07 19:49:06.774625792+00:00,2020-12-07 19:49:12.074625792+00:00,False,
2020-12-07 19:51:55.109701120+00:00,2020-12-07 19:52:00.409701120+00:00,False,
2020-12-07 19:53:20.101164544+00:00,2020-12-07 19:53:25.401164544+00:00,False,
2020-12-07 19:55:55.085380352+00:00,2020-12-07 19:56:00.385380352+00:00,False,
2020-12-07 19:59:47.821606144+00:00,2020-12-07 19:59:53.121606144+00:00,False,
2020-12-07 20:06:14.971731968+00:00,2020-12-07 20:06:20.271731968+00:00,False,
2020-12-07 20:06:29.970538240+00:00,2020-12-07 20:06:35.270538240+00:00,False,
2020-12-07 20:14:14.892735232+00:00,2020-12-07 20:14:20.192735232+00:00,False,
2020-12-07 20:21:54.813587968+00:00,2020-12-07 20:22:00.113587968+00:00,False,
2020-12-07 20:24:34.787623680+00:00,2020-12-07 20:24:40.087623680+00:00,False,
2020-12-07 20:26:20.028147200+00:00,2020-12-07 20:26:25.328147200+00:00,False,
2020-12-07 20:36:59.690665728+00:00,2020-12-07 20:37:04.990665728+00:00,False,
2020-12-07 20:46:29.606264576+00:00,2020-12-07 20:46:34.906264576+00:00,False,
2020-12-07 20:50:29.666522624+00:00,2020-12-07 20:50:34.966522624+00:00,False,
2020-12-07 20:55:14.517842688+00:00,2020-12-07 20:55:19.817842688+00:00,False,
2020-12-07 20:55:24.516634880+00:00,2020-12-07 20:55:29.816634880+00:00,False,
2020-12-07 20:58:04.720797952+00:00,2020-12-07 20:58:10.020797952+00:00,False,
2020-12-07 21:01:29.461140224+00:00,2020-12-07 21:01:34.761140224+00:00,False,
2020-12-07 21:07:24.391298304+00:00,2020-12-07 21:07:29.691298304+00:00,False,
2020-12-07 21:07:54.388059392+00:00,2020-12-07 21:07:59.688059392+00:00,False,
2020-12-07 21:13:19.333584896+00:00,2020-12-07 21:13:24.633584896+00:00,False,
2020-12-07 21:15:19.312508416+00:00,2020-12-07 21:15:24.612508416+00:00,False,
2020-12-07 21:17:24.290290432+00:00,2020-12-07 21:17:29.590290432+00:00,False,
2020-12-07 21:22:15.192186880+00:00,2020-12-07 21:22:20.492186880+00:00,False,
2020-12-07 21:24:34.224007680+00:00,2020-12-07 21:24:39.524007680+00:00,False,
2020-12-07 21:26:00.006814464+00:00,2020-12-07 21:26:05.306814464+00:00,False,
2020-12-07 21:30:29.604671232+00:00,2020-12-07 21:30:34.904671232+00:00,False,
2020-12-07 21:33:04.138141184+00:00,2020-12-07 21:33:09.438141184+00:00,False,
2020-12-07 21:35:09.129952512+00:00,2020-12-07 21:35:14.429952512+00:00,False,
2020-12-07 21:37:54.327446784+00:00,2020-12-07 21:37:59.627446784+00:00,False,
2020-12-07 21:41:14.225687552+00:00,2020-12-07 21:41:19.525687552+00:00,False,
2020-12-07 21:47:39.319760128+00:00,2020-12-07 21:47:44.619760128+00:00,False,
2020-12-07 21:48:24.327104768+00:00,2020-12-07 21:48:29.627104768+00:00,False,
2020-12-07 21:49:14.342023168+00:00,2020-12-07 21:49:19.642023168+00:00,False,
2020-12-07 21:53:34.293831936+00:00,2020-12-07 21:53:39.593831936+00:00,False,
2020-12-07 21:54:53.254027008+00:00,2020-12-07 21:54:58.554027008+00:00,False,
2020-12-07 21:55:09.754290432+00:00,2020-12-07 21:55:15.054290432+00:00,False,
2020-12-07 21:55:19.275633408+00:00,2020-12-07 21:55:24.575633408+00:00,False,
2020-12-07 22:00:44.227320576+00:00,2020-12-07 22:00:49.527320576+00:00,False,
2020-12-07 22:02:24.208693760+00:00,2020-12-07 22:02:29.508693760+00:00,False,
2020-12-07 22:04:19.187774464+00:00,2020-12-07 22:04:24.487774464+00:00,False,
2020-12-07 22:04:54.215450112+00:00,2020-12-07 22:04:59.515450112+00:00,False,
2020-12-07 22:07:24.158799616+00:00,2020-12-07 22:07:29.458799616+00:00,False,
2020-12-07 22:10:29.128464640+00:00,2020-12-07 22:10:34.428464640+00:00,False,
2020-12-07 22:12:59.869171712+00:00,2020-12-07 22:13:05.169171712+00:00,False,
2020-12-07 22:16:43.033134080+00:00,2020-12-07 22:16:48.333134080+00:00,False,
2020-12-07 22:17:59.054075392+00:00,2020-12-07 22:18:04.354075392+00:00,False,
2020-12-07 22:21:24.022835712+00:00,2020-12-07 22:21:29.322835712+00:00,False,
2020-12-07 22:22:24.012282880+00:00,2020-12-07 22:22:29.312282880+00:00,False,
2020-12-07 22:23:38.999212800+00:00,2020-12-07 22:23:44.299212800+00:00,False,
2020-12-07 22:24:28.991791360+00:00,2020-12-07 22:24:34.291791360+00:00,False,
2020-12-07 22:25:33.980544512+00:00,2020-12-07 22:25:39.280544512+00:00,False,
2020-12-07 22:26:44.309660928+00:00,2020-12-07 22:26:49.609660928+00:00,False,
2020-12-07 22:30:08.981206016+00:00,2020-12-07 22:30:14.281206016+00:00,False,
2020-12-07 22:32:59.047674112+00:00,2020-12-07 22:33:04.347674112+00:00,False,
2020-12-07 22:35:59.105179136+00:00,2020-12-07 22:36:04.405179136+00:00,False,
2020-12-07 22:36:59.119471616+00:00,2020-12-07 22:37:04.419471616+00:00,False,
2020-12-07 22:37:28.118088192+00:00,2020-12-07 22:37:33.418088192+00:00,False,
2020-12-07 22:38:09.119486976+00:00,2020-12-07 22:38:14.419486976+00:00,False,
2020-12-07 22:47:54.706546176+00:00,2020-12-07 22:48:00.006546176+00:00,False,
2020-12-07 22:49:09.337721088+00:00,2020-12-07 22:49:14.637721088+00:00,False,
2020-12-07 22:54:24.529165824+00:00,2020-12-07 22:54:29.829165824+00:00,False,
2020-12-07 23:07:34.819703552+00:00,2020-12-07 23:07:40.119703552+00:00,False,
2020-12-07 23:07:48.368983296+00:00,2020-12-07 23:07:53.668983296+00:00,False,
2020-12-07 23:10:19.847616512+00:00,2020-12-07 23:10:25.147616512+00:00,False,
2020-12-07 23:17:24.391730176+00:00,2020-12-07 23:17:29.691730176+00:00,False,
2020-12-07 23:18:04.952454912+00:00,2020-12-07 23:18:10.252454912+00:00,False,
2020-12-07 23:23:03.225110528+00:00,2020-12-07 23:23:08.525110528+00:00,False,
2020-12-07 23:26:50.031308288+00:00,2020-12-07 23:26:55.331308288+00:00,False,
2020-12-07 23:27:55.577000960+00:00,2020-12-07 23:28:00.877000960+00:00,False,
2020-12-07 23:30:20.675898880+00:00,2020-12-07 23:30:25.975898880+00:00,False,
2020-12-07 23:31:30.110158848+00:00,2020-12-07 23:31:35.410158848+00:00,True,f
2020-12-07 23:34:10.091027968+00:00,2020-12-07 23:34:15.391027968+00:00,False,
2020-12-07 23:34:34.103352064+00:00,2020-12-07 23:34:39.403352064+00:00,True,s
2020-12-07 23:35:25.241194240+00:00,2020-12-07 23:35:30.541194240+00:00,False,
2020-12-07 23:36:05.069191936+00:00,2020-12-07 23:36:10.369191936+00:00,False,
2020-12-07 23:40:00.858868224+00:00,2020-12-07 23:40:06.158868224+00:00,False,
2020-12-07 23:41:29.129534976+00:00,2020-12-07 23:41:34.429534976+00:00,False,
2020-12-07 23:42:45.001148672+00:00,2020-12-07 23:42:50.301148672+00:00,False,
2020-12-07 23:44:24.721400832+00:00,2020-12-07 23:44:30.021400832+00:00,False,
2020-12-07 23:45:34.972930816+00:00,2020-12-07 23:45:40.272930816+00:00,False,
2020-12-07 23:45:50.261382912+00:00,2020-12-07 23:45:55.561382912+00:00,False,
2020-12-07 23:47:54.949097472+00:00,2020-12-07 23:48:00.249097472+00:00,False,
2020-12-07 23:48:14.946907904+00:00,2020-12-07 23:48:20.246907904+00:00,False,
2020-12-07 23:50:05.604262912+00:00,2020-12-07 23:50:10.904262912+00:00,False,
2020-12-07 23:52:04.909329152+00:00,2020-12-07 23:52:10.209329152+00:00,False,
2020-12-07 23:53:07.919192064+00:00,2020-12-07 23:53:13.219192064+00:00,True,f
2020-12-07 23:54:10.660232448+00:00,2020-12-07 23:54:15.960232448+00:00,False,
2020-12-07 23:55:09.876871424+00:00,2020-12-07 23:55:15.176871424+00:00,False,
2020-12-08 00:00:09.822596096+00:00,2020-12-08 00:00:15.122596096+00:00,False,
2020-12-08 00:01:09.813244416+00:00,2020-12-08 00:01:15.113244416+00:00,False,
2020-12-08 00:11:20.596605696+00:00,2020-12-08 00:11:25.896605696+00:00,False,
2020-12-08 00:11:38.816119296+00:00,2020-12-08 00:11:44.116119296+00:00,False,
2020-12-08 00:12:19.699674368+00:00,2020-12-08 00:12:24.999674368+00:00,False,
2020-12-08 00:17:51.060393728+00:00,2020-12-08 00:17:56.360393728+00:00,False,
2020-12-08 00:19:04.633929984+00:00,2020-12-08 00:19:09.933929984+00:00,False,
2020-12-08 00:19:24.631726592+00:00,2020-12-08 00:19:29.931726592+00:00,False,
2020-12-08 00:26:59.558374656+00:00,2020-12-08 00:27:04.858374656+00:00,False,
2020-12-08 00:27:13.647635968+00:00,2020-12-08 00:27:18.947635968+00:00,False,
2020-12-08 00:27:34.553042944+00:00,2020-12-08 00:27:39.853042944+00:00,False,
2020-12-08 00:29:44.531635968+00:00,2020-12-08 00:29:49.831635968+00:00,False,
2020-12-08 00:30:39.521183232+00:00,2020-12-08 00:30:44.821183232+00:00,False,
2020-12-08 00:35:49.598032896+00:00,2020-12-08 00:35:54.898032896+00:00,True,f
2020-12-08 00:36:44.626465536+00:00,2020-12-08 00:36:49.926465536+00:00,False,
2020-12-08 00:37:19.637681920+00:00,2020-12-08 00:37:24.937681920+00:00,False,
2020-12-08 00:38:09.662582784+00:00,2020-12-08 00:38:14.962582784+00:00,False,
2020-12-08 00:38:44.680449792+00:00,2020-12-08 00:38:49.980449792+00:00,False,
2020-12-08 00:38:54.686363648+00:00,2020-12-08 00:38:59.986363648+00:00,False,
2020-12-08 00:39:33.558550784+00:00,2020-12-08 00:39:38.858550784+00:00,True,s
2020-12-08 00:41:49.796785664+00:00,2020-12-08 00:41:55.096785664+00:00,False,
2020-12-08 01:03:25.200477440+00:00,2020-12-08 01:03:30.500477440+00:00,False,
2020-12-08 01:03:45.198306816+00:00,2020-12-08 01:03:50.498306816+00:00,False,
2020-12-08 01:04:50.296872960+00:00,2020-12-08 01:04:55.596872960+00:00,False,
2020-12-08 01:06:25.196352512+00:00,2020-12-08 01:06:30.496352512+00:00,False,
2020-12-08 01:12:25.907933440+00:00,2020-12-08 01:12:31.207933440+00:00,False,
2020-12-08 01:14:20.243012864+00:00,2020-12-08 01:14:25.543012864+00:00,False,
2020-12-08 01:15:25.237182720+00:00,2020-12-08 01:15:30.537182720+00:00,False,
2020-12-08 01:16:55.233137920+00:00,2020-12-08 01:17:00.533137920+00:00,False,
2020-12-08 01:20:05.223166464+00:00,2020-12-08 01:20:10.523166464+00:00,False,
2020-12-08 01:26:20.380521984+00:00,2020-12-08 01:26:25.680521984+00:00,False,
2020-12-08 01:28:15.391505664+00:00,2020-12-08 01:28:20.691505664+00:00,False,
2020-12-08 01:28:35.767751168+00:00,2020-12-08 01:28:41.067751168+00:00,True,s
2020-12-08 01:36:48.214243328+00:00,2020-12-08 01:36:53.514243328+00:00,False,
2020-12-08 01:43:10.314265088+00:00,2020-12-08 01:43:15.614265088+00:00,False,
2020-12-08 01:46:06.944054784+00:00,2020-12-08 01:46:12.244054784+00:00,False,
2020-12-08 01:46:16.942492416+00:00,2020-12-08 01:46:22.242492416+00:00,False,
2020-12-08 01:46:36.938638848+00:00,2020-12-08 01:46:42.238638848+00:00,False,
2020-12-08 01:46:46.936964352+00:00,2020-12-08 01:46:52.236964352+00:00,False,
2020-12-08 01:50:25.242822144+00:00,2020-12-08 01:50:30.542822144+00:00,False,
2020-12-08 01:51:25.459088896+00:00,2020-12-08 01:51:30.759088896+00:00,False,
2020-12-08 01:57:40.207053312+00:00,2020-12-08 01:57:45.507053312+00:00,False,
2020-12-08 02:03:00.508048384+00:00,2020-12-08 02:03:05.808048384+00:00,False,
2020-12-08 02:08:02.091730432+00:00,2020-12-08 02:08:07.391730432+00:00,False,
2020-12-08 02:19:55.024657152+00:00,2020-12-08 02:20:00.324657152+00:00,False,
2020-12-08 02:22:00.008796160+00:00,2020-12-08 02:22:05.308796160+00:00,False,
2020-12-08 02:32:26.923514880+00:00,2020-12-08 02:32:32.223514880+00:00,False,
2020-12-08 02:36:48.024309248+00:00,2020-12-08 02:36:53.324309248+00:00,True,s
2020-12-08 02:52:29.769784064+00:00,2020-12-08 02:52:35.069784064+00:00,False,
2020-12-08 02:59:42.373599744+00:00,2020-12-08 02:59:47.673599744+00:00,False,
2020-12-08 03:08:44.662820608+00:00,2020-12-08 03:08:49.962820608+00:00,False,
2020-12-08 03:09:34.656354048+00:00,2020-12-08 03:09:39.956354048+00:00,False,
2020-12-08 03:12:39.624493824+00:00,2020-12-08 03:12:44.924493824+00:00,False,
2020-12-08 03:14:52.147194880+00:00,2020-12-08 03:14:57.447194880+00:00,False,
2020-12-08 03:15:59.608830464+00:00,2020-12-08 03:16:04.908830464+00:00,False,
2020-12-08 03:20:02.559353600+00:00,2020-12-08 03:20:07.859353600+00:00,True,f
2020-12-08 03:25:54.531283456+00:00,2020-12-08 03:25:59.831283456+00:00,False,
2020-12-08 03:34:29.442310912+00:00,2020-12-08 03:34:34.742310912+00:00,False,
2020-12-08 03:35:19.433249280+00:00,2020-12-08 03:35:24.733249280+00:00,False,
2020-12-08 03:36:16.895140352+00:00,2020-12-08 03:36:22.195140352+00:00,False,
2020-12-08 03:37:34.411303424+00:00,2020-12-08 03:37:39.711303424+00:00,False,
2020-12-08 03:39:59.389458688+00:00,2020-12-08 03:40:04.689458688+00:00,False,
2020-12-08 03:43:36.811552+00:00,2020-12-08 03:43:42.111552+00:00,False,
2020-12-08 03:47:49.304128+00:00,2020-12-08 03:47:54.604128+00:00,False,
2020-12-08 04:02:34.173633024+00:00,2020-12-08 04:02:39.473633024+00:00,False,
2020-12-08 04:06:06.184914944+00:00,2020-12-08 04:06:11.484914944+00:00,False,
2020-12-08 04:06:14.186106880+00:00,2020-12-08 04:06:19.486106880+00:00,False,
2020-12-08 04:09:54.197891328+00:00,2020-12-08 04:09:59.497891328+00:00,False,
2020-12-08 04:12:46.193825536+00:00,2020-12-08 04:12:51.493825536+00:00,False,
2020-12-08 04:20:04.241521152+00:00,2020-12-08 04:20:09.541521152+00:00,False,
2020-12-08 04:21:56.382480896+00:00,2020-12-08 04:22:01.682480896+00:00,False,
2020-12-08 04:25:11.917499392+00:00,2020-12-08 04:25:17.217499392+00:00,True,f
2020-12-08 04:26:11.345275648+00:00,2020-12-08 04:26:16.645275648+00:00,False,
2020-12-08 04:38:41.235695104+00:00,2020-12-08 04:38:46.535695104+00:00,False,
2020-12-08 04:39:21.688710912+00:00,2020-12-08 04:39:26.988710912+00:00,False,
2020-12-08 04:44:01.215746816+00:00,2020-12-08 04:44:06.515746816+00:00,False,
2020-12-08 04:44:24.774038784+00:00,2020-12-08 04:44:30.074038784+00:00,False,
2020-12-08 04:47:19.193587712+00:00,2020-12-08 04:47:24.493587712+00:00,False,
2020-12-08 04:47:56.180316416+00:00,2020-12-08 04:48:01.480316416+00:00,False,
2020-12-08 04:54:34.636672512+00:00,2020-12-08 04:54:39.936672512+00:00,False,
2020-12-08 04:54:51.140866560+00:00,2020-12-08 04:54:56.440866560+00:00,False,
2020-12-08 04:56:54.129015040+00:00,2020-12-08 04:56:59.429015040+00:00,False,
2020-12-08 05:00:24.137228544+00:00,2020-12-08 05:00:29.437228544+00:00,False,
2020-12-08 05:04:49.142583808+00:00,2020-12-08 05:04:54.442583808+00:00,False,
2020-12-08 05:07:46.125308928+00:00,2020-12-08 05:07:51.425308928+00:00,False,
2020-12-08 17:23:32.917238784+00:00,2020-12-08 17:23:38.217238784+00:00,False,
2020-12-08 17:26:18.283123968+00:00,2020-12-08 17:26:23.583123968+00:00,False,
2020-12-08 17:33:57.701488896+00:00,2020-12-08 17:34:03.001488896+00:00,False,
2020-12-08 17:34:29.064279552+00:00,2020-12-08 17:34:34.364279552+00:00,False,
2020-12-08 17:44:32.143814400+00:00,2020-12-08 17:44:37.443814400+00:00,False,
2020-12-08 17:47:57.647429632+00:00,2020-12-08 17:48:02.947429632+00:00,False,
2020-12-08 17:49:42.090872576+00:00,2020-12-08 17:49:47.390872576+00:00,False,
2020-12-08 17:51:02.901822720+00:00,2020-12-08 17:51:08.201822720+00:00,False,
2020-12-08 17:57:22.010805248+00:00,2020-12-08 17:57:27.310805248+00:00,False,
2020-12-08 18:00:03.815685888+00:00,2020-12-08 18:00:09.115685888+00:00,False,
2020-12-08 18:19:31.781408256+00:00,2020-12-08 18:19:37.081408256+00:00,False,
2020-12-08 18:21:56.760751360+00:00,2020-12-08 18:22:02.060751360+00:00,False,
2020-12-08 18:25:06.731468800+00:00,2020-12-08 18:25:12.031468800+00:00,False,
2020-12-08 18:33:35.364051200+00:00,2020-12-08 18:33:40.664051200+00:00,False,
2020-12-08 18:33:48.543669504+00:00,2020-12-08 18:33:53.843669504+00:00,True,s
2020-12-08 18:35:36.810598656+00:00,2020-12-08 18:35:42.110598656+00:00,False,
2020-12-08 18:36:01.806395136+00:00,2020-12-08 18:36:07.106395136+00:00,False,
2020-12-08 18:36:52.531560704+00:00,2020-12-08 18:36:57.831560704+00:00,True,s
2020-12-08 18:45:13.421885440+00:00,2020-12-08 18:45:18.721885440+00:00,True,s
2020-12-08 18:46:17.433314048+00:00,2020-12-08 18:46:22.733314048+00:00,False,
2020-12-08 18:46:51.734139904+00:00,2020-12-08 18:46:57.034139904+00:00,False,
2020-12-08 18:49:31.714521856+00:00,2020-12-08 18:49:37.014521856+00:00,False,
2020-12-08 18:53:50.677708288+00:00,2020-12-08 18:53:55.977708288+00:00,True,s
2020-12-08 19:05:06.658529792+00:00,2020-12-08 19:05:11.958529792+00:00,False,
2020-12-08 19:27:11.568548864+00:00,2020-12-08 19:27:16.868548864+00:00,True,s
2020-12-08 19:27:41.968086528+00:00,2020-12-08 19:27:47.268086528+00:00,False,
2020-12-08 19:31:21.607159552+00:00,2020-12-08 19:31:26.907159552+00:00,False,
2020-12-08 19:33:21.909224448+00:00,2020-12-08 19:33:27.209224448+00:00,False,
2020-12-08 19:34:22.553334784+00:00,2020-12-08 19:34:27.853334784+00:00,False,
2020-12-08 19:35:16.956430848+00:00,2020-12-08 19:35:22.256430848+00:00,False,
2020-12-08 19:36:26.746020352+00:00,2020-12-08 19:36:32.046020352+00:00,False,
2020-12-08 19:36:46.772830720+00:00,2020-12-08 19:36:52.072830720+00:00,False,
2020-12-08 19:40:51.890368768+00:00,2020-12-08 19:40:57.190368768+00:00,False,
2020-12-08 19:42:01.929295360+00:00,2020-12-08 19:42:07.229295360+00:00,False,
2020-12-08 19:43:41.977327360+00:00,2020-12-08 19:43:47.277327360+00:00,False,
2020-12-08 19:47:42.146477056+00:00,2020-12-08 19:47:47.446477056+00:00,False,
2020-12-08 19:52:10.983016960+00:00,2020-12-08 19:52:16.283016960+00:00,True,s
2020-12-08 19:53:51.973522432+00:00,2020-12-08 19:53:57.273522432+00:00,False,
2020-12-08 19:56:56.968406784+00:00,2020-12-08 19:57:02.268406784+00:00,False,
2020-12-08 20:04:06.479075840+00:00,2020-12-08 20:04:11.779075840+00:00,False,
2020-12-08 20:05:12.654381056+00:00,2020-12-08 20:05:17.954381056+00:00,True,s
2020-12-08 20:11:12.123421952+00:00,2020-12-08 20:11:17.423421952+00:00,False,
2020-12-08 20:11:57.116346880+00:00,2020-12-08 20:12:02.416346880+00:00,False,
2020-12-08 20:12:42.205939712+00:00,2020-12-08 20:12:47.505939712+00:00,False,
2020-12-08 20:16:27.142720512+00:00,2020-12-08 20:16:32.442720512+00:00,False,
2020-12-08 20:16:47.152844800+00:00,2020-12-08 20:16:52.452844800+00:00,False,
2020-12-08 20:17:32.167716352+00:00,2020-12-08 20:17:37.467716352+00:00,False,
2020-12-08 20:20:47.224438272+00:00,2020-12-08 20:20:52.524438272+00:00,False,
2020-12-08 20:21:11.234809856+00:00,2020-12-08 20:21:16.534809856+00:00,True,s
2020-12-08 20:21:27.258460928+00:00,2020-12-08 20:21:32.558460928+00:00,False,
2020-12-08 20:23:47.265267200+00:00,2020-12-08 20:23:52.565267200+00:00,False,
2020-12-08 20:26:57.196260352+00:00,2020-12-08 20:27:02.496260352+00:00,False,
2020-12-08 20:28:21.185210368+00:00,2020-12-08 20:28:26.485210368+00:00,True,s
2020-12-08 20:32:07.143460352+00:00,2020-12-08 20:32:12.443460352+00:00,False,
2020-12-08 20:32:22.141608960+00:00,2020-12-08 20:32:27.441608960+00:00,False,
2020-12-08 20:34:12.111846912+00:00,2020-12-08 20:34:17.411846912+00:00,False,
2020-12-08 20:34:27.350223872+00:00,2020-12-08 20:34:32.650223872+00:00,True,s
2020-12-08 20:34:42.346391808+00:00,2020-12-08 20:34:47.646391808+00:00,True,s
2020-12-08 20:34:57.343636992+00:00,2020-12-08 20:35:02.643636992+00:00,True,s
2020-12-08 20:36:22.100286720+00:00,2020-12-08 20:36:27.400286720+00:00,False,
2020-12-08 20:38:31.086571520+00:00,2020-12-08 20:38:36.386571520+00:00,True,s
2020-12-08 20:39:22.938811136+00:00,2020-12-08 20:39:28.238811136+00:00,False,
2020-12-08 20:41:41.070740736+00:00,2020-12-08 20:41:46.370740736+00:00,False,
2020-12-08 20:44:57.112746496+00:00,2020-12-08 20:45:02.412746496+00:00,False,
2020-12-08 20:45:47.242846976+00:00,2020-12-08 20:45:52.542846976+00:00,True,s
2020-12-08 20:47:52.433652224+00:00,2020-12-08 20:47:57.733652224+00:00,False,
2020-12-08 20:49:27.257283840+00:00,2020-12-08 20:49:32.557283840+00:00,False,
2020-12-08 20:49:36.231157248+00:00,2020-12-08 20:49:41.531157248+00:00,True,s
2020-12-08 20:52:41.321419264+00:00,2020-12-08 20:52:46.621419264+00:00,True,s
2020-12-08 20:54:21.217397760+00:00,2020-12-08 20:54:26.517397760+00:00,False,
2020-12-08 20:56:02.391505664+00:00,2020-12-08 20:56:07.691505664+00:00,False,
2020-12-08 20:59:52.429662208+00:00,2020-12-08 20:59:57.729662208+00:00,False,
2020-12-08 21:02:12.422755328+00:00,2020-12-08 21:02:17.722755328+00:00,False,
2020-12-08 21:04:28.149825536+00:00,2020-12-08 21:04:33.449825536+00:00,False,
2020-12-08 21:06:27.413317888+00:00,2020-12-08 21:06:32.713317888+00:00,False,
2020-12-08 21:11:07.377003008+00:00,2020-12-08 21:11:12.677003008+00:00,False,
2020-12-08 21:11:32.359622912+00:00,2020-12-08 21:11:37.659622912+00:00,False,
2020-12-08 21:16:27.363573248+00:00,2020-12-08 21:16:32.663573248+00:00,False,
2020-12-08 21:22:47.258803712+00:00,2020-12-08 21:22:52.558803712+00:00,True,s
2020-12-08 21:24:32.317268736+00:00,2020-12-08 21:24:37.617268736+00:00,False,
2020-12-08 21:26:58.286036992+00:00,2020-12-08 21:27:03.586036992+00:00,False,
2020-12-08 21:31:22.246036480+00:00,2020-12-08 21:31:27.546036480+00:00,False,
2020-12-08 21:33:02.230609664+00:00,2020-12-08 21:33:07.530609664+00:00,False,
2020-12-08 21:33:32.225678848+00:00,2020-12-08 21:33:37.525678848+00:00,False,
2020-12-08 21:36:37.228781568+00:00,2020-12-08 21:36:42.528781568+00:00,False,
2020-12-08 21:37:02.219206912+00:00,2020-12-08 21:37:07.519206912+00:00,False,
2020-12-08 21:40:42.225687040+00:00,2020-12-08 21:40:47.525687040+00:00,False,
2020-12-08 21:42:42.221616128+00:00,2020-12-08 21:42:47.521616128+00:00,False,
2020-12-08 21:49:27.251855616+00:00,2020-12-08 21:49:32.551855616+00:00,False,
2020-12-08 21:50:46.637920256+00:00,2020-12-08 21:50:51.937920256+00:00,False,
2020-12-08 21:56:07.345999616+00:00,2020-12-08 21:56:12.645999616+00:00,False,
2020-12-08 21:57:42.910580224+00:00,2020-12-08 21:57:48.210580224+00:00,False,
2020-12-08 21:58:13.383229952+00:00,2020-12-08 21:58:18.683229952+00:00,False,
2020-12-08 21:58:51.498080512+00:00,2020-12-08 21:58:56.798080512+00:00,True,s
2020-12-08 21:59:57.380525568+00:00,2020-12-08 22:00:02.680525568+00:00,False,
2020-12-08 22:01:27.380701696+00:00,2020-12-08 22:01:32.680701696+00:00,False,
2020-12-08 22:06:18.039433472+00:00,2020-12-08 22:06:23.339433472+00:00,False,
2020-12-08 22:07:02.388723456+00:00,2020-12-08 22:07:07.688723456+00:00,False,
2020-12-08 22:10:46.358277888+00:00,2020-12-08 22:10:51.658277888+00:00,True,s
2020-12-08 22:15:06.318295808+00:00,2020-12-08 22:15:11.618295808+00:00,False,
2020-12-08 22:15:26.230954240+00:00,2020-12-08 22:15:31.530954240+00:00,False,
2020-12-08 22:17:12.304817920+00:00,2020-12-08 22:17:17.604817920+00:00,False,
2020-12-08 22:17:52.286382848+00:00,2020-12-08 22:17:57.586382848+00:00,False,
2020-12-08 22:20:47.300093696+00:00,2020-12-08 22:20:52.600093696+00:00,False,
2020-12-08 22:23:37.352281344+00:00,2020-12-08 22:23:42.652281344+00:00,False,
2020-12-08 22:28:37.525678336+00:00,2020-12-08 22:28:42.825678336+00:00,False,
2020-12-08 22:30:06.550182912+00:00,2020-12-08 22:30:11.850182912+00:00,False,
2020-12-08 22:33:31.583999488+00:00,2020-12-08 22:33:36.883999488+00:00,True,s
2020-12-08 22:37:32.622835200+00:00,2020-12-08 22:37:37.922835200+00:00,False,
2020-12-08 22:37:41.628497664+00:00,2020-12-08 22:37:46.928497664+00:00,True,s
2020-12-08 22:39:31.270974976+00:00,2020-12-08 22:39:36.570974976+00:00,True,s
2020-12-08 22:41:10.263064832+00:00,2020-12-08 22:41:15.563064832+00:00,False,
2020-12-08 22:42:42.615780864+00:00,2020-12-08 22:42:47.915780864+00:00,False,
2020-12-08 22:43:27.607468032+00:00,2020-12-08 22:43:32.907468032+00:00,False,
2020-12-08 22:46:31.596668416+00:00,2020-12-08 22:46:36.896668416+00:00,True,s
2020-12-08 22:46:52.600912896+00:00,2020-12-08 22:46:57.900912896+00:00,False,
2020-12-08 22:48:42.624173312+00:00,2020-12-08 22:48:47.924173312+00:00,False,
2020-12-08 22:48:56.588948480+00:00,2020-12-08 22:49:01.888948480+00:00,True,s
2020-12-08 22:49:11.592103680+00:00,2020-12-08 22:49:16.892103680+00:00,True,s
2020-12-08 22:50:16.585291264+00:00,2020-12-08 22:50:21.885291264+00:00,False,
2020-12-08 22:54:17.566594560+00:00,2020-12-08 22:54:22.866594560+00:00,False,
2020-12-08 22:57:42.555892736+00:00,2020-12-08 22:57:47.855892736+00:00,False,
2020-12-08 22:59:47.584267520+00:00,2020-12-08 22:59:52.884267520+00:00,False,
2020-12-08 23:00:53.284252928+00:00,2020-12-08 23:00:58.584252928+00:00,False,
2020-12-08 23:01:27.612013056+00:00,2020-12-08 23:01:32.912013056+00:00,False,
2020-12-08 23:01:52.584311552+00:00,2020-12-08 23:01:57.884311552+00:00,False,
2020-12-08 23:06:32.525629440+00:00,2020-12-08 23:06:37.825629440+00:00,False,
2020-12-08 23:09:22.034546688+00:00,2020-12-08 23:09:27.334546688+00:00,False,
2020-12-08 23:10:32.482784512+00:00,2020-12-08 23:10:37.782784512+00:00,False,
2020-12-08 23:16:22.422866176+00:00,2020-12-08 23:16:27.722866176+00:00,False,
2020-12-08 23:16:41.963150336+00:00,2020-12-08 23:16:47.263150336+00:00,False,
2020-12-08 23:17:57.159509760+00:00,2020-12-08 23:18:02.459509760+00:00,False,
2020-12-08 23:18:07.157887744+00:00,2020-12-08 23:18:12.457887744+00:00,False,
2020-12-08 23:18:37.151637760+00:00,2020-12-08 23:18:42.451637760+00:00,False,
2020-12-08 23:19:39.848215296+00:00,2020-12-08 23:19:45.148215296+00:00,False,
2020-12-08 23:21:22.540482816+00:00,2020-12-08 23:21:27.840482816+00:00,False,
2020-12-08 23:23:07.366616576+00:00,2020-12-08 23:23:12.666616576+00:00,True,s
2020-12-08 23:25:12.645380864+00:00,2020-12-08 23:25:17.945380864+00:00,False,
2020-12-08 23:26:57.656071424+00:00,2020-12-08 23:27:02.956071424+00:00,False,
2020-12-08 23:30:32.289337856+00:00,2020-12-08 23:30:37.589337856+00:00,True,s
2020-12-08 23:34:12.717710336+00:00,2020-12-08 23:34:18.017710336+00:00,False,
2020-12-08 23:34:37.853021440+00:00,2020-12-08 23:34:43.153021440+00:00,False,
2020-12-08 23:34:47.713476352+00:00,2020-12-08 23:34:53.013476352+00:00,False,
2020-12-08 23:35:37.719333376+00:00,2020-12-08 23:35:43.019333376+00:00,False,
2020-12-08 23:36:34.711990784+00:00,2020-12-08 23:36:40.011990784+00:00,False,
2020-12-08 23:37:04.704635392+00:00,2020-12-08 23:37:10.004635392+00:00,False,
2020-12-08 23:39:57.689335552+00:00,2020-12-08 23:40:02.989335552+00:00,False,
2020-12-08 23:44:54.734755072+00:00,2020-12-08 23:45:00.034755072+00:00,False,
2020-12-08 23:47:11.803558656+00:00,2020-12-08 23:47:17.103558656+00:00,True,s
2020-12-08 23:48:24.766660864+00:00,2020-12-08 23:48:30.066660864+00:00,True,s
2020-12-08 23:48:47.181387264+00:00,2020-12-08 23:48:52.481387264+00:00,False,
2020-12-08 23:50:14.749715712+00:00,2020-12-08 23:50:20.049715712+00:00,False,
2020-12-08 23:51:57.967113472+00:00,2020-12-08 23:52:03.267113472+00:00,False,
2020-12-08 23:56:07.065548800+00:00,2020-12-08 23:56:12.365548800+00:00,True,s
2020-12-09 00:01:32.066839808+00:00,2020-12-09 00:01:37.366839808+00:00,True,s
2020-12-09 00:03:13.064318976+00:00,2020-12-09 00:03:18.364318976+00:00,False,
2020-12-09 00:04:53.090437888+00:00,2020-12-09 00:04:58.390437888+00:00,False,
2020-12-09 00:07:34.032763136+00:00,2020-12-09 00:07:39.332763136+00:00,False,
2020-12-09 00:17:53.167449344+00:00,2020-12-09 00:17:58.467449344+00:00,False,
2020-12-09 00:19:34.432152576+00:00,2020-12-09 00:19:39.732152576+00:00,False,
2020-12-09 00:26:57.202722304+00:00,2020-12-09 00:27:02.502722304+00:00,False,
2020-12-09 00:30:18.181876736+00:00,2020-12-09 00:30:23.481876736+00:00,False,
2020-12-09 00:31:44.296679680+00:00,2020-12-09 00:31:49.596679680+00:00,False,
2020-12-09 00:35:52.150636032+00:00,2020-12-09 00:35:57.450636032+00:00,False,
2020-12-09 00:40:03.173186048+00:00,2020-12-09 00:40:08.473186048+00:00,False,
2020-12-09 00:40:12.178509568+00:00,2020-12-09 00:40:17.478509568+00:00,True,s
2020-12-09 00:42:13.194446336+00:00,2020-12-09 00:42:18.494446336+00:00,False,
2020-12-09 00:47:08.284172800+00:00,2020-12-09 00:47:13.584172800+00:00,False,
2020-12-09 00:48:42.326190592+00:00,2020-12-09 00:48:47.626190592+00:00,True,s
2020-12-09 00:52:10.029033216+00:00,2020-12-09 00:52:15.329033216+00:00,False,
2020-12-09 00:52:54.196005376+00:00,2020-12-09 00:52:59.496005376+00:00,False,
2020-12-09 00:56:04.162515456+00:00,2020-12-09 00:56:09.462515456+00:00,False,
2020-12-09 00:57:22.519249664+00:00,2020-12-09 00:57:27.819249664+00:00,True,s
2020-12-09 00:59:18.549639424+00:00,2020-12-09 00:59:23.849639424+00:00,False,
2020-12-09 01:01:13.696866816+00:00,2020-12-09 01:01:18.996866816+00:00,False,
2020-12-09 01:01:48.590826496+00:00,2020-12-09 01:01:53.890826496+00:00,False,
2020-12-09 01:14:43.546230784+00:00,2020-12-09 01:14:48.846230784+00:00,False,
2020-12-09 01:18:40.552001280+00:00,2020-12-09 01:18:45.852001280+00:00,False,
2020-12-09 01:21:23.475999744+00:00,2020-12-09 01:21:28.775999744+00:00,False,
2020-12-09 01:22:03.470193152+00:00,2020-12-09 01:22:08.770193152+00:00,False,
2020-12-09 01:23:34.884460544+00:00,2020-12-09 01:23:40.184460544+00:00,True,s
2020-12-09 01:29:58.789562880+00:00,2020-12-09 01:30:04.089562880+00:00,False,
2020-12-09 01:30:13.381527552+00:00,2020-12-09 01:30:18.681527552+00:00,False,
2020-12-09 01:32:23.361233664+00:00,2020-12-09 01:32:28.661233664+00:00,False,
2020-12-09 01:35:58.364498432+00:00,2020-12-09 01:36:03.664498432+00:00,False,
2020-12-09 01:36:18.320252672+00:00,2020-12-09 01:36:23.620252672+00:00,False,
2020-12-09 01:44:13.633461504+00:00,2020-12-09 01:44:18.933461504+00:00,False,
2020-12-09 01:51:43.785765120+00:00,2020-12-09 01:51:49.085765120+00:00,False,
2020-12-09 01:53:23.301060864+00:00,2020-12-09 01:53:28.601060864+00:00,False,
2020-12-09 01:56:28.112332032+00:00,2020-12-09 01:56:33.412332032+00:00,False,
2020-12-09 02:01:29.033624064+00:00,2020-12-09 02:01:34.333624064+00:00,False,
2020-12-09 02:07:13.376792576+00:00,2020-12-09 02:07:18.676792576+00:00,False,
2020-12-09 02:11:42.969212416+00:00,2020-12-09 02:11:48.269212416+00:00,False,
2020-12-09 02:15:43.071478528+00:00,2020-12-09 02:15:48.371478528+00:00,False,
2020-12-09 02:23:32.846001152+00:00,2020-12-09 02:23:38.146001152+00:00,False,
2020-12-09 02:30:52.770657024+00:00,2020-12-09 02:30:58.070657024+00:00,False,
2020-12-09 02:34:08.771070464+00:00,2020-12-09 02:34:14.071070464+00:00,False,
2020-12-09 02:40:37.670163968+00:00,2020-12-09 02:40:42.970163968+00:00,False,
2020-12-09 02:43:42.642012416+00:00,2020-12-09 02:43:47.942012416+00:00,False,
2020-12-09 02:47:32.599074048+00:00,2020-12-09 02:47:37.899074048+00:00,False,
2020-12-09 02:47:47.932042752+00:00,2020-12-09 02:47:53.232042752+00:00,False,
2020-12-09 02:48:31.652392960+00:00,2020-12-09 02:48:36.952392960+00:00,True,s
2020-12-09 02:52:27.545821696+00:00,2020-12-09 02:52:32.845821696+00:00,False,
2020-12-09 03:10:52.673708544+00:00,2020-12-09 03:10:57.973708544+00:00,True,s
2020-12-09 03:17:12.291887872+00:00,2020-12-09 03:17:17.591887872+00:00,False,
2020-12-09 03:26:43.848100864+00:00,2020-12-09 03:26:49.148100864+00:00,True,s
2020-12-09 03:31:16.324764416+00:00,2020-12-09 03:31:21.624764416+00:00,True,s
2020-12-09 03:31:26.114847744+00:00,2020-12-09 03:31:31.414847744+00:00,False,
2020-12-09 03:32:21.209658368+00:00,2020-12-09 03:32:26.509658368+00:00,False,
2020-12-09 03:32:32.124934912+00:00,2020-12-09 03:32:37.424934912+00:00,False,
2020-12-09 03:35:42.097480192+00:00,2020-12-09 03:35:47.397480192+00:00,False,
2020-12-09 03:48:06.965327104+00:00,2020-12-09 03:48:12.265327104+00:00,False,
2020-12-09 03:53:21.910275328+00:00,2020-12-09 03:53:27.210275328+00:00,False,
2020-12-09 04:05:26.794685440+00:00,2020-12-09 04:05:32.094685440+00:00,False,
2020-12-09 04:12:51.721392640+00:00,2020-12-09 04:12:57.021392640+00:00,False,
2020-12-09 04:19:16.656962304+00:00,2020-12-09 04:19:21.956962304+00:00,False,
2020-12-09 04:30:06.552162560+00:00,2020-12-09 04:30:11.852162560+00:00,False,
2020-12-09 04:30:26.944031488+00:00,2020-12-09 04:30:32.244031488+00:00,False,
2020-12-09 04:37:41.598333440+00:00,2020-12-09 04:37:46.898333440+00:00,False,
2020-12-09 04:40:21.700100352+00:00,2020-12-09 04:40:27.000100352+00:00,False,
2020-12-09 04:41:15.626169856+00:00,2020-12-09 04:41:20.926169856+00:00,False,
2020-12-09 04:41:31.626511872+00:00,2020-12-09 04:41:36.926511872+00:00,False,
2020-12-09 04:44:01.618587648+00:00,2020-12-09 04:44:06.918587648+00:00,False,
2020-12-09 04:47:51.596177152+00:00,2020-12-09 04:47:56.896177152+00:00,False,
2020-12-09 04:53:26.536119296+00:00,2020-12-09 04:53:31.836119296+00:00,False,
2020-12-09 04:54:40.514564608+00:00,2020-12-09 04:54:45.814564608+00:00,False,
2020-12-09 04:58:11.493855488+00:00,2020-12-09 04:58:16.793855488+00:00,False,
2020-12-09 04:59:31.502646016+00:00,2020-12-09 04:59:36.802646016+00:00,False,
